sis_taxon_id,assessment_id,year_published
10030,495630,2020
11150,500780,2014
11200,500969,2019
12417,506633,2016
12695,507698,2019
13145,512306,2015
13520,514996,2014
154656,718371,2012
154708,718871,2014
154767,719371,2019
154871,720431,2025
155018,722547,2015
155020,722731,2020
155051,723579,2019
155080,723760,2019
155130,725623,2019
155152,726254,2016
155207,727668,2019
155259,728197,2019
155273,729102,2012
155535,732242,2014
155736,735697,2012
155980,738398,2013
15873,788483,2014
16012,816039,2017
161318,885767,2020
161331,886000,2020
161373,887217,2020
161378,887542,2021
161403,887942,2021
161436,888243,2020
161443,888910,2020
161514,889779,2020
161517,889953,2018
161518,890179,2021
161524,890428,2021
161564,890724,2020
161610,892763,2020
161681,893386,2020
161682,893530,2020
161696,894216,2019
161702,895848,2020
161718,896010,2020
161731,896169,2019
161743,896981,2020
162494,901754,2012
162495,901868,2012
162496,902152,2012
162497,902289,2012
162498,902737,2012
162499,903030,2012
162500,903191,2012
162501,903699,2012
162502,903824,2012
162503,904119,2012
162504,904257,2012
162505,904969,2012
162506,905720,2012
162507,905895,2019
162508,906118,2012
162509,906314,2012
162510,906617,2012
162511,906758,2012
162512,906905,2012
162513,907105,2012
162514,907364,2012
162515,907492,2012
162516,907630,2012
162517,907766,2012
162518,907876,2012
162519,908078,2012
162520,908215,2012
162521,908353,2012
162522,908576,2012
162523,908776,2012
162524,909251,2012
162525,909453,2012
162526,909581,2012
162527,909765,2012
162528,910154,2012
162529,910328,2012
162530,910475,2012
162532,910702,2012
162533,910843,2012
162535,911013,2012
162536,911229,2012
162537,911356,2012
162538,911484,2012
162539,911853,2012
162540,912120,2012
162541,912308,2012
162542,912464,2012
162543,912594,2012
162544,912737,2012
162545,912889,2012
162547,913028,2012
162548,913229,2012
162549,913525,2012
162550,913995,2012
162551,914143,2012
162552,914284,2012
162553,914520,2012
162554,914661,2012
162555,914962,2012
162556,915099,2012
162557,915487,2012
162558,915981,2012
162559,916159,2012
162560,916353,2012
162561,916691,2012
162562,916849,2012
162563,917042,2012
162564,917228,2012
162565,917517,2019
162566,918031,2012
162567,918228,2012
162568,918508,2012
162569,918649,2012
162570,918772,2012
162571,918906,2018
162572,919456,2012
162573,919654,2012
162574,919974,2012
162575,920117,2012
162576,920323,2012
162577,920458,2012
162578,920620,2012
162579,920760,2012
162580,921303,2012
162581,921723,2012
162582,921890,2012
162583,922038,2012
162584,922185,2012
162585,922477,2012
162586,922630,2012
162587,922936,2012
162588,923314,2012
162589,923484,2012
162590,923595,2012
162591,923737,2012
162592,923904,2012
162593,924035,2012
162594,924244,2012
162595,924623,2012
162596,924746,2012
162597,924899,2012
162598,925206,2012
162599,925343,2012
162600,925565,2012
162601,926074,2012
162602,926272,2012
162603,926402,2012
162604,926579,2012
162605,926842,2012
162606,927065,2012
162608,927246,2012
162609,927453,2012
162610,927727,2012
162611,928122,2012
162612,928263,2012
162613,928439,2012
162614,928571,2012
162615,928715,2012
162616,928874,2012
162617,929820,2012
162618,930024,2012
162619,930233,2012
162620,930451,2012
162621,930694,2012
162622,930857,2012
162623,931000,2012
162624,931149,2012
162625,931302,2012
162626,931440,2012
162627,931625,2012
162628,931900,2012
162629,932030,2012
162630,932240,2012
162631,932588,2012
162632,932860,2018
162633,933067,2012
162634,933220,2012
162635,933436,2012
162637,934021,2012
162638,934155,2012
162639,934341,2012
162640,934582,2012
162641,934740,2012
162642,934873,2012
162643,935016,2012
162644,935289,2012
162645,935830,2012
162646,936071,2012
162647,936237,2012
162648,936400,2012
162649,936570,2012
162650,936826,2012
162651,936975,2012
162652,937223,2012
162653,937367,2012
162654,937531,2012
162655,937665,2012
162656,937822,2012
162657,937941,2012
162658,938156,2012
162659,938307,2012
162660,938595,2012
162662,938919,2012
162663,939433,2012
162664,939991,2012
162665,940453,2012
162666,940677,2012
162667,940955,2012
162668,941205,2012
162669,941389,2012
162670,941509,2012
162672,941958,2012
162673,942356,2012
162674,942516,2012
162676,942672,2012
162677,942869,2012
162678,943019,2012
162679,943177,2012
162680,943377,2012
162681,943607,2012
162682,943839,2012
162683,944319,2012
162684,944514,2012
162685,944655,2012
162686,944773,2012
162687,944902,2012
162695,945167,2018
162696,945349,2018
162697,945505,2018
162698,945672,2018
162699,945856,2018
162700,946021,2018
162701,946212,2018
162702,946374,2018
162703,946530,2018
162704,946686,2018
162705,946862,2018
162706,946989,2018
162707,947157,2018
162708,947324,2018
162709,947487,2018
162710,947645,2018
162712,947986,2018
162713,948145,2018
162714,948327,2018
162715,948474,2018
162716,948614,2018
162717,948796,2018
162718,948963,2018
162719,949136,2018
162720,949315,2018
162721,949517,2018
162894,950290,2014
162897,950440,2018
162899,950548,2014
162900,951370,2014
162901,951553,2019
162902,951582,2014
162903,951656,2018
162904,951662,2014
162905,951790,2014
162906,951921,2014
162907,952117,2018
162908,952123,2014
162909,952287,2014
162910,952453,2014
162911,952525,2018
162912,952531,2018
162913,952657,2018
162914,952663,2018
162916,952917,2014
162917,953097,2014
162918,953226,2014
162919,953330,2014
162920,953650,2019
162922,953701,2014
162923,953836,2019
162924,953842,2018
162925,953880,2014
162926,954040,2014
162928,954300,2014
162929,954416,2018
162930,954587,2014
162931,954756,2014
162932,954911,2018
162933,954917,2014
162934,955048,2014
162935,955213,2019
162937,955266,2018
162938,955272,2014
162939,955442,2014
162940,955532,2019
162941,955561,2014
162942,955784,2014
162943,955940,2014
162944,956018,2014
162945,956126,2014
162946,956344,2014
162948,956543,2014
162950,957015,2014
162951,957202,2014
162952,957309,2014
162953,957461,2014
162954,957595,2018
162955,957634,2018
162956,957785,2014
162957,957947,2018
162958,958049,2018
162959,958088,2014
162961,958314,2014
162962,958515,2014
162963,958660,2018
162964,958755,2014
162966,958901,2018
162967,958991,2014
162968,959100,2014
162969,959236,2019
162970,959265,2024
162971,959408,2018
162972,959446,2014
162973,959574,2019
162974,959580,2018
162975,959619,2018
162976,959660,2018
162977,959666,2014
162978,959777,2018
162979,959815,2014
162980,959967,2014
162981,960084,2019
162982,960113,2014
162983,960225,2018
162984,960264,2014
162985,960386,2019
162986,960411,2014
162987,961381,2018
162988,961420,2014
162989,962316,2018
162990,962322,2018
162991,962363,2018
162992,962369,2018
162994,962458,2014
162996,962602,2014
162997,962708,2019
162998,962733,2018
162999,962739,2014
163002,962911,2014
163003,963101,2014
163004,963213,2018
163006,963299,2018
163007,963338,2014
163008,963400,2014
163009,963546,2019
163010,963585,2018
163011,963624,2014
163012,963752,2014
163013,963844,2018
163014,963929,2019
163015,964014,2018
163017,964020,2019
163018,964059,2019
163019,964098,2014
163020,964247,2019
163022,964335,2014
163024,964484,2014
163025,964592,2014
163026,964719,2014
163027,964854,2019
163028,964879,2014
163029,965050,2014
163030,965138,2014
163031,965248,2018
163032,965254,2018
163033,965260,2014
163034,965390,2018
163035,965504,2014
163036,965631,2018
163037,965731,2014
163038,965858,2014
163040,966011,2018
163041,966017,2019
163042,966023,2014
163045,966300,2019
163047,966407,2018
163048,966481,2018
163049,966574,2019
163050,966613,2014
163051,966807,2014
163052,966920,2014
163053,967084,2018
163054,967178,2014
163055,967286,2018
163056,967325,2014
163057,967471,2018
163058,967477,2019
163059,967524,2014
163060,967669,2018
163061,967770,2018
163063,967809,2014
163064,967913,2014
163065,968048,2014
163066,968180,2014
163067,968266,2014
163068,968435,2014
163069,968556,2018
163070,968562,2014
163071,968661,2014
163072,968832,2018
163073,968838,2014
163074,969042,2014
163075,969155,2014
163076,969231,2018
163077,969270,2014
163078,969485,2018
163079,969491,2014
163080,969616,2014
163081,970763,2019
163082,970785,2014
163083,970914,2014
163084,970997,2018
163085,971071,2014
163086,971305,2014
163087,971425,2018
163088,971465,2014
163089,971624,2014
163090,971748,2014
163091,971846,2018
163092,971852,2018
163093,971858,2024
163094,971967,2014
163095,972086,2014
163096,972523,2014
163097,972653,2019
163098,972659,2018
163099,972665,2018
163100,972671,2018
163101,972677,2014
163102,972797,2014
163103,973124,2018
163106,973179,2014
163107,973283,2018
163108,973433,2014
163109,973547,2018
163110,973553,2014
163111,973665,2018
163112,973704,2014
163113,973844,2018
163114,973850,2014
163115,974020,2019
163117,974161,2014
163118,974278,2014
163119,974426,2018
163121,974477,2014
163122,974582,2019
163124,974640,2018
163125,974732,2014
163126,974818,2018
163127,974824,2018
163128,974901,2018
163129,975002,2014
163130,975159,2018
163131,975198,2014
163132,975590,2014
163133,975726,2018
163134,975732,2014
163135,975841,2018
163137,975973,2018
163138,976076,2018
163139,976082,2019
163140,976168,2018
163141,976478,2014
163142,976711,2014
163143,976835,2014
163145,977068,2018
163146,977074,2014
163147,977211,2018
163148,977250,2019
163149,977279,2018
163150,977409,2018
163152,977501,2014
163155,978025,2014
163156,978168,2014
163157,978320,2014
163159,978478,2018
163160,978670,2014
163161,978847,2014
163162,979019,2014
163163,979160,2014
163164,979707,2018
163165,979795,2019
163166,979824,2018
163167,979917,2018
163168,979923,2018
163170,980001,2014
163171,980202,2019
163172,980241,2014
163173,980427,2018
163174,980433,2018
163175,980439,2018
163176,980445,2018
163177,980483,2014
163178,980634,2014
163179,980788,2014
163180,980948,2014
163181,981074,2014
163182,981207,2019
163183,981224,2018
163184,981263,2014
163185,981407,2018
163186,981413,2014
163187,981552,2014
163189,981746,2014
163190,981871,2014
163192,982042,2014
163194,982194,2014
163195,982275,2018
163196,982313,2019
163197,982342,2018
163199,982975,2018
163200,982981,2018
163201,982987,2018
163202,982993,2014
163203,983134,2014
163204,983300,2014
163205,983428,2019
163207,983527,2014
163208,984948,2018
163209,984954,2018
163210,985059,2018
163211,985065,2014
163213,985195,2019
163215,985247,2018
163217,985340,2018
163218,985434,2014
163219,985685,2014
163220,985815,2019
163221,985854,2014
163222,985961,2014
163224,986209,2018
163225,986248,2014
163226,986349,2014
163227,986482,2014
163229,987424,2014
163230,987571,2019
163231,987600,2014
163232,987711,2014
163233,988089,2019
163234,988118,2014
163235,988278,2014
163236,988390,2018
163237,988428,2018
163238,988641,2014
163239,988760,2018
163240,988766,2014
163241,988835,2014
163242,988930,2014
163243,989071,2014
163244,989304,2019
163245,989333,2014
163246,989453,2014
163247,989789,2014
163248,989926,2018
163249,989965,2018
163250,990003,2018
163251,990096,2018
163252,990102,2014
163253,990232,2014
163254,990376,2018
163255,990382,2014
163256,990506,2014
163257,990670,2014
163258,990818,2014
163260,991014,2014
163261,991146,2018
163262,991152,2014
163263,991280,2014
163264,991406,2024
163265,991505,2014
163266,991688,2014
163267,991803,2014
163268,992033,2014
163270,992644,2014
163271,992799,2018
163272,992805,2018
163273,992811,2019
163274,992817,2014
163275,992940,2014
163276,993102,2014
163278,993322,2014
163279,993471,2018
163280,993510,2018
163281,993549,2018
163282,993638,2014
163284,993781,2014
163285,993882,2018
163287,994021,2018
163288,994060,2014
163290,994217,2018
163291,994223,2018
163292,994368,2018
163293,994503,2018
163294,994542,2014
163295,994746,2018
163297,994785,2018
163298,994791,2014
163299,994916,2014
163300,995017,2014
163301,995177,2018
163302,995216,2014
163303,995388,2019
163304,995427,2014
163305,995701,2014
163306,995808,2014
163307,995942,2018
163308,996023,2018
163309,996125,2014
163310,996236,2014
163311,996411,2014
163312,996781,2014
163313,997785,2018
163315,997905,2018
163316,997944,2014
163317,998069,2018
163318,998148,2019
163320,998243,2018
163321,998336,2024
163325,998638,2014
163326,998750,2018
163328,998805,2014
163329,998935,2018
163330,999070,2014
163331,999174,2018
163332,999213,2014
163333,999314,2018
163334,999352,2014
163335,999493,2018
163337,999635,2014
163338,999779,2014
163339,999965,2018
163340,1000039,2019
163341,1000089,2014
163342,1000192,2014
163343,1000352,2014
163344,1000530,2018
163345,1000627,2014
163346,1000705,2018
163347,1000711,2014
163348,1000819,2014
163349,1000932,2019
163350,1000971,2014
163351,1001114,2018
163352,1001153,2014
163353,1001253,2014
163354,1001383,2018
163356,1001389,2019
163357,1001457,2014
163358,1001647,2018
163359,1001685,2018
163360,1001723,2018
163361,1001928,2014
163362,1002013,2014
163364,1002165,2018
163365,1002258,2014
163366,1002391,2014
163367,1002502,2019
163368,1002508,2014
163370,1003031,2018
163371,1003070,2018
163372,1003109,2014
163373,1003266,2014
163374,1003312,2014
163375,1003448,2014
163376,1003553,2019
163377,1003617,2014
163378,1003771,2018
163379,1003777,2019
163380,1003783,2018
163381,1003822,2018
163382,1003861,2018
163383,1003867,2019
163384,1003896,2019
163385,1003931,2018
163387,1004089,2018
163388,1004127,2018
163389,1004133,2014
163390,1004270,2018
163391,1004389,2014
163392,1004471,2018
163393,1004477,2019
163394,1004516,2014
163395,1004594,2018
163396,1004633,2014
163397,1004745,2018
163399,1004831,2014
163400,1004930,2014
163402,1005143,2014
163403,1005247,2014
163404,1005379,2014
163405,1005491,2014
163406,1005653,2018
163407,1005749,2018
163408,1005834,2018
163458,1009824,2021
164276,1036571,2013
16475,1073433,2017
164893,1076798,2012
135458600,1076984,2021
16503,1077288,2020
165788,1101456,2020
165811,1102413,2016
166031,1106881,2012
166150,1115227,2019
166196,1119035,2017
166197,1119161,2012
166200,1119526,2012
166216,1120822,2012
166268,1125619,2012
166410,1131667,2019
166415,1131904,2020
166442,1132697,2014
166444,1132861,2024
166456,1133172,2020
166461,1133274,2020
166475,1133957,2025
166490,1135100,2022
166517,1135671,2020
166546,1136566,2019
166566,1137243,2019
166572,1137438,2020
166627,1139469,2019
166638,1139628,2021
166641,1139783,2018
166774,1141971,2012
166879,1146648,2014
166885,1147263,2021
166893,1148498,2012
166904,1150136,2020
166905,1150254,2019
166908,1150726,2022
166913,1151456,2020
166926,1153057,2024
166929,1153330,2019
166935,1154326,2019
166940,1155058,2012
166941,1155206,2024
166942,1155316,2019
166944,1155711,2017
166947,1155760,2014
166955,1156821,2019
166957,1157078,2023
166961,1157356,2023
166963,1157622,2017
166964,1157806,2024
166966,1157918,2021
166974,1158740,2021
166979,1159322,2019
166982,1159765,2019
166989,1160489,2021
166996,1161449,2020
167010,1163029,2016
169388,1275926,2019
169632,1279491,2017
169975,1281221,2014
170154,1283454,2014
170156,1283528,2014
170157,1283831,2014
170158,1283985,2014
170159,1284207,2014
170160,1284573,2014
170161,1285017,2014
170162,1285147,2014
170163,1285377,2014
170164,1285475,2014
170165,1285626,2014
170166,1285837,2014
170167,1286175,2014
170168,1286359,2014
170169,1286510,2014
170171,1287031,2014
170172,1287155,2014
170174,1287447,2014
170175,1287615,2014
170176,1287803,2014
170177,1287932,2014
170178,1288028,2014
170179,1288183,2014
170180,1288332,2014
170181,1288460,2014
170182,1288591,2014
170185,1289061,2014
170186,1289197,2014
170187,1289518,2014
170189,1289744,2014
170190,1289896,2014
170191,1290230,2014
170192,1290385,2014
170193,1290621,2014
170195,1290919,2014
170196,1291075,2014
170197,1291218,2014
170198,1291605,2014
170199,1292034,2014
170201,1292355,2014
170203,1292594,2014
170205,1292909,2014
170207,1293357,2014
170209,1293809,2014
170210,1293923,2014
170211,1294089,2014
170212,1294201,2014
170213,1294378,2014
170214,1294540,2014
170216,1294924,2014
170217,1295177,2014
170218,1295250,2014
170219,1295401,2014
170220,1295501,2014
170222,1296127,2014
170223,1296293,2014
170224,1296530,2014
170227,1297217,2014
170228,1297329,2014
170229,1297432,2014
170230,1297752,2014
170232,1298055,2014
170233,1298374,2014
170234,1298535,2014
170235,1298671,2014
170236,1298814,2014
170238,1299019,2014
170239,1299349,2014
170240,1299632,2014
170241,1299733,2014
170242,1299928,2014
170243,1300078,2014
170244,1300216,2014
170245,1300534,2014
170246,1300886,2014
170248,1301161,2014
170249,1301306,2014
170250,1301642,2014
170251,1301787,2014
170252,1302250,2014
170253,1302459,2014
170254,1302776,2014
170255,1302872,2014
170257,1303135,2014
170258,1303321,2014
170259,1303743,2014
170260,1303905,2014
170261,1304171,2014
170262,1304486,2014
170263,1304848,2014
170264,1305162,2014
170265,1305271,2014
17026,1306343,2015
170272,1306648,2014
170273,1306794,2014
170280,1307759,2014
170281,1308023,2014
170282,1308146,2014
170283,1308287,2014
170284,1308498,2014
170285,1308739,2014
170286,1308950,2014
170287,1309077,2014
170526,1316202,2018
171815,1332569,2012
171899,1336617,2012
171906,1337058,2012
172016,1338489,2018
172321,1339869,2021
172361,1340322,2025
172404,1341100,2012
172419,1341910,2020
172440,1342450,2024
172447,1342518,2014
172474,1343392,2025
172495,1343500,2016
166263,1381686,2012
174486,1415160,2014
174487,1415800,2014
175067,1418500,2019
176049,1424934,2014
176050,1425064,2014
176051,1425381,2014
176053,1425490,2014
176054,1425583,2014
176055,1425673,2014
176058,1425759,2014
176060,1425846,2014
176063,1425933,2014
176064,1426025,2014
176065,1426141,2014
176066,1426277,2014
176067,1426409,2014
176068,1426511,2014
176069,1426638,2014
176070,1426753,2014
176072,1427046,2014
176073,1427166,2014
176074,1427293,2014
176075,1427414,2014
176076,1427565,2014
176077,1427672,2014
176079,1427875,2014
176081,1428027,2014
176082,1428135,2014
176083,1428242,2014
176084,1428363,2014
176085,1428473,2014
176086,1428612,2014
176087,1428710,2014
176088,1428801,2014
176718,1443749,2012
177578,1493691,2012
177949,1500072,2012
177950,1500256,2012
177951,1500716,2012
177952,1501131,2012
177953,1501275,2012
177954,1501681,2012
177955,1501829,2012
177956,1502318,2012
177957,1502445,2012
177958,1502745,2012
177959,1503075,2012
177960,1503262,2012
177961,1503615,2012
177962,1503835,2012
177963,1504075,2012
177964,1504292,2012
177965,1504553,2012
177966,1505213,2012
177967,1505359,2012
177968,1505905,2012
177969,1506081,2012
177970,1506556,2012
177971,1507181,2012
177972,1507676,2012
177973,1508182,2012
177974,1508352,2012
177975,1508588,2012
177976,1508812,2012
177977,1508957,2012
177978,1509145,2012
177979,1509470,2012
177980,1509761,2012
177981,1510126,2012
177982,1510626,2012
177983,1511074,2012
177984,1511423,2012
177985,1511595,2012
177986,1512001,2012
177987,1512212,2012
177988,1512439,2012
177989,1512937,2012
177990,1513480,2012
177991,1514102,2012
177992,1514533,2012
177993,1514809,2012
177994,1515329,2012
177995,1515633,2012
177997,1516035,2012
177998,1516342,2012
177999,1516566,2012
178000,1516737,2012
178001,1517043,2012
178002,1517273,2012
178003,1517869,2012
178004,1518077,2012
178005,1518420,2012
178006,1518945,2012
178007,1519102,2012
178008,1519287,2012
178009,1519810,2012
178010,1520055,2012
178011,1520517,2012
178012,1520757,2012
178013,1521341,2012
178014,1521640,2012
178015,1521949,2012
178016,1522202,2012
178017,1522347,2012
178018,1522865,2012
178019,1523035,2012
178020,1523627,2012
178021,1523812,2012
178022,1523952,2012
178023,1524335,2012
178024,1524628,2012
178025,1524949,2012
178063,1525715,2019
178065,1526216,2019
178889,1544018,2014
178890,1544170,2014
178891,1544283,2014
178892,1544399,2014
178893,1544631,2014
178894,1544745,2014
178896,1544915,2014
178897,1545028,2014
178898,1545158,2014
178899,1545332,2014
178900,1545459,2014
178901,1545576,2014
178902,1545697,2014
178903,1545830,2014
178904,1545966,2014
178905,1546068,2014
178906,1546189,2014
178907,1546311,2014
178908,1546401,2014
178909,1546509,2014
178911,1546789,2014
178912,1546874,2014
178913,1547015,2014
178914,1547164,2014
178916,1547384,2014
178917,1547499,2014
178918,1547635,2014
178920,1547937,2014
178921,1548066,2014
178922,1548158,2014
178923,1548286,2014
178924,1548448,2014
178925,1548553,2014
178926,1548683,2014
178927,1548775,2014
178928,1548899,2014
178929,1549011,2014
178930,1549151,2014
178931,1549278,2014
178932,1549392,2014
178933,1549674,2014
178934,1549801,2014
178935,1549923,2014
178936,1550041,2014
178937,1550164,2014
178938,1550291,2014
178939,1550389,2014
178940,1550483,2014
178941,1550597,2014
178942,1550718,2014
178943,1550891,2014
178944,1551021,2014
178945,1551130,2014
178947,1551377,2014
178948,1551471,2014
178949,1551584,2014
178950,1551732,2014
178951,1551886,2014
178952,1552022,2014
178953,1552152,2014
178954,1552282,2014
178956,1552372,2014
178957,1552464,2014
178958,1552597,2014
178959,1552712,2014
178960,1552829,2014
178961,1552923,2014
178962,1553026,2014
178963,1553147,2014
178965,1553376,2014
178966,1553470,2014
178967,1553555,2014
178968,1553677,2014
178969,1553799,2014
178970,1553904,2014
178971,1554001,2014
178972,1554122,2014
178973,1554260,2014
178974,1554372,2014
178976,1554613,2014
178977,1554737,2014
178979,1555025,2014
178980,1555177,2014
178981,1555295,2014
178982,1555485,2014
178983,1555586,2014
178984,1555688,2014
178985,1555812,2014
178986,1555938,2014
178987,1556047,2014
178988,1556173,2014
178989,1556278,2014
178990,1556413,2014
178991,1556517,2014
178992,1556629,2014
178993,1556848,2014
178994,1556958,2014
178995,1557076,2014
178996,1557179,2014
178997,1557283,2014
178998,1557404,2014
178999,1557506,2014
179000,1557653,2014
179001,1557751,2014
179002,1557941,2014
179003,1558127,2014
179004,1558245,2014
179005,1558366,2014
179006,1558492,2014
179007,1558629,2014
179008,1558756,2014
179009,1558891,2014
179010,1559009,2014
179012,1559132,2014
179013,1559314,2014
179014,1559417,2014
179015,1559519,2014
179016,1559682,2014
179017,1559815,2014
179018,1559917,2014
179019,1560035,2014
179020,1560148,2014
179021,1560258,2014
179022,1560367,2014
179023,1560488,2014
179024,1560736,2014
179025,1560838,2014
179026,1560959,2014
179027,1561076,2014
179028,1561227,2014
179029,1561343,2014
179030,1561443,2014
179031,1561524,2014
179032,1561634,2014
179033,1561765,2014
179034,1561875,2014
179035,1561988,2014
179036,1562099,2014
179037,1562226,2014
179038,1562352,2014
179039,1562457,2014
179040,1562566,2014
179041,1562668,2014
179042,1562789,2014
179043,1562928,2014
179044,1563064,2014
179045,1563231,2014
179046,1563349,2014
179047,1563447,2014
179048,1563536,2014
179049,1563647,2014
179050,1563788,2014
179051,1563915,2014
179052,1564047,2014
179053,1564133,2014
179054,1564235,2014
179055,1564379,2014
179056,1564479,2014
179057,1564591,2014
179058,1564715,2014
179059,1564805,2014
179060,1564937,2014
179061,1565035,2014
179062,1565159,2014
179063,1565338,2014
179064,1565465,2014
179065,1565676,2014
179066,1565788,2014
179067,1565911,2014
179068,1566076,2014
179069,1566173,2014
179070,1566306,2014
179071,1566414,2014
179072,1566519,2014
179074,1566613,2014
179075,1566817,2014
179076,1566935,2014
179077,1567035,2014
179078,1567147,2014
179079,1567268,2014
179080,1567395,2014
179081,1567515,2014
179083,1567670,2014
179084,1567788,2014
179086,1568132,2014
179087,1568220,2014
179088,1568303,2014
179089,1568404,2014
179090,1568496,2014
179091,1568622,2014
179092,1568746,2014
179093,1568891,2014
179094,1569019,2014
179095,1569146,2014
179096,1569238,2014
179097,1569370,2014
179099,1569488,2014
179100,1569588,2014
179102,1569832,2014
179103,1570057,2014
179104,1570159,2014
179105,1570277,2014
179106,1570404,2014
179107,1570553,2014
179108,1570666,2014
179109,1570810,2014
179110,1571040,2014
179111,1571140,2014
179112,1571265,2014
179113,1571460,2014
179114,1571559,2014
179115,1571702,2014
179238,1572068,2019
179657,1585826,2013
180208,1600813,2013
180209,1600833,2013
180211,1601029,2013
180212,1601111,2013
180213,1601200,2013
180214,1601315,2013
180215,1601347,2013
180216,1601560,2013
180218,1601745,2013
180219,1601845,2013
180220,1601947,2013
180223,1602187,2013
180224,1602333,2013
180226,1602521,2013
180227,1602848,2013
180228,1603121,2013
180230,1603440,2013
180231,1603567,2013
180232,1603682,2013
180233,1603783,2013
180234,1603875,2013
180235,1603966,2013
180236,1604264,2013
180237,1604399,2013
180238,1604460,2013
180239,1604539,2013
180240,1604625,2013
180241,1604717,2013
180245,1604964,2013
180246,1605147,2013
180247,1605421,2013
180248,1605468,2013
180249,1605654,2013
180250,1605801,2013
180251,1605880,2013
180252,1606029,2013
180253,1606283,2013
180254,1606352,2013
180255,1606468,2013
180256,1606562,2013
180257,1606648,2013
180258,1607055,2013
180259,1607382,2013
180260,1607419,2013
180261,1607514,2013
180262,1607594,2013
180263,1607626,2013
180264,1607712,2013
180265,1607822,2013
180266,1608301,2013
180268,1608692,2013
180270,1608919,2013
180271,1609023,2013
180272,1609075,2013
180273,1609169,2013
180274,1609220,2013
180275,1609567,2013
180276,1609692,2013
180278,1610060,2013
180281,1610310,2013
180282,1610437,2013
180283,1610507,2013
180284,1610599,2013
180285,1610697,2013
180286,1610861,2013
180287,1611159,2013
180288,1611250,2013
180289,1611321,2013
180290,1611459,2013
180292,1611778,2013
180294,1611932,2013
180295,1612001,2013
180296,1612200,2013
180297,1612286,2013
180298,1612492,2013
180299,1612714,2013
180300,1612825,2013
180301,1612845,2013
180303,1612976,2013
180305,1613126,2013
180306,1613158,2013
180307,1613274,2013
180308,1613396,2013
180310,1613633,2013
180312,1613753,2013
180313,1613882,2013
180314,1613937,2013
180315,1614031,2013
180316,1614133,2013
180317,1614221,2013
180318,1614313,2013
180319,1614477,2013
180320,1614574,2013
180321,1614664,2013
180322,1614821,2013
180323,1614893,2013
180324,1615023,2013
180325,1615261,2013
180328,1615875,2013
180329,1615992,2013
180331,1616281,2013
180332,1616401,2013
180333,1616509,2013
180335,1616672,2013
180336,1616758,2013
180337,1616879,2013
180338,1617346,2013
180339,1617498,2013
180340,1617571,2013
180341,1617694,2013
180343,1617892,2013
180344,1617973,2013
180345,1618043,2013
180346,1618063,2013
180347,1618186,2013
180349,1618388,2013
180350,1618480,2013
180352,1618704,2013
180355,1619562,2013
180356,1619690,2013
180357,1619801,2013
180358,1619923,2013
180361,1620223,2013
180363,1620530,2013
180364,1620714,2013
180365,1620818,2013
180366,1620894,2013
180367,1620995,2013
180368,1621102,2013
180369,1621218,2013
180370,1621348,2013
180371,1621448,2013
180372,1621762,2013
180373,1621878,2013
180375,1622259,2013
180376,1622657,2013
180377,1622812,2013
180378,1622967,2013
180379,1622992,2013
180380,1623049,2013
180381,1623312,2013
180382,1623458,2013
180383,1623519,2013
180385,1623664,2013
180386,1623976,2013
180387,1624294,2013
180388,1624483,2013
180389,1624628,2013
180390,1624768,2013
180391,1624896,2013
180393,1625066,2013
180394,1625185,2013
180395,1625287,2013
180399,1625760,2013
180400,1625901,2013
180403,1626551,2013
180405,1626776,2013
180406,1626867,2013
180407,1627009,2013
180409,1627176,2013
180410,1627239,2013
180411,1627333,2013
180413,1627724,2013
180414,1627956,2013
180415,1628274,2013
180418,1628531,2013
180420,1628703,2013
180421,1628832,2013
180422,1629230,2013
180423,1629262,2013
180424,1629389,2013
180427,1629676,2013
180428,1629770,2013
180431,1630017,2013
180432,1630142,2013
180434,1630281,2013
180435,1630342,2013
180436,1630411,2013
180437,1630561,2013
180439,1630849,2013
180440,1630988,2013
180441,1631154,2013
180443,1631412,2013
180445,1631680,2013
180446,1631754,2013
180447,1631836,2013
180448,1631928,2013
180450,1632130,2013
180451,1632202,2013
180452,1632397,2013
180453,1632714,2013
180454,1632821,2013
180455,1632895,2013
180456,1633140,2013
180458,1633420,2013
180459,1633542,2013
180460,1633616,2013
180462,1633755,2013
180464,1633843,2013
180465,1633923,2013
180466,1633977,2013
180467,1634060,2013
180468,1634144,2013
180469,1634421,2013
180470,1634683,2013
180471,1634787,2013
180473,1635006,2013
180474,1635069,2013
180475,1635173,2013
180476,1635261,2013
180477,1635468,2013
180478,1635741,2013
180479,1635863,2013
180480,1635952,2013
180481,1636021,2013
180482,1636313,2013
180483,1636385,2013
180484,1636555,2013
180487,1636912,2013
180488,1637056,2013
180490,1637463,2013
180491,1637547,2013
180494,1638255,2013
180495,1638451,2013
180496,1638582,2013
180497,1638645,2013
180498,1638916,2013
180499,1639047,2013
180500,1639189,2013
180504,1639814,2013
180505,1640119,2013
180506,1640184,2013
180508,1640411,2013
180509,1640603,2013
180510,1640867,2013
180511,1641013,2013
180512,1641229,2013
180513,1641548,2013
180514,1641636,2013
180515,1641841,2013
180517,1642223,2013
180518,1642310,2013
180521,1643253,2013
180522,1643325,2013
180523,1643392,2013
180524,1643535,2013
180525,1643615,2013
180526,1643706,2013
180527,1643816,2013
180530,1644059,2013
180531,1644233,2013
180532,1644369,2013
180534,1644598,2013
180535,1644730,2013
180536,1644842,2013
180537,1644915,2013
180539,1645104,2013
180540,1645284,2013
180541,1645352,2013
180542,1645686,2013
180544,1645852,2013
180545,1645977,2013
180546,1646127,2013
180547,1646196,2013
180549,1646378,2013
180684,1651584,2012
180690,1652045,2020
180727,1656365,2012
180735,1657145,2012
180924,1678615,2012
180964,1682951,2012
181023,1689738,2012
181083,1696524,2020
181100,1698598,2012
181116,1700196,2012
181158,1704765,2012
181280,1716747,2012
182779,1729265,2020
183153,1730321,2015
183167,1731021,2017
183255,1735051,2025
183257,1735255,2019
183294,1735660,2019
183314,1736282,2019
183340,1736854,2019
183351,1737022,2019
183413,1737230,2019
183453,1737582,2019
183466,1738021,2019
183544,1738680,2019
183591,1738871,2019
183595,1739037,2019
183632,1739463,2019
183633,1739643,2019
183657,1740018,2020
183658,1740268,2019
183716,1740909,2019
183738,1741105,2019
183837,1742314,2019
183917,1742707,2020
183932,1743428,2019
183972,1743863,2019
183981,1744108,2019
183986,1744285,2019
183992,1744455,2015
183993,1744664,2019
184036,1744894,2019
184040,1745097,2019
184812,1753831,2012
184814,1754130,2012
184818,1754616,2012
184829,1755587,2012
184836,1756071,2020
184845,1756874,2012
184847,1757143,2012
184852,1757667,2012
184861,1758740,2012
184867,1759544,2012
184876,1760427,2012
184889,1761993,2012
184898,1762965,2012
184904,1763601,2012
184914,1764697,2012
184927,1766263,2012
184929,1766475,2014
184939,1767485,2012
184940,1767606,2012
185126,1768546,2014
185130,1769631,2014
185132,1769918,2014
185133,1770082,2014
185134,1770212,2014
185135,1770391,2014
185136,1770511,2014
185137,1770629,2014
185139,1771000,2014
185142,1771457,2014
185143,1771574,2014
185146,1771952,2014
185147,1772180,2014
185149,1772425,2014
185150,1772567,2014
185154,1773148,2014
185155,1773287,2014
185157,1773789,2014
185158,1773957,2014
185159,1774091,2014
185161,1774438,2014
185164,1774835,2014
185165,1774973,2014
185167,1775395,2014
185168,1775545,2014
185169,1775786,2014
185171,1776136,2014
185173,1776376,2014
185174,1776519,2014
185175,1776635,2014
185176,1776911,2014
185180,1777432,2014
185181,1777671,2014
185182,1777936,2015
185185,1778498,2014
185188,1779021,2014
185189,1779195,2014
185190,1779312,2014
185191,1779454,2014
185192,1779589,2014
185193,1779730,2014
185194,1779986,2014
185195,1780132,2014
185196,1780387,2014
185865,1783554,2015
185866,1783813,2015
185868,1784061,2015
185869,1784179,2015
185870,1784453,2015
185874,1784783,2015
185876,1784966,2015
185877,1785214,2015
185879,1785350,2015
185880,1785457,2015
185881,1785560,2015
185883,1785674,2019
185885,1785779,2015
185887,1786005,2015
185889,1786216,2019
185891,1786307,2015
185892,1786431,2015
185893,1786527,2015
185894,1786657,2015
185895,1786752,2015
185896,1786886,2015
185898,1787002,2015
185900,1787240,2015
185902,1787323,2015
185903,1787421,2015
185904,1787559,2015
185905,1787687,2015
185906,1787825,2015
185908,1787973,2019
185909,1788092,2015
185911,1788183,2015
185913,1788274,2015
185914,1788357,2015
185915,1788446,2015
185916,1788545,2015
185917,1788763,2015
185919,1788852,2015
185920,1788984,2015
185921,1789128,2015
185922,1789404,2015
185923,1789625,2015
185924,1789864,2015
185925,1790027,2015
185926,1790154,2015
185927,1790369,2015
185928,1790470,2015
185929,1790597,2015
185930,1790714,2015
185931,1790824,2015
185932,1791003,2015
185933,1791105,2015
185934,1791317,2015
185935,1791439,2015
185936,1791680,2015
185937,1791910,2015
185938,1792168,2015
185939,1792278,2015
185940,1792427,2019
185941,1792545,2015
185942,1792716,2015
185944,1792986,2015
185945,1793117,2015
185946,1793206,2015
185947,1793295,2015
185948,1793393,2015
185949,1793500,2015
185950,1793598,2015
185951,1793689,2015
185952,1793815,2015
185953,1793926,2015
185954,1794029,2015
185955,1794160,2015
185956,1794260,2015
185957,1794355,2015
185958,1794593,2015
185959,1794806,2015
185960,1794928,2015
185961,1795161,2015
185962,1795277,2015
185964,1795679,2015
185965,1795793,2015
185966,1795936,2015
185967,1796058,2015
185969,1796376,2015
185970,1796482,2015
185971,1796616,2015
185973,1797286,2015
185974,1797382,2015
185975,1797498,2015
185976,1797646,2015
185977,1797817,2015
185978,1797904,2015
185979,1798027,2015
185980,1798139,2015
185981,1798327,2015
185982,1798539,2015
185983,1798657,2015
185984,1798780,2015
185985,1798883,2015
185986,1798989,2015
185987,1799097,2015
185988,1799275,2015
185991,1799745,2015
185992,1799948,2015
185993,1800179,2015
185994,1800543,2015
185995,1800886,2015
185996,1801176,2015
185997,1801333,2015
185998,1801620,2015
186000,1801969,2015
186001,1802103,2015
186003,1802373,2015
186004,1802626,2015
186005,1802775,2015
186006,1802931,2015
186010,1803572,2015
186011,1803668,2015
186013,1803884,2015
186014,1803985,2015
186015,1804167,2015
186016,1804288,2015
186017,1804378,2025
186018,1804463,2015
186020,1804726,2015
186021,1804839,2015
186022,1804970,2015
186023,1805083,2015
186024,1805188,2015
186025,1805392,2015
186026,1805515,2015
186027,1805653,2015
186028,1805744,2015
186029,1805837,2015
186030,1805945,2015
186031,1806078,2015
186032,1806171,2015
186033,1806269,2015
186034,1806407,2015
186035,1806508,2015
186036,1806676,2015
186037,1806885,2015
186038,1806981,2015
186039,1807092,2015
186040,1807196,2015
186041,1807294,2015
186042,1807437,2015
186043,1807560,2015
186044,1807678,2015
186045,1807792,2015
186052,1808038,2015
186053,1808150,2015
186054,1808366,2015
186056,1808598,2015
186057,1808735,2015
186058,1808874,2015
186059,1808970,2015
186060,1809123,2015
186061,1809258,2015
186062,1809433,2015
186086,1809877,2020
186087,1809884,2017
186088,1809891,2016
186090,1810055,2017
186410,1812642,2022
186512,1814184,2015
186525,1814379,2022
186532,1814484,2021
186540,1814657,2019
186572,1815137,2021
186613,1815752,2022
186779,1818254,2022
186881,1819784,2022
186910,1820219,2017
186920,1820369,2022
186985,1821344,2024
187322,1826449,2022
187334,1826629,2021
187341,1826734,2021
187608,1826968,2015
187905,1833755,2012
188023,1846454,2024
188304,1856204,2017
188314,1856499,2022
188315,1856668,2015
188316,1856928,2022
188318,1857158,2017
188319,1857376,2012
188320,1857510,2017
188321,1857718,2022
188322,1857879,2024
188323,1858107,2022
188324,1858212,2015
188325,1858556,2022
188326,1858657,2017
188327,1858808,2017
188332,1859315,2022
188334,1859582,2022
188335,1859869,2022
188338,1860189,2022
188339,1860415,2022
188340,1860821,2017
188341,1861056,2022
188342,1861317,2022
188343,1861407,2017
188344,1861614,2017
188345,1861739,2022
188346,1861872,2022
188347,1862061,2022
188348,1862245,2017
188349,1862339,2022
188350,1862640,2022
188351,1862759,2022
188352,1862900,2015
188355,1863206,2022
188356,1863321,2022
188357,1863431,2022
188358,1863490,2024
188359,1863623,2022
188363,1864134,2022
188364,1864471,2022
188365,1864598,2022
188366,1864736,2017
188367,1864890,2022
188368,1865091,2017
188369,1865215,2017
188370,1865331,2024
188371,1865499,2017
188372,1865631,2017
188373,1865777,2024
188374,1865909,2022
188376,1866117,2015
188378,1866332,2022
188379,1866423,2024
188380,1866539,2022
188381,1866651,2022
188382,1866813,2017
188384,1867148,2022
188386,1867359,2022
188389,1867707,2022
188390,1867804,2017
188391,1867885,2022
188392,1868013,2022
188393,1868068,2022
188394,1868204,2022
188395,1868359,2022
188396,1868628,2022
188397,1868736,2017
188398,1868822,2017
188399,1868991,2022
188400,1869284,2024
188401,1869459,2017
188402,1869624,2022
188403,1869749,2022
188404,1869931,2022
188405,1870210,2022
188406,1870440,2022
188408,1870679,2022
188409,1870793,2017
188410,1870894,2022
188411,1871062,2022
188412,1871229,2022
188413,1871333,2022
188414,1871533,2017
188416,1871750,2022
188417,1871904,2022
188418,1872006,2022
188419,1872089,2015
188420,1872221,2024
188421,1872388,2025
188422,1872512,2022
188423,1872628,2017
188425,1872835,2015
188426,1872938,2017
188428,1873142,2022
188429,1873325,2024
188430,1873575,2017
188432,1873891,2022
188433,1874014,2022
188434,1874356,2015
188435,1874753,2022
188437,1875060,2022
188439,1875222,2022
188440,1875394,2022
188441,1875498,2024
188442,1875627,2022
188443,1875801,2022
188444,1875975,2022
188445,1876034,2017
188446,1876228,2022
188447,1876341,2022
188448,1876488,2022
188449,1876666,2022
188450,1876839,2017
188451,1876953,2022
188452,1877059,2022
188453,1877191,2017
188457,1877801,2024
188458,1877905,2022
188459,1878043,2022
188462,1878428,2022
188463,1878690,2017
188464,1878808,2017
188465,1878942,2022
188467,1879308,2017
188468,1879632,2022
188469,1879814,2015
188470,1879992,2017
188471,1880182,2015
188472,1880318,2017
188473,1880406,2022
188474,1880523,2017
188475,1880620,2022
188476,1880799,2022
188477,1880936,2022
188479,1881165,2022
188480,1881366,2022
188481,1881553,2022
188483,1881792,2017
188484,1881889,2022
188486,1882062,2015
188488,1882347,2022
188489,1882560,2022
188491,1882866,2017
188492,1883062,2022
188493,1883301,2022
188494,1883615,2022
188496,1883862,2015
188497,1884132,2022
188498,1884312,2022
188500,1884509,2017
188501,1884626,2022
188502,1884727,2020
188503,1884930,2022
188505,1885272,2017
188506,1885371,2022
188507,1885502,2017
188508,1885612,2017
188511,1885913,2017
188512,1886115,2022
188514,1886406,2022
188515,1886602,2022
188516,1886761,2022
188517,1886833,2022
188518,1886965,2017
188519,1887128,2022
188520,1887230,2017
188522,1887436,2022
188523,1887588,2017
188524,1887695,2024
188526,1887900,2022
188527,1888017,2022
188528,1888295,2017
188529,1888403,2022
188530,1888572,2022
188532,1888889,2017
188533,1889085,2022
188535,1889326,2022
188536,1889438,2022
188537,1889540,2017
188538,1889747,2017
188539,1889965,2015
188540,1890227,2022
188541,1890343,2025
188542,1890455,2017
188543,1890561,2022
188544,1890619,2022
188545,1890836,2022
188546,1890998,2017
188548,1891222,2022
188549,1891366,2022
188550,1891468,2022
188551,1891577,2015
188552,1891834,2017
188554,1892060,2022
188555,1892336,2022
188556,1892463,2017
188557,1892616,2017
188560,1893062,2017
188561,1893163,2022
188562,1893428,2024
188563,1893551,2022
188564,1893688,2024
188565,1893824,2022
188566,1894130,2022
188567,1894373,2022
188568,1894672,2022
188569,1894843,2015
188572,1895369,2015
188573,1895476,2022
188574,1895599,2022
188575,1895706,2024
188577,1896002,2022
188578,1896245,2022
188579,1896440,2017
188580,1896599,2017
188581,1896808,2015
188582,1897274,2022
188583,1897590,2022
188584,1897737,2022
188585,1897848,2022
188586,1898060,2015
188587,1898270,2022
188588,1898372,2022
188590,1898659,2017
188592,1898995,2015
188593,1899257,2022
188596,1899477,2017
188597,1899611,2022
188599,1899889,2022
188600,1900003,2022
188601,1900131,2022
188603,1900313,2022
188604,1900459,2022
188605,1900586,2024
188606,1900709,2022
188607,1900985,2015
188608,1901333,2022
188609,1901550,2017
188610,1901892,2017
188611,1902011,2022
188612,1902135,2022
188613,1902332,2022
188614,1902522,2022
188616,1902818,2022
188617,1902927,2015
188618,1903236,2022
188619,1903437,2022
188620,1903556,2017
188622,1903771,2015
188623,1903916,2022
188624,1904037,2015
188625,1904210,2025
188626,1904326,2022
188627,1904723,2022
188628,1904959,2022
188629,1905110,2024
188665,1905445,2012
189217,1922321,2013
189436,1925495,2012
189493,1927211,2012
189674,1932004,2012
189675,1932107,2012
189728,1933979,2012
189729,1934111,2012
189730,1934360,2012
189731,1934513,2012
189732,1934665,2012
189733,1934775,2012
189734,1934918,2012
189735,1935043,2012
189736,1935172,2012
189738,1935338,2012
189740,1935442,2012
189742,1935543,2012
189744,1935671,2014
189746,1935786,2014
189747,1935825,2014
189748,1935844,2014
189752,1935999,2014
189810,1938669,2014
189819,1939127,2015
190071,1939832,2015
190078,1940110,2019
190083,1940174,2016
190085,1940431,2015
190096,1940531,2015
190097,1940637,2015
190104,1940644,2015
190106,1940651,2015
190113,1940848,2022
190119,1940944,2015
190120,1941009,2015
190128,1941104,2015
190132,1941346,2016
190136,1941442,2015
190138,1941553,2016
190140,1941837,2015
190142,1941942,2015
190153,1942060,2015
190160,1942508,2015
190162,1942880,2022
190166,1942974,2015
190170,1943194,2016
190172,1943486,2014
190193,1943625,2014
190196,1943920,2015
190199,1944082,2015
190202,1944089,2015
190206,1944164,2016
190212,1944235,2015
190220,1944326,2015
190221,1944443,2016
190222,1944753,2013
190224,1944837,2024
190225,1944913,2019
190228,1945010,2015
190231,1945069,2015
190238,1945203,2022
190245,1945803,2015
190246,1945870,2014
190250,1946099,2015
190255,1946231,2016
190268,1946245,2015
190271,1946356,2019
79711881,1946577,2016
190293,1946776,2022
190295,1946901,2016
190308,1947010,2015
190312,1947402,2015
190315,1947540,2015
190318,1947860,2015
190342,1948483,2015
190344,1948603,2015
190347,1948654,2015
190348,1948667,2015
190350,1948674,2015
190351,1948886,2015
190356,1949015,2015
190357,1949274,2012
190375,1949616,2015
190379,1950002,2015
190380,1950085,2014
190392,1950412,2015
190397,1950515,2015
190400,1950522,2015
190403,1950722,2015
190405,1950883,2015
190420,1951224,2015
190424,1951341,2019
190426,1951467,2015
190429,1951474,2015
190430,1951481,2015
190431,1951675,2015
190436,1951911,2015
190440,1952002,2015
190456,1952682,2015
190467,1952739,2022
190473,1952839,2015
190486,1953218,2015
190487,1953406,2019
190489,1953481,2015
190654,1956466,2024
190915,1960838,2014
190917,1960926,2014
190918,1961027,2014
190919,1961034,2014
190920,1961073,2014
190921,1961080,2014
190922,1961087,2014
190923,1961094,2014
190925,1961133,2014
190927,1961277,2014
190928,1961316,2014
190929,1961355,2014
190930,1961362,2014
190931,1961369,2014
190932,1961376,2014
190933,1961415,2014
190934,1961456,2014
190935,1961554,2014
190936,1961650,2014
190945,1961951,2019
190946,1961958,2019
190947,1961965,2019
190948,1961972,2019
190949,1961979,2014
190950,1962097,2014
190951,1962104,2012
190953,1962393,2018
190954,1962493,2018
190955,1962590,2018
190956,1962688,2018
190957,1962782,2015
190958,1962849,2015
190959,1962917,2015
190960,1962978,2015
190963,1963043,2015
190964,1963110,2015
190966,1963175,2025
190967,1963238,2015
190968,1963299,2022
190969,1963364,2023
190970,1963430,2025
190971,1963497,2025
190972,1963562,2022
190973,1963636,2015
190974,1963710,2015
190976,1963872,2025
190977,1963937,2025
191024,1966892,2019
191026,1967019,2019
191110,1970250,2015
191112,1970297,2019
191190,1972401,2019
191194,1972545,2019
191208,1972860,2015
191214,1972982,2015
191276,1974821,2022
191277,1974916,2022
191300,1975324,2019
191308,1975373,2015
191310,1975431,2019
191312,1975676,2019
191540,1988435,2018
191721,2000068,2019
191727,2000110,2019
191731,2000138,2019
191743,2002077,2019
191751,2002420,2019
132677053,2002427,2019
191780,2002911,2019
191822,2006513,2012
192253,2061320,2013
192256,2061717,2013
192257,2061865,2013
192258,2061999,2013
192260,2062279,2012
192261,2062418,2013
192262,2062534,2013
192263,2062666,2013
192264,2062769,2013
192266,2063039,2013
192267,2063170,2013
192268,2063297,2013
192269,2063442,2013
192270,2063623,2013
192271,2063789,2013
192272,2063916,2013
192273,2064054,2013
192276,2064541,2013
192277,2064747,2013
192278,2064856,2013
192279,2064966,2013
192280,2065140,2013
192281,2065254,2013
192282,2065379,2013
192283,2065503,2012
192284,2065628,2013
192285,2065744,2013
192287,2066065,2012
192288,2066174,2012
192289,2066275,2013
192290,2066455,2013
192291,2066608,2013
192292,2066805,2013
192293,2066933,2012
192294,2067059,2013
192295,2067165,2013
192296,2067258,2013
192297,2067724,2013
192298,2068299,2013
192300,2068886,2013
192302,2069255,2013
192303,2069375,2013
192304,2069514,2013
192305,2069637,2013
192306,2070336,2012
192307,2070464,2013
192308,2070610,2013
192309,2070787,2013
192310,2070917,2013
192311,2071029,2013
192313,2071308,2013
192314,2071407,2013
192315,2071524,2013
192316,2071675,2013
192317,2072473,2013
192318,2072606,2013
192321,2073367,2013
192322,2074151,2013
192323,2074266,2013
192324,2074542,2013
192325,2074690,2013
192326,2074814,2013
192327,2074959,2013
192328,2075278,2013
192329,2075450,2012
192330,2075553,2013
192331,2075683,2012
192332,2075802,2013
192333,2075930,2013
192334,2076060,2013
192335,2076293,2013
192336,2076432,2012
192337,2076548,2013
192338,2076673,2013
192339,2076804,2013
192340,2076919,2013
192341,2077143,2013
192342,2077274,2013
192343,2077593,2012
192345,2077808,2013
192346,2077989,2013
192347,2078129,2013
192348,2078270,2012
192349,2078374,2013
192351,2078585,2013
192352,2078729,2013
192353,2078834,2013
192355,2079141,2013
192356,2079331,2013
192357,2079569,2013
192360,2079955,2013
192361,2080118,2013
192362,2080287,2013
192363,2080542,2013
192364,2080695,2013
192366,2080972,2013
192367,2081113,2013
192368,2081737,2013
192370,2082000,2013
192371,2082250,2013
192373,2082512,2013
192374,2082616,2013
192375,2082977,2013
192376,2083187,2013
192377,2083298,2013
192378,2083398,2013
192379,2084146,2013
192380,2084287,2013
192381,2084717,2012
192382,2084841,2013
192383,2084967,2013
192386,2085693,2013
192389,2086518,2013
192390,2086692,2012
192392,2087133,2013
192393,2087282,2013
192394,2087443,2013
192396,2087734,2013
192397,2087841,2013
192398,2087962,2013
192399,2088081,2013
192401,2088415,2013
192402,2088507,2013
192403,2088649,2012
192404,2088777,2013
192405,2088922,2013
192407,2089167,2013
192408,2089438,2013
192409,2089579,2013
192410,2089741,2013
192411,2089869,2013
192413,2090188,2013
192414,2090651,2013
192415,2090766,2013
192416,2090903,2013
192417,2091054,2013
192418,2091198,2012
192419,2091319,2013
192420,2091724,2013
192421,2092077,2013
192422,2092261,2013
192424,2092504,2013
192425,2092954,2013
192426,2093095,2013
192427,2093217,2013
192428,2093424,2013
192429,2093934,2013
192430,2094068,2013
192431,2094225,2013
192433,2094590,2013
192434,2094790,2013
192435,2094934,2013
192436,2095057,2013
192439,2095446,2013
192440,2095550,2013
192441,2096103,2013
192442,2096244,2013
192443,2096358,2013
192444,2096492,2013
192445,2096659,2013
192446,2096786,2013
192447,2096947,2013
192448,2097081,2013
192449,2097207,2013
192450,2097402,2013
192452,2097673,2013
192453,2097851,2013
192454,2097996,2013
192455,2098106,2012
192456,2098226,2013
192457,2098359,2013
192458,2098482,2013
192459,2098574,2013
192460,2098758,2013
192461,2099319,2012
192462,2099440,2013
192463,2099605,2013
192464,2099726,2013
192465,2099855,2013
192466,2099978,2013
192467,2100150,2012
192468,2100266,2013
192469,2100385,2013
192470,2100494,2013
192471,2100591,2013
192472,2100723,2012
192473,2100833,2013
192474,2100979,2013
192475,2101125,2012
192478,2101760,2013
192479,2101853,2013
192480,2101968,2013
192482,2102242,2013
192483,2102374,2013
192484,2102488,2013
192486,2102745,2012
192488,2102975,2013
192489,2103090,2013
192490,2103225,2013
192493,2103644,2013
192494,2103769,2012
192495,2103895,2012
192496,2104028,2013
192497,2104168,2012
192498,2104294,2013
192499,2104433,2012
192500,2104554,2012
192501,2104676,2012
192502,2104810,2013
192503,2104958,2013
192504,2105109,2013
192505,2105329,2013
192506,2105512,2013
192508,2106526,2013
192509,2106663,2013
192510,2106775,2013
192511,2106899,2013
192512,2107007,2013
192513,2107150,2013
192515,2107388,2013
192516,2107529,2012
192517,2107651,2013
192518,2107779,2013
192519,2107897,2013
192520,2108027,2013
192521,2108120,2013
192522,2108758,2012
192523,2108919,2012
192524,2109041,2013
192525,2109173,2013
192527,2109473,2013
192528,2109616,2013
192529,2110008,2013
192530,2110172,2012
192531,2110292,2013
192533,2110597,2013
192534,2110921,2012
192536,2111300,2013
192538,2111558,2013
192539,2111853,2013
192540,2112036,2013
192544,2112534,2012
192545,2112676,2013
192547,2113115,2013
192548,2113291,2012
192549,2113422,2013
192550,2113803,2013
192551,2113964,2013
192552,2114090,2013
192553,2114188,2013
192554,2114346,2013
192555,2114490,2013
192557,2114769,2013
192558,2114904,2013
192559,2115062,2013
192560,2115191,2013
192561,2115350,2013
192562,2115460,2013
192563,2116090,2013
192564,2116735,2013
192565,2117358,2013
192566,2117478,2013
192567,2117655,2013
192569,2118287,2013
192570,2118410,2013
192571,2118557,2012
192572,2118657,2012
192573,2118776,2013
192574,2118927,2013
192575,2119078,2013
192576,2119199,2013
192577,2119386,2012
192578,2119510,2013
192579,2119793,2013
192580,2119977,2013
192581,2120574,2013
192582,2120760,2013
192583,2120964,2013
192584,2121079,2012
192585,2121196,2013
192586,2121350,2013
192587,2121906,2013
192588,2122470,2013
192589,2122650,2013
192590,2122897,2013
192591,2123478,2013
192592,2123607,2013
192594,2124378,2012
192595,2124514,2013
192596,2124639,2012
192598,2124860,2013
192599,2124997,2013
192600,2125159,2013
192601,2125256,2013
192602,2125392,2012
192603,2125517,2013
192604,2125823,2013
192605,2126058,2013
192608,2126619,2012
192609,2126841,2013
192610,2126961,2012
192611,2127058,2013
192612,2127745,2013
192613,2127915,2012
192614,2128046,2013
192615,2128536,2013
192616,2128688,2013
192617,2128887,2013
192618,2129018,2013
192619,2129191,2013
192620,2129291,2013
192622,2129614,2013
192623,2129722,2013
192624,2129899,2013
192625,2130141,2013
192626,2130318,2012
192627,2130442,2013
192628,2130584,2013
192629,2130722,2013
192630,2130908,2013
192631,2131101,2012
192632,2131224,2013
192633,2131336,2013
192634,2131533,2013
192635,2132126,2013
192636,2132272,2013
192637,2132881,2013
192638,2133085,2013
192641,2133530,2013
192642,2133671,2013
192644,2134027,2013
192645,2134144,2013
192647,2134297,2013
192648,2134509,2013
192649,2134883,2013
192650,2135003,2013
192651,2135107,2012
192652,2135313,2013
192653,2135486,2013
192654,2135593,2013
192655,2135721,2013
192656,2135820,2013
192657,2135968,2013
192659,2136221,2013
192660,2136324,2013
192661,2136448,2013
192662,2136601,2013
192663,2136731,2013
192664,2136874,2013
192665,2137581,2013
192666,2137737,2013
192667,2137858,2013
192669,2138206,2012
192670,2138321,2013
192671,2138422,2013
192672,2138545,2013
192673,2138667,2013
192674,2138878,2013
192676,2139803,2013
192677,2139940,2013
192678,2140045,2013
192679,2140241,2013
192680,2140387,2013
192681,2140501,2013
192683,2140808,2013
192684,2140922,2013
192686,2141299,2013
192688,2141595,2013
192689,2141785,2013
192690,2141900,2013
192691,2142037,2013
192692,2142184,2013
192693,2142308,2013
192694,2142539,2013
192696,2143246,2013
192697,2143467,2013
192699,2143757,2013
192700,2144109,2013
192701,2144744,2013
192702,2145041,2012
192703,2145149,2012
192704,2145298,2013
192705,2145991,2013
192706,2146113,2013
192707,2146227,2013
192708,2146380,2013
192709,2146547,2012
192710,2146662,2013
192711,2146818,2013
192712,2146999,2013
192713,2147399,2013
192714,2147544,2013
192715,2148017,2013
192717,2148357,2012
192719,2148620,2013
192720,2149176,2012
192721,2149293,2012
192722,2149399,2013
192724,2150167,2013
192725,2150361,2013
192726,2150490,2012
192727,2150613,2013
192728,2151006,2013
192729,2151106,2013
192731,2151723,2013
192732,2151845,2013
192733,2151970,2013
192734,2152104,2013
192735,2152250,2013
192736,2152414,2012
192738,2153075,2013
192739,2153283,2013
192740,2153393,2013
192741,2153535,2013
192742,2153645,2012
192743,2153746,2013
192744,2154590,2012
192745,2154735,2013
192746,2154926,2013
192747,2155107,2013
192749,2155395,2013
192750,2155533,2013
192752,2155797,2013
192753,2155890,2013
192754,2156021,2013
192755,2156452,2013
192757,2156664,2013
192758,2156800,2013
192759,2156934,2013
192760,2157150,2013
192761,2157274,2013
192762,2157377,2013
192763,2157493,2013
192764,2157616,2013
192766,2157849,2013
192767,2157974,2013
192769,2158296,2013
192771,2158564,2012
192772,2158685,2013
192773,2159365,2013
192774,2159488,2013
192775,2159631,2013
192776,2159761,2013
192777,2159880,2013
192778,2160021,2013
192779,2160354,2013
192780,2160540,2013
192781,2160656,2013
192783,2160886,2013
192784,2160983,2013
192786,2161273,2013
192787,2161416,2013
192788,2161535,2013
192789,2161684,2013
192790,2161810,2013
192792,2162075,2013
192793,2162218,2013
192794,2162628,2013
192796,2163189,2013
192797,2163482,2013
192798,2163579,2013
192799,2163768,2013
192800,2164023,2013
192802,2164242,2013
192803,2164348,2013
192804,2164473,2013
192805,2164626,2013
192806,2164780,2013
192807,2164891,2013
192808,2165033,2012
192809,2165156,2013
192810,2165315,2013
192811,2165567,2013
192812,2165939,2013
192813,2166459,2013
192814,2166688,2013
192816,2167402,2013
192817,2167556,2013
192818,2167711,2013
192819,2167859,2013
192822,2168504,2013
192824,2168761,2013
192825,2169008,2013
192826,2169100,2013
192827,2169264,2013
192829,2169555,2013
192830,2169804,2012
192831,2169919,2013
192832,2170136,2013
192834,2170390,2013
192835,2170510,2013
192836,2170627,2013
192837,2170758,2013
192838,2170941,2013
192839,2171069,2013
192840,2171235,2013
192841,2171321,2012
192843,2171580,2013
192844,2172151,2013
192845,2172732,2012
192846,2172857,2013
192847,2172967,2013
192848,2173431,2013
192849,2173661,2013
192850,2174203,2013
192851,2174312,2013
192852,2174430,2013
192853,2174590,2013
192854,2174901,2012
192856,2175075,2013
192857,2175216,2013
192858,2175321,2012
192860,2175581,2013
192861,2175689,2013
192862,2175887,2013
192863,2175998,2013
192864,2176160,2013
192867,2176689,2013
192869,2176993,2013
192870,2177248,2013
192871,2177911,2013
192872,2178107,2013
192873,2178267,2013
192874,2178437,2013
192875,2178654,2013
192877,2178879,2012
192879,2179161,2013
192920,2179890,2019
192924,2179918,2019
192928,2179946,2019
192930,2179953,2015
192932,2180023,2015
192933,2180099,2019
192935,2180169,2019
192936,2180176,2019
192941,2180367,2016
192944,2180514,2019
192948,2180615,2012
192982,2180744,2016
192984,2180990,2022
192986,2181127,2016
192987,2181260,2016
192988,2181355,2019
192989,2181480,2022
192990,2181624,2022
192991,2181720,2019
192992,2182001,2019
192993,2182092,2025
192995,2182274,2021
192996,2182424,2016
192997,2182490,2016
192998,2182621,2016
192999,2182748,2024
193000,2182841,2016
193001,2182998,2024
193002,2183125,2016
193003,2183288,2016
193004,2183439,2025
193005,2183520,2012
193006,2183627,2024
193007,2183717,2019
193008,2183986,2024
193009,2184082,2016
193010,2184197,2025
193011,2184299,2016
193012,2184397,2021
193013,2184496,2016
193014,2184591,2025
193015,2184672,2019
193016,2184817,2016
193017,2184874,2016
193018,2185033,2016
193019,2185103,2024
193020,2185241,2016
193021,2185336,2024
193022,2185457,2016
193023,2185518,2024
193024,2185632,2016
193025,2185790,2016
193027,2186047,2016
193028,2186127,2016
193029,2186276,2025
193030,2186365,2019
193031,2186546,2016
193032,2186642,2016
193033,2186753,2022
193034,2186850,2021
193035,2187038,2016
193036,2187170,2025
193037,2187245,2016
193038,2187320,2025
193039,2187430,2016
193040,2187549,2016
193041,2187642,2016
193042,2187748,2019
193043,2187900,2016
193044,2188022,2024
193046,2188196,2025
193047,2188282,2021
193048,2188454,2019
193049,2188741,2024
193050,2188830,2020
193051,2188949,2021
193052,2189059,2025
193053,2189133,2021
193054,2189280,2024
193055,2189398,2016
193056,2189450,2021
193057,2189611,2012
193058,2189728,2019
193059,2189921,2016
193060,2190043,2016
193061,2190050,2022
193062,2190156,2016
193063,2190268,2019
193064,2190467,2021
193065,2190649,2024
193066,2190733,2016
193067,2190816,2016
193068,2190891,2016
193069,2191140,2025
193070,2191231,2024
193071,2191317,2024
193073,2191519,2016
193074,2191703,2016
193075,2191768,2016
193076,2191917,2016
193077,2192038,2024
193078,2192156,2016
193079,2192264,2024
193080,2192358,2019
193082,2192677,2016
193084,2192920,2024
193085,2193044,2019
193086,2193383,2024
193087,2193475,2016
193088,2193558,2021
193089,2193665,2016
193090,2193766,2021
193091,2193934,2016
193093,2194288,2016
193095,2194475,2012
193096,2194603,2024
193097,2194695,2019
193098,2194958,2024
193099,2195100,2021
193100,2195204,2019
193101,2195393,2025
193102,2195504,2021
193103,2195652,2019
193104,2195764,2024
193105,2195856,2024
193106,2196006,2019
193107,2196245,2016
193108,2196381,2016
193109,2196524,2016
193110,2196617,2024
193111,2196711,2024
193112,2196805,2019
193113,2196973,2012
193114,2197086,2016
193115,2197181,2021
193116,2197373,2021
193117,2197510,2024
193118,2197598,2024
193119,2197706,2021
193121,2197991,2021
193122,2198102,2019
193123,2198332,2016
193124,2198452,2024
193126,2198574,2024
193127,2198674,2016
193128,2198765,2016
193129,2198904,2021
193130,2199074,2016
193131,2199201,2016
193132,2199356,2021
193133,2199475,2016
193134,2199546,2024
193135,2199657,2024
193136,2199745,2024
193137,2199851,2025
193139,2200023,2016
193140,2200199,2019
193142,2200415,2019
193143,2200516,2016
193144,2200585,2021
193145,2200711,2016
193146,2200774,2021
193147,2200875,2020
193150,2201191,2016
193151,2201395,2016
193152,2201520,2016
193153,2201619,2021
193154,2201797,2019
193155,2201899,2019
193156,2201963,2016
193157,2202097,2024
193158,2202216,2024
193159,2202335,2016
193160,2202464,2016
193161,2202648,2019
193162,2202843,2016
193163,2203132,2016
193164,2203272,2025
193166,2203529,2024
193167,2203616,2016
193168,2203855,2016
193169,2203994,2021
193170,2204323,2022
193171,2204441,2019
193172,2204666,2022
193173,2204776,2025
193174,2204872,2016
193175,2204973,2016
193176,2205055,2025
193177,2205173,2025
193178,2205279,2024
193179,2205373,2019
193180,2205584,2021
193181,2205679,2024
193182,2205772,2021
193183,2205889,2022
193184,2205983,2025
193185,2206084,2022
193186,2206203,2025
193187,2206281,2016
193188,2206365,2016
193189,2206439,2016
193191,2206671,2019
193192,2206947,2021
193193,2207086,2025
193194,2207176,2021
193195,2207314,2021
193196,2207443,2016
193198,2207653,2024
193199,2207769,2019
193200,2207935,2016
193201,2208099,2019
193202,2208332,2019
193203,2208486,2016
193204,2208640,2016
193205,2208765,2016
193206,2208850,2016
193207,2209005,2024
193208,2209139,2025
193209,2209229,2016
193211,2209539,2024
193212,2209635,2016
193213,2209712,2016
193214,2209999,2016
193215,2210102,2016
193216,2210203,2016
193217,2210280,2016
193218,2210415,2019
193219,2210549,2021
193220,2210763,2019
193221,2210876,2016
193222,2211025,2020
193223,2211094,2016
193224,2211195,2019
193225,2211428,2024
193226,2211516,2016
193227,2211663,2016
193228,2211834,2016
193229,2211891,2016
193230,2212076,2016
193231,2212220,2012
193232,2212326,2024
193233,2212414,2024
193234,2212538,2021
193235,2212643,2016
193236,2212756,2025
193237,2212856,2016
193238,2213019,2016
193239,2213179,2012
193240,2213295,2021
193241,2213453,2016
193242,2213522,2016
193243,2213611,2025
193244,2213694,2016
193245,2213863,2016
193246,2214006,2016
193247,2214105,2016
193248,2214165,2016
193249,2214257,2024
193250,2214323,2016
193251,2214436,2016
193252,2214518,2025
193253,2214615,2019
193254,2214750,2024
193255,2214863,2021
193256,2215070,2016
193257,2215219,2020
193258,2215368,2024
193272,2215661,2015
193290,2215929,2022
193291,2216147,2022
193292,2216381,2024
193295,2216733,2022
193296,2216886,2022
193297,2217078,2022
193298,2217214,2024
193299,2217399,2022
193301,2217758,2022
193303,2218009,2024
193304,2218144,2022
193305,2218295,2022
193306,2218587,2022
193307,2218807,2022
193308,2218927,2022
193310,2219317,2022
193311,2219519,2022
193312,2219773,2024
193314,2220075,2024
193316,2220390,2022
193317,2220612,2022
193319,2221013,2022
193320,2221205,2024
193321,2221345,2024
193322,2221531,2024
193323,2221743,2022
193324,2221859,2022
193325,2222045,2024
193326,2222149,2022
193327,2222339,2022
193329,2222544,2022
193331,2222821,2024
193332,2222959,2022
193333,2223256,2022
193334,2223542,2022
193335,2223697,2022
193336,2223960,2022
193338,2224387,2022
193340,2224628,2022
193341,2224857,2024
193342,2224996,2022
193343,2225296,2022
193344,2225630,2022
193345,2225815,2022
193346,2226158,2024
193347,2226447,2022
193349,2226821,2024
193350,2226923,2024
193351,2227069,2022
193352,2227361,2022
193353,2227669,2024
193354,2227788,2024
193355,2228022,2024
193356,2228140,2024
193358,2228378,2022
193359,2228464,2024
193360,2228705,2024
193362,2228962,2022
193363,2229067,2022
193364,2229339,2024
193366,2229615,2022
193370,2230282,2024
193372,2230676,2022
193373,2230854,2022
193375,2231115,2024
193379,2231597,2022
193380,2231884,2024
193382,2232406,2024
193384,2232653,2024
193385,2232835,2022
193387,2233127,2022
193388,2233286,2022
193389,2233439,2022
193390,2233617,2022
193391,2233741,2022
193392,2233877,2022
193393,2233998,2022
193394,2234264,2022
193395,2234393,2022
193396,2234547,2024
193397,2234701,2022
193398,2234941,2024
193399,2235042,2022
193400,2235317,2024
193401,2235481,2022
193455,2238099,2024
193456,2238186,2022
193457,2238289,2022
193458,2238391,2024
193459,2238482,2022
193460,2238583,2024
193463,2238842,2021
193464,2238914,2024
193466,2238982,2024
193467,2239050,2016
193468,2239124,2024
193469,2239186,2024
193470,2239247,2024
193471,2239311,2016
193472,2239360,2016
193473,2239409,2025
193474,2239475,2025
193475,2239541,2025
193477,2239600,2025
193478,2239666,2024
193481,2239825,2021
193483,2239891,2024
193507,2240003,2024
193585,2243505,2022
193587,2243971,2022
193596,2244898,2024
193598,2245386,2014
193599,2245520,2014
193600,2245692,2014
193601,2245780,2014
193602,2245881,2014
193603,2246007,2024
193604,2246160,2024
193605,2246312,2014
193607,2246630,2014
193611,2247610,2014
193612,2247747,2014
193613,2247892,2014
193614,2248012,2014
193620,2248426,2014
193621,2248533,2014
193622,2248751,2014
193623,2248957,2014
193624,2249124,2014
193627,2249474,2024
193628,2249591,2014
193629,2249715,2022
193630,2249897,2014
193632,2250304,2014
193635,2250846,2024
193636,2251178,2014
193637,2251283,2014
193638,2251382,2014
193639,2251503,2022
193640,2251874,2022
193641,2252199,2014
193642,2252289,2014
193643,2252390,2022
193644,2252750,2015
193646,2253091,2015
193647,2253412,2015
193648,2253699,2022
193651,2254048,2022
193652,2254446,2022
193654,2254725,2014
193655,2254827,2014
193656,2254996,2014
193657,2255302,2022
193659,2255638,2014
193660,2255753,2014
193661,2255857,2014
193662,2255983,2014
193663,2256343,2014
193664,2256487,2014
193666,2256783,2014
193667,2256916,2014
193669,2257688,2014
193670,2257882,2014
193671,2257989,2014
193672,2258233,2014
193674,2258447,2024
193675,2258615,2014
193676,2258862,2014
193677,2258984,2014
193678,2259096,2014
193679,2259228,2014
193680,2259336,2014
193682,2259588,2024
193683,2259705,2022
193684,2259994,2022
193685,2260243,2014
193686,2260357,2014
193687,2260477,2022
193688,2260683,2024
193689,2260873,2014
193691,2261145,2014
193692,2261266,2024
193693,2261537,2014
193695,2261759,2014
193696,2261887,2014
193697,2262002,2014
193698,2262120,2014
193699,2262231,2014
193700,2262650,2015
193701,2262869,2014
193702,2262935,2014
193703,2263034,2014
193704,2263174,2014
193705,2263281,2014
193706,2263506,2014
193707,2263610,2024
193709,2263843,2014
193711,2264064,2014
193712,2264205,2014
193713,2264564,2022
193714,2264946,2022
193715,2265285,2024
193716,2265592,2014
193717,2265832,2014
193718,2266028,2014
193721,2266451,2014
193722,2266549,2014
193723,2266671,2014
193724,2266842,2022
193725,2267201,2014
193727,2267404,2024
193728,2267582,2022
193729,2267942,2024
193730,2268147,2014
193731,2268256,2024
193733,2268665,2014
193734,2268868,2014
193735,2268970,2014
193737,2269521,2014
193740,2269848,2022
193741,2270201,2014
193743,2270465,2014
193744,2270548,2024
193745,2270668,2019
193746,2270798,2014
193749,2271212,2014
193750,2271459,2014
193751,2271548,2014
193753,2271950,2014
193754,2272054,2022
193758,2272606,2014
193759,2272759,2014
193760,2272917,2014
193761,2273033,2022
193762,2273163,2014
193766,2273772,2014
193767,2274082,2015
193768,2274187,2015
193769,2274339,2014
193771,2274608,2014
193772,2274746,2014
193775,2275102,2014
193777,2275465,2024
193779,2275929,2014
193780,2276039,2014
193781,2276133,2014
193782,2276246,2014
193784,2276476,2014
193785,2276584,2014
193786,2276701,2014
193787,2276807,2014
193788,2276904,2014
193789,2277017,2014
193791,2277269,2022
193792,2277598,2014
193793,2277707,2014
193794,2277992,2022
193795,2278123,2024
193796,2278385,2014
193797,2278703,2022
193799,2279036,2014
193802,2279300,2014
193803,2279407,2014
193804,2279524,2014
193805,2279861,2014
193808,2280454,2024
193809,2280579,2014
193810,2280706,2014
193811,2280898,2022
193813,2281154,2014
193814,2281477,2022
193815,2281574,2015
193820,2282798,2014
193821,2282947,2022
193822,2283115,2014
193823,2283279,2024
194088,2297435,2024
194289,2309864,2016
194298,2310290,2012
194299,2310398,2012
194301,2310530,2012
194302,2310633,2012
194303,2310733,2012
194305,2310882,2012
194306,2310977,2012
194309,2311298,2012
194331,2312944,2016
194332,2313414,2015
194333,2313598,2019
194334,2313677,2016
194335,2314087,2016
194336,2314486,2016
194337,2314753,2016
194338,2315243,2016
194339,2315682,2016
194340,2315951,2019
194341,2316114,2016
194342,2316417,2016
194343,2316689,2016
194344,2317059,2016
194345,2317341,2015
194346,2317529,2019
194347,2317915,2016
194348,2318123,2016
194349,2318370,2016
194350,2318794,2016
194351,2319116,2016
194352,2319433,2019
194353,2319653,2016
194354,2319802,2016
194355,2319896,2019
194356,2320019,2016
194357,2320449,2022
194358,2320546,2019
194360,2321168,2016
194361,2321652,2016
194363,2321975,2016
194364,2322498,2015
194366,2322853,2016
194367,2323262,2016
194369,2323814,2019
194370,2324045,2016
194371,2324493,2016
194372,2324834,2025
194373,2324921,2016
194374,2325107,2016
194375,2325405,2019
194376,2325523,2016
194377,2325959,2016
194379,2326417,2016
194380,2326929,2016
194381,2327058,2022
194382,2327142,2016
194383,2327639,2016
194384,2327894,2019
194385,2328128,2016
194386,2328595,2016
194387,2328825,2016
194388,2329203,2015
194389,2329339,2015
194391,2329809,2016
194392,2329993,2019
194393,2330240,2016
194394,2330500,2015
194396,2330759,2025
194398,2330934,2016
194399,2331154,2016
194400,2331248,2016
194401,2331357,2016
194402,2331603,2016
194403,2331841,2019
194404,2332151,2022
194405,2332259,2016
194406,2332341,2016
194407,2332631,2016
194408,2332935,2016
194409,2333098,2015
194411,2333238,2022
194413,2333329,2015
194418,2333815,2016
194422,2334147,2016
194423,2334240,2025
194425,2334318,2015
194427,2334417,2015
194428,2334518,2015
194430,2334623,2019
194431,2334698,2024
194432,2334768,2015
194433,2334878,2015
194434,2334985,2019
194435,2335052,2019
194437,2335227,2015
194438,2335331,2022
194439,2335392,2019
194440,2335460,2015
194441,2335568,2015
194442,2335667,2019
194443,2335721,2022
194967,2369138,2015
194968,2369313,2015
194969,2369649,2015
194973,2370131,2015
194974,2370347,2015
194979,2371065,2022
194980,2371160,2015
194981,2371325,2015
194982,2371472,2022
194984,2371680,2015
194986,2371964,2015
194989,2372328,2015
195036,2373695,2020
195047,2373791,2020
195069,2373922,2020
195092,2374036,2020
195095,2374048,2020
195475,2382420,2019
195488,2382480,2016
195512,2382909,2015
195513,2382972,2015
195641,2395588,2022
195642,2395711,2022
195643,2395835,2015
195644,2396017,2022
195645,2396129,2015
195646,2396258,2022
195647,2396347,2015
195648,2396522,2023
195649,2396642,2022
195650,2396832,2022
195651,2397054,2015
195652,2397379,2022
195653,2397502,2023
195655,2397717,2022
195656,2397847,2015
195657,2397924,2015
195658,2398071,2015
195659,2398198,2022
195660,2398366,2022
195661,2398552,2015
195662,2398668,2023
195663,2398813,2023
195664,2398982,2023
195665,2399213,2023
195666,2399330,2023
195667,2399515,2023
195668,2399609,2022
195669,2399712,2019
195670,2399930,2019
195671,2400099,2019
195672,2400205,2015
195673,2400313,2019
195674,2400530,2015
195675,2400689,2019
195676,2400801,2023
195677,2400918,2022
195678,2401032,2019
195679,2401146,2019
195680,2401242,2015
195681,2401545,2022
195682,2401716,2019
195683,2401897,2019
195684,2402261,2015
195685,2402458,2022
195686,2402588,2019
195687,2402785,2022
195688,2402886,2015
195689,2403043,2019
195690,2403238,2019
195691,2403382,2015
195692,2403526,2019
195693,2403645,2019
195694,2403753,2015
195695,2404163,2019
195696,2404265,2019
195697,2404477,2019
195699,2404702,2022
195700,2404907,2019
195701,2405253,2015
195702,2405469,2019
195703,2405605,2022
195704,2405716,2019
195705,2405834,2022
195706,2405947,2019
195707,2406060,2019
195708,2406132,2015
195709,2406221,2019
195710,2406321,2019
195711,2406424,2019
195712,2406583,2019
195714,2406746,2019
195715,2406859,2019
195716,2406968,2019
195717,2407192,2019
195718,2407320,2019
195719,2407557,2019
195720,2407657,2019
195721,2407773,2019
195722,2407952,2019
195723,2408174,2019
195726,2408402,2019
195727,2408650,2019
195728,2408871,2019
195729,2409203,2019
195730,2409308,2019
195731,2409410,2015
195732,2409682,2019
195733,2409869,2019
195734,2410053,2019
195735,2410217,2019
195736,2410319,2019
195737,2410499,2019
195738,2410646,2015
195739,2410754,2022
195740,2410850,2019
195741,2410981,2019
195742,2411309,2019
195743,2411447,2019
195744,2411583,2015
195745,2411694,2019
195746,2411788,2019
195748,2411890,2015
195749,2412099,2019
195750,2412371,2019
195751,2412496,2019
195752,2412592,2019
195753,2412691,2019
195754,2412930,2019
195755,2413250,2019
195756,2413354,2015
195757,2413678,2019
195758,2413821,2019
195759,2413952,2019
195760,2414135,2019
195761,2414316,2019
195762,2414442,2015
195763,2414781,2022
195764,2414880,2019
195766,2414982,2019
195767,2415084,2019
195768,2415189,2019
195769,2415416,2019
195770,2415507,2019
195771,2415621,2015
195772,2415851,2023
195773,2415952,2019
195774,2416065,2019
195775,2416162,2019
195776,2416468,2019
195777,2416571,2019
195779,2416790,2019
195781,2417073,2019
195782,2417174,2019
195783,2417286,2019
195784,2417392,2019
195785,2417498,2019
195786,2417611,2019
195787,2417757,2022
195788,2417908,2019
195789,2418029,2019
195790,2418140,2022
195791,2418271,2022
195792,2418446,2019
195793,2418671,2019
195795,2418803,2019
195796,2418894,2015
195797,2419032,2019
195798,2419123,2019
195799,2419215,2019
195800,2419324,2022
195801,2419428,2019
195802,2419653,2019
195803,2419811,2019
195804,2420204,2019
195805,2420286,2015
195806,2420592,2019
195807,2420691,2019
195808,2420808,2019
195809,2421068,2022
195810,2421141,2015
195811,2421260,2015
195812,2421391,2015
195813,2421538,2015
195814,2421767,2019
195815,2421972,2019
195816,2422080,2019
195817,2422336,2022
195818,2422593,2019
195819,2422880,2019
195820,2423001,2019
195821,2423092,2019
195822,2423212,2019
195823,2423344,2019
195824,2423479,2019
195825,2423761,2015
195826,2423898,2019
195827,2424130,2019
195828,2424316,2019
195829,2424402,2019
195830,2424569,2019
195831,2424757,2019
195832,2424954,2019
195833,2425090,2015
195834,2425205,2022
195835,2425302,2022
195836,2425394,2022
195838,2425617,2015
195839,2425844,2015
195840,2425949,2015
195841,2426127,2015
195843,2426330,2015
195844,2426462,2015
195852,2427458,2015
195857,2428153,2019
195871,2428454,2015
195872,2428519,2015
195873,2428578,2015
195874,2428639,2015
195875,2428702,2015
195876,2428769,2025
195877,2428836,2015
195878,2428899,2025
195879,2429000,2015
195880,2429072,2015
195881,2429179,2015
195883,2429273,2015
195884,2429338,2015
195885,2429395,2015
195886,2429460,2015
196304,2443685,2022
196305,2443724,2012
196314,2444549,2019
196319,2445194,2017
196322,2445486,2012
196323,2445621,2012
196329,2446280,2012
196330,2446389,2012
196331,2446473,2012
196340,2447449,2025
196346,2448042,2025
196348,2448210,2019
196349,2448249,2019
196357,2449241,2012
196358,2449339,2012
196359,2449434,2012
196360,2449516,2012
196364,2449877,2019
196365,2449948,2012
196367,2450110,2012
196368,2450229,2012
196369,2450339,2012
196370,2450435,2012
196373,2450723,2012
196374,2450808,2012
196377,2451063,2012
196381,2451481,2012
196382,2451568,2012
196384,2451758,2012
196386,2451947,2012
196388,2452140,2012
196389,2452229,2012
196391,2452402,2012
196392,2452493,2012
196394,2452850,2012
196395,2453080,2012
196397,2453341,2012
196398,2453511,2012
196399,2453612,2012
196401,2453784,2012
196402,2453880,2012
196404,2454120,2012
196406,2454343,2012
196408,2454631,2012
196411,2455118,2012
196412,2455231,2012
196413,2455320,2012
196422,2456396,2012
196424,2456521,2023
196425,2456560,2023
196426,2456599,2012
196427,2456761,2012
196435,2457207,2012
196436,2457345,2012
196440,2457692,2017
196441,2457731,2017
196443,2457809,2016
196444,2457848,2016
196445,2457887,2016
196447,2457965,2012
196448,2458079,2012
196450,2458243,2012
196451,2458352,2012
196671,2472604,2019
196672,2472655,2015
196677,2473014,2015
196678,2473113,2015
196679,2473222,2015
196680,2473323,2019
196681,2473378,2015
196682,2473491,2019
196683,2473589,2015
196684,2473733,2019
196689,2474200,2015
196691,2474411,2019
196692,2474466,2019
196693,2474568,2015
196694,2474679,2015
196695,2474787,2015
196696,2474888,2015
196697,2474979,2019
196798,2476461,2022
196805,2476503,2023
196806,2476570,2015
196813,2476648,2015
196816,2476851,2024
196818,2476933,2015
196819,2476992,2015
196820,2477055,2015
196824,2477155,2024
196836,2477354,2020
196855,2477628,2020
196864,2477684,2019
197010,2477832,2019
197011,2477839,2019
197018,2477881,2015
197031,2478070,2015
197037,2478261,2015
197044,2478310,2015
197050,2478575,2022
197051,2478582,2021
197056,2478610,2015
197058,2478624,2015
197060,2478692,2015
197063,2478758,2019
197070,2478786,2020
197076,2478821,2017
197078,2478828,2015
197079,2478900,2015
197278,2481170,2014
197304,2481933,2014
197319,2482075,2014
197320,2482119,2014
197321,2482164,2014
197322,2482207,2014
197325,2482269,2014
197327,2482321,2014
197330,2482366,2014
197660,2494920,2013
198794,2535590,2016
198843,2540544,2013
198845,2540634,2013
198892,2544486,2013
198893,2544558,2013
198975,2545792,2015
198976,2545967,2022
198977,2546049,2022
198978,2546131,2022
198979,2546258,2022
198980,2546379,2019
198982,2546651,2022
198983,2546727,2015
198984,2546814,2022
198985,2546860,2019
198986,2547112,2019
198987,2547209,2019
198988,2547287,2022
198989,2547422,2022
19898,2547481,2015
198990,2547602,2022
198991,2547681,2022
198992,2547937,2022
198993,2548018,2022
198994,2548103,2022
198995,2548181,2015
198996,2548270,2015
198998,2548462,2015
199000,2548703,2022
199001,2548816,2022
199002,2548893,2022
199003,2548975,2022
199005,2549134,2019
199006,2549213,2019
199007,2549297,2015
199008,2549391,2015
199009,2549500,2022
199010,2549594,2022
199012,2549806,2019
199014,2549980,2019
199015,2550074,2022
199016,2550183,2019
199017,2550267,2022
199019,2550613,2015
199020,2550760,2019
199021,2550842,2022
199022,2550931,2019
199023,2551006,2022
199024,2551071,2019
199025,2551168,2022
199026,2551269,2022
199027,2551400,2022
199028,2551497,2019
199029,2551596,2015
199030,2551767,2019
199031,2551846,2019
199032,2551936,2022
199033,2552034,2019
199034,2552131,2019
199035,2552239,2019
199036,2552323,2015
199037,2552412,2022
199038,2552491,2015
199039,2552676,2019
199040,2552760,2015
199041,2552857,2022
199042,2552958,2019
199043,2553059,2019
199044,2553146,2022
199045,2553217,2022
199046,2553362,2019
199047,2553459,2022
199048,2553571,2022
199049,2553659,2022
199050,2553746,2019
199052,2553915,2019
199053,2554064,2022
199054,2554166,2019
199055,2554247,2015
199056,2554352,2022
199057,2554448,2022
199058,2554542,2019
199059,2554635,2015
199060,2554716,2019
199061,2554816,2022
199062,2554910,2019
199063,2555001,2019
199064,2555093,2022
199065,2555170,2022
199066,2555259,2022
199067,2555346,2022
199068,2555436,2015
199069,2555643,2022
199070,2555753,2015
199071,2555804,2016
199072,2555871,2022
199073,2555940,2019
199074,2556022,2019
199075,2556124,2019
199076,2556217,2022
199078,2556385,2015
199079,2556655,2022
199080,2556736,2022
199082,2557173,2022
199083,2557272,2022
199084,2557394,2022
199085,2557461,2022
199086,2557550,2015
199087,2557652,2019
199088,2557736,2015
199089,2557835,2022
199090,2557916,2019
199091,2557993,2019
199092,2558090,2022
199093,2558181,2022
199094,2558258,2019
199095,2558374,2019
199096,2558513,2019
199097,2558596,2019
199098,2558709,2022
199099,2558953,2019
199100,2559050,2022
199101,2559195,2022
199102,2559313,2022
199103,2559390,2022
199104,2559501,2022
199105,2559541,2022
199106,2559616,2015
199107,2559791,2019
199108,2559888,2022
199109,2559973,2022
199110,2560050,2023
199111,2560156,2022
199112,2560247,2022
199113,2560369,2019
199114,2560469,2015
199115,2560633,2015
199116,2560822,2019
199117,2560941,2019
199118,2561032,2023
199119,2561172,2022
199120,2561273,2022
199121,2561364,2022
199122,2561453,2019
199123,2561540,2022
199125,2561715,2015
199126,2561803,2019
199127,2561889,2022
199128,2561996,2022
199130,2562159,2019
199131,2562238,2022
199132,2562333,2022
199133,2562488,2019
199134,2562589,2022
199135,2562677,2015
199136,2562793,2019
199137,2562898,2022
199138,2562969,2023
199139,2563072,2015
199140,2563257,2019
199141,2563376,2019
199143,2563530,2019
199144,2563625,2022
199145,2563740,2022
199146,2563848,2015
199147,2564079,2019
199148,2564170,2019
199149,2564251,2022
199150,2564348,2022
199151,2564465,2022
199152,2564557,2022
199153,2564612,2022
199154,2564688,2022
199155,2564741,2022
199156,2564822,2015
199157,2564932,2015
199158,2565062,2022
199159,2565157,2022
199160,2565249,2019
199161,2565331,2015
199162,2565472,2022
199163,2565566,2022
199164,2565660,2019
199165,2565748,2022
199166,2565823,2019
199167,2565912,2022
199168,2565995,2022
199169,2566052,2015
199170,2566205,2019
199171,2566292,2022
199172,2566392,2019
199173,2566501,2022
199174,2566616,2019
199175,2566698,2019
199176,2566787,2022
199177,2566854,2019
199178,2566945,2022
199179,2567080,2023
199180,2567183,2015
199181,2567360,2022
199182,2567473,2022
199183,2567562,2022
199184,2567638,2022
199186,2567748,2019
199187,2567835,2015
199188,2567976,2019
199189,2568063,2015
199190,2568152,2022
199191,2568205,2019
199192,2568280,2022
199193,2568371,2022
199194,2568418,2022
199195,2568515,2022
199197,2568609,2022
199198,2568710,2015
199199,2568799,2022
199200,2568888,2019
199202,2569457,2019
199203,2569546,2022
199204,2569616,2022
199205,2569787,2015
199206,2569914,2022
199207,2570012,2019
199208,2570103,2019
199209,2570201,2022
199210,2570295,2022
199211,2570395,2022
199212,2570481,2022
199213,2570753,2019
199214,2570856,2022
199216,2571044,2022
199217,2571133,2015
199218,2571259,2019
199219,2571344,2022
199220,2571436,2019
199221,2571583,2015
199222,2571739,2022
199223,2571860,2015
199224,2571983,2019
199225,2572080,2022
199226,2572171,2022
199227,2572256,2019
199228,2572343,2022
199229,2572429,2022
199230,2572538,2019
199231,2572624,2015
199232,2572825,2015
199233,2572936,2022
199234,2572999,2019
199235,2573126,2019
199236,2573225,2022
199238,2573357,2022
199239,2573506,2019
199240,2573615,2015
199241,2573754,2015
199242,2573848,2022
199243,2573964,2019
199244,2574045,2019
199245,2574154,2022
199246,2574231,2022
199247,2574430,2019
199248,2574507,2022
199249,2574612,2015
199250,2574824,2022
199251,2574901,2022
199252,2574985,2022
199253,2575036,2022
199254,2575144,2022
199255,2575295,2022
199256,2575380,2015
199257,2575495,2022
199258,2575605,2022
199259,2575782,2015
199261,2575957,2022
199263,2576085,2022
199264,2576185,2019
199265,2576396,2022
199266,2576485,2019
199267,2576576,2015
199268,2576696,2019
199269,2576780,2019
199270,2576874,2015
199271,2576971,2022
199272,2577050,2015
199273,2577204,2022
199274,2577278,2022
199276,2577571,2022
199277,2577653,2022
199278,2577798,2015
199279,2577982,2015
199280,2578093,2022
199281,2578168,2019
199282,2578271,2019
199283,2578367,2019
199284,2578513,2022
199285,2578586,2019
199286,2578687,2022
199287,2578793,2015
199288,2578911,2022
199289,2578995,2022
199290,2579148,2022
199291,2579237,2019
199292,2579324,2022
199293,2579427,2022
199294,2579554,2019
199295,2579699,2019
199296,2579793,2019
199297,2579880,2022
199298,2579966,2019
199299,2580066,2022
199300,2580170,2022
199301,2580264,2022
199302,2580351,2015
199303,2580457,2022
199304,2580532,2022
199306,2580761,2019
199307,2580852,2022
199308,2580940,2022
199309,2581016,2022
199310,2581124,2022
199311,2581219,2015
199312,2581381,2015
199313,2581627,2022
199314,2581715,2015
199315,2581910,2022
199316,2581983,2023
199317,2582065,2023
199318,2582179,2019
199319,2582260,2019
199320,2582350,2022
199321,2582454,2022
199322,2582624,2015
199323,2582833,2015
199324,2583114,2015
199325,2583232,2022
199326,2583323,2019
199328,2583497,2015
199329,2583574,2022
199330,2583709,2022
199331,2583855,2022
199332,2583930,2022
199333,2584011,2019
199334,2584108,2022
199335,2584205,2019
199336,2584285,2019
199337,2584390,2015
199338,2584565,2019
199339,2584662,2022
199340,2584816,2022
199341,2585044,2022
199342,2585238,2015
199343,2585339,2022
199344,2585390,2021
199345,2585625,2022
199346,2585772,2019
199347,2585861,2015
199348,2585967,2019
199349,2586051,2022
199350,2586132,2019
199351,2586219,2023
199352,2586316,2019
199353,2586425,2022
199354,2586478,2022
199355,2586566,2015
199356,2586686,2019
199357,2586795,2022
199358,2586900,2022
199359,2586985,2019
199361,2587150,2015
199362,2587246,2022
199364,2587480,2015
199365,2587623,2022
199366,2587713,2022
199367,2587847,2022
199368,2587994,2019
199369,2588083,2022
199370,2588188,2015
199371,2588283,2019
199372,2588373,2022
199373,2588490,2015
199374,2588697,2019
199375,2588824,2022
199376,2588900,2015
199377,2588987,2022
199378,2589110,2019
199379,2589232,2022
199380,2589332,2022
199381,2589437,2019
199382,2589536,2022
199383,2589637,2022
199384,2589785,2022
199385,2589864,2022
199386,2589904,2019
199387,2589998,2022
199388,2590205,2019
199389,2590286,2019
199390,2590378,2015
199391,2590473,2015
199392,2590580,2022
199393,2590671,2019
199394,2590780,2019
199395,2590874,2022
199397,2591036,2019
199398,2591123,2015
199399,2591317,2023
199400,2591403,2019
199401,2591532,2015
199402,2591693,2022
199403,2591792,2022
199404,2591915,2022
199405,2591996,2022
199406,2592077,2019
199407,2592153,2019
199408,2592235,2019
199409,2592406,2019
199410,2592494,2022
199411,2592594,2019
199412,2592742,2019
199414,2592909,2019
199415,2592990,2022
199416,2593041,2019
199417,2593126,2022
199418,2593224,2019
199419,2593332,2019
199624,2607287,2012
199658,2608958,2024
199659,2608983,2012
199855,2614538,2015
200714,2681347,2013
200715,2681354,2013
200787,2681555,2017
200797,2681879,2017
200855,2683543,2017
200866,2683909,2017
200901,2684925,2020
200950,2686260,2017
200957,2686495,2017
200958,2686557,2021
200959,2686572,2020
200966,2686950,2017
200988,2687835,2017
201004,2688298,2020
201031,2689274,2017
201041,2689666,2017
201062,2690207,2017
201075,2690611,2020
201085,2690857,2019
201096,2691169,2021
201098,2691199,2020
201106,2691443,2017
201108,2691521,2017
201121,2691993,2017
201141,2692932,2017
201159,2693757,2017
201164,2694033,2020
201194,2695080,2017
201244,2696832,2017
201249,2696968,2017
201281,2698047,2021
201314,2698872,2012
201315,2698971,2012
201946,2730890,2013
201947,2731015,2013
201995,2731843,2022
201996,2731850,2017
201997,2731857,2017
202001,2731901,2017
202007,2731936,2019
202008,2731943,2020
202018,2732040,2019
202019,2732047,2020
202021,2732061,2025
202022,2732068,2019
202023,2732091,2025
202024,2732098,2019
202026,2732105,2019
202027,2732112,2019
202028,2732119,2019
202030,2732133,2020
202031,2732140,2020
202032,2732147,2019
202033,2732154,2019
202037,2732182,2020
202038,2732189,2020
202039,2732196,2020
202040,2732203,2020
202042,2732210,2019
20724,2773791,2015
2113,2774607,2016
21341,2775256,2014
21342,2775386,2014
21343,2775508,2014
21994,2780737,2014
22003,2780880,2021
245,2785934,2022
97358453,2788691,2019
3764,2867119,2014
3851,2870736,2021
3852,2872747,2019
3853,2874370,2021
3898,2884984,2018
39331,2899669,2019
39336,2899894,2019
39341,2903170,2019
39347,2906921,2020
39352,2907336,2020
39359,2908200,2021
39368,2908817,2020
39372,2910670,2021
39374,2911619,2019
39378,2913541,2019
39380,2915472,2021
39381,2915850,2019
39385,2918526,2019
39386,2920499,2019
39388,2921825,2019
40711,2933145,2015
41064,2951089,2020
41736,2954286,2019
41741,2954522,2020
41801,2956075,2020
41823,2956343,2020
41830,2956761,2018
152781967,2957982,2020
44221,2994285,2020
44565,2994832,2018
44577,2995521,2020
44578,2995648,2020
44581,2995765,2020
44582,2996098,2020
44583,2996319,2020
44586,2996520,2020
44587,2996626,2020
130394197,2996872,2020
44590,2996991,2020
44595,2997621,2020
44597,2997866,2020
44598,2998129,2020
44603,2998283,2019
44642,2998643,2020
44644,2998902,2020
44645,2999023,2021
44656,2999132,2020
44666,2999242,2020
44674,2999451,2018
44993,2999889,2020
45433088,3010181,2019
4805,3012384,2015
5269,3014120,2012
5270,3014172,2012
5272,3014298,2012
5273,3014429,2013
152784762,3088090,2021
60128,3088381,2020
60135,3088651,2020
60154,3090027,2020
60159,3090316,2020
60161,3090840,2021
60189,3091090,2020
60201,3091753,2020
60202,3091946,2020
60203,3092243,2020
60204,3092518,2020
60206,3092676,2021
60209,3092852,2020
60214,3093390,2020
60215,3093577,2020
60217,3093780,2021
60218,3094144,2020
60219,3094326,2021
144136822,3094594,2020
144141186,3095153,2021
60225,3095898,2019
60230,3096513,2020
60236,3096618,2020
60239,3097165,2020
61250,3101831,2016
61398,3103491,2020
61407,3103881,2021
61416,3104105,2020
61419,3104442,2020
62222,3110058,2012
6229,3111662,2018
63101,3117368,2020
63107,3117894,2020
63108,3118179,2020
63109,3118640,2020
63110,3118881,2020
63116,3119790,2020
63121,3120509,2020
63124,3120930,2020
63133,3121233,2020
63137,3121362,2020
63142,3121523,2019
63143,3121739,2020
63144,3121878,2020
63151,3122699,2020
104065040,3122808,2020
63153,3123409,2021
63157,3124169,2020
63161,3124285,2020
7134,3137134,2013
8813,3147213,2014
8817,3147272,2014
908,3149565,2021
10016,3154116,1996
10017,3154173,1996
10018,3154228,1996
10019,3154283,1996
10020,3154447,1996
10021,3154502,1996
11191,3261228,1996
11368,3273689,1996
11369,3273817,2010
11375,3274618,2000
11501,3287697,1996
11534,3292503,2008
12242,3329078,1996
12244,3329140,1996
12382,3339013,1996
12808,3383616,1996
12809,3383651,1996
12810,3383732,1996
12807,3384267,1996
13045,3406968,1996
13238,3424217,1996
135301,4071001,2011
135484,4129545,2008
135574,4150043,2008
13932,4366666,1996
13933,4366703,1996
13934,4366738,1996
14264,4428878,2007
14331,4433047,1996
14500,4440023,1996
14561,4444519,1996
14831,4464902,1996
15270,4508871,1996
15271,4508918,1996
15273,4509129,1996
15274,4509314,1996
15275,4509361,1996
15276,4509408,1996
15278,4509496,1996
15279,4509543,1996
15280,4509817,1996
15281,4509987,1996
15283,4510374,1996
15284,4510421,1996
15285,4510496,1996
15286,4510543,1996
15287,4510590,1996
15288,4510738,1996
15289,4510785,1996
15290,4510832,1996
15291,4510883,1996
15292,4511091,1996
15293,4511273,1996
15295,4511367,1996
15296,4511414,1996
15297,4511585,1996
15298,4511631,1996
153535,4516419,2010
153538,4516675,2010
153648,4526314,2010
154619,4590024,2010
154622,4590633,2010
154623,4590807,2010
154625,4591618,2010
154626,4591794,2010
154627,4592158,2010
154628,4592411,2010
154630,4593019,2010
154632,4593528,2010
154634,4593933,2010
154637,4594511,2010
154639,4594926,2010
154642,4595555,2010
154643,4595759,2010
154645,4596339,2010
154647,4596702,2010
154651,4598201,2010
154664,4600749,2010
154667,4601306,2010
154672,4602616,2010
154673,4602802,2010
154675,4603482,2010
154678,4604440,2010
154680,4604957,2010
154688,4607181,2010
154689,4607406,2010
154694,4608433,2010
154697,4609111,2010
154700,4610380,2010
154701,4610583,2010
154711,4612512,2010
154712,4614989,2011
154713,4616115,2010
154719,4617316,2010
154720,4617579,2010
154722,4618290,2010
154725,4618893,2010
154727,4619279,2010
154728,4619455,2010
154729,4619676,2010
154737,4622223,2010
154738,4622426,2010
154740,4622925,2010
154742,4623236,2010
154751,4625362,2010
154752,4625533,2010
154753,4625723,2010
154757,4626790,2010
154760,4627606,2010
154762,4628093,2010
154763,4628251,2010
154766,4628935,2010
154775,4630891,2010
154783,4632618,2010
154785,4633007,2010
154788,4633577,2010
154790,4634050,2010
154796,4635390,2010
154797,4635708,2011
154798,4635834,2010
154801,4636401,2010
154803,4636999,2010
154807,4637970,2010
154809,4639390,2010
154812,4639767,2010
154813,4640067,2010
154815,4640485,2010
154820,4641606,2010
154821,4643586,2010
154825,4644581,2011
154829,4645181,2010
154831,4645603,2010
154832,4645809,2010
154834,4646487,2010
154841,4647878,2010
154842,4648063,2010
154849,4650138,2010
154852,4651378,2010
154856,4652469,2010
154868,4655027,2010
154872,4656289,2010
154877,4657502,2010
154884,4658947,2010
154887,4659556,2010
154891,4660329,2010
154894,4660964,2010
154895,4661163,2010
154899,4662632,2010
154903,4663430,2010
154904,4663615,2010
154906,4664006,2010
154907,4664565,2010
154910,4665240,2010
154911,4665437,2010
154912,4665615,2010
154915,4666423,2010
154916,4666683,2010
154919,4667820,2010
154920,4668079,2010
154926,4669104,2010
154927,4669277,2010
154928,4669460,2010
154929,4669843,2010
154930,4670747,2010
154933,4671390,2010
154934,4671733,2010
154935,4671918,2010
154939,4672723,2010
154943,4673560,2010
154947,4674591,2010
154948,4674806,2010
154950,4675173,2010
154952,4675673,2010
154954,4676318,2010
154957,4676936,2010
154958,4677100,2010
154962,4678118,2010
154965,4678664,2010
154966,4678854,2010
154969,4679431,2010
154970,4679678,2010
154973,4680674,2010
154974,4680982,2010
154986,4683552,2010
154987,4683767,2010
154994,4685481,2010
154995,4685653,2010
154997,4686634,2010
154998,4687037,2010
155064,4690236,2010
155001,4690413,2010
155002,4690902,2010
155003,4691258,2010
155004,4691693,2010
155005,4692079,2010
155006,4692553,2010
155079,4692825,2010
155007,4693011,2010
155083,4694588,2010
155011,4694871,2010
155084,4695047,2010
155086,4696147,2010
155014,4696428,2010
155015,4697606,2010
155017,4698430,2010
155090,4699021,2010
155019,4699254,2010
155022,4700791,2010
155094,4701018,2010
155023,4701210,2010
155095,4701465,2010
155024,4701666,2010
155097,4703967,2010
155098,4704720,2010
155099,4704977,2010
155028,4705165,2010
155029,4705571,2010
155030,4705899,2010
155031,4706595,2010
155101,4706780,2010
155032,4706961,2010
155102,4707166,2010
155033,4707420,2010
155103,4707593,2010
155034,4707766,2010
155104,4708020,2010
155105,4708518,2010
155036,4708753,2010
155108,4709936,2010
155109,4710281,2010
155041,4710810,2010
155111,4711374,2010
155112,4712037,2010
155046,4713716,2010
155047,4714187,2010
155118,4715433,2010
155121,4717007,2010
155123,4717767,2010
155057,4718929,2010
155126,4719160,2010
155068,4721000,2010
155072,4724648,2010
155133,4724875,2010
155134,4725434,2010
155075,4726238,2010
155136,4726716,2010
155076,4726953,2010
155138,4727334,2010
155144,4728655,2010
155146,4729077,2010
155150,4730125,2010
155151,4730296,2010
155153,4730539,2010
155155,4731017,2010
155159,4731746,2010
155166,4734035,2010
155170,4734959,2010
155174,4735851,2010
155182,4737699,2010
155186,4739095,2010
155187,4739410,2010
155188,4739603,2010
155193,4741682,2010
155194,4741904,2010
155196,4742287,2010
155203,4744205,2010
155205,4744711,2010
155206,4744940,2010
155213,4746301,2010
155220,4749409,2010
155221,4749823,2010
155234,4753621,2010
155237,4754338,2010
155238,4754575,2010
155239,4754799,2010
155243,4755945,2010
155250,4757392,2010
155251,4757678,2010
155252,4757843,2010
155256,4758698,2010
155257,4758878,2010
155260,4759559,2010
155263,4760384,2010
155266,4761222,2010
155268,4761779,2010
155270,4762339,2010
155274,4763324,2010
155287,4766841,2010
155298,4769321,2010
155303,4770745,2010
155308,4771656,2010
155310,4772225,2010
155312,4772811,2010
155313,4772985,2010
155314,4773189,2010
155318,4773847,2010
155320,4774551,2010
155321,4774794,2010
155326,4775877,2010
155327,4776119,2010
155474,4782113,2011
155552,4797123,2011
155562,4798516,2011
155597,4806288,2011
155610,4807984,2011
155734,4834019,2011
155835,4851683,2011
155843,4853589,2011
155989,4879741,2011
156018,4889700,2011
158630,5243546,2010
158632,5243740,2010
16067,5375287,1996
16083,5380419,1996
16084,5380601,1996
16185,5504008,1996
164280,5808308,2010
164508,5897605,2010
165607,6066720,2010
165608,6067002,2010
165609,6067212,2010
165610,6067508,2010
165611,6067709,2010
165612,6068113,2010
165613,6068352,2010
165614,6068501,2010
165615,6068709,2010
165616,6069068,2010
165617,6069257,2010
165618,6069401,2010
165619,6069598,2010
165620,6069915,2010
165621,6070137,2010
165622,6070311,2010
165623,6070690,2010
165624,6070984,2010
165625,6071318,2010
165626,6071516,2010
165627,6072151,2010
165628,6072507,2010
165630,6073181,2010
165631,6073721,2010
165632,6074436,2010
165633,6074763,2010
165634,6074982,2010
165635,6075192,2010
165636,6075419,2010
165637,6075592,2010
165638,6075990,2010
165639,6076489,2010
165640,6077819,2010
165641,6078232,2010
165642,6078712,2010
165643,6078975,2010
165644,6079181,2010
165645,6079375,2010
165646,6079535,2010
165647,6079849,2010
165648,6080038,2010
165649,6080300,2010
165650,6080493,2010
165651,6080984,2010
165652,6081573,2010
165653,6081960,2010
165654,6082273,2010
165655,6082463,2010
165656,6082636,2010
165657,6082857,2010
165658,6083175,2010
165659,6083324,2010
165660,6083616,2010
165661,6083782,2010
165662,6084068,2010
165663,6084240,2010
165664,6084416,2010
165665,6084693,2010
165666,6085100,2010
165667,6085300,2010
165668,6085813,2010
165669,6086327,2010
165670,6086941,2010
165671,6087151,2010
165672,6087416,2010
165673,6087793,2010
165674,6088138,2010
165675,6088360,2010
165676,6088487,2010
165677,6088718,2010
165678,6088913,2010
165679,6089235,2010
165680,6089397,2010
165681,6089748,2010
165682,6090163,2010
165683,6090332,2010
165684,6090778,2010
165685,6091062,2010
165686,6091308,2010
165687,6091795,2010
165688,6091974,2010
165689,6092221,2010
165690,6093109,2010
165691,6093250,2010
165692,6093453,2010
165693,6093779,2010
165694,6093968,2010
165695,6094300,2010
165696,6094656,2010
165697,6094841,2010
165698,6095139,2010
165699,6095305,2010
165700,6095674,2010
165701,6095901,2010
165702,6096056,2010
165703,6096355,2010
165704,6096562,2010
165705,6096997,2010
165706,6097200,2010
165707,6097352,2010
165708,6097568,2010
165709,6097758,2010
165710,6097937,2010
165711,6098073,2010
165712,6098323,2010
165713,6098956,2010
165714,6099340,2010
165715,6099818,2010
165716,6099950,2010
165717,6100594,2010
165718,6100810,2010
165719,6101058,2010
165720,6101640,2010
165721,6101795,2010
165723,6101966,2010
165724,6102242,2010
165725,6102456,2010
165726,6102836,2010
165727,6102970,2010
165822,6141673,2010
165823,6141860,2010
165824,6142025,2010
165825,6142167,2010
165826,6142388,2010
165827,6142514,2010
165828,6142661,2010
165829,6143143,2010
165830,6143509,2010
165831,6143660,2010
165832,6143879,2010
165833,6144097,2010
165834,6144376,2010
165835,6144569,2010
165836,6144988,2010
165837,6145156,2010
165838,6145523,2010
165839,6145733,2010
165840,6145988,2010
165841,6146292,2010
165842,6146481,2010
165843,6146629,2010
165844,6146908,2010
165845,6147130,2010
165846,6147400,2010
165847,6147547,2010
165848,6147706,2010
165849,6148052,2010
165850,6148337,2010
165851,6148505,2010
165852,6149013,2010
165853,6149398,2010
165854,6149632,2010
165855,6149788,2010
165856,6150009,2010
165857,6150186,2010
165858,6150368,2010
165860,6150674,2010
165861,6151012,2010
165862,6151184,2010
165863,6151838,2010
165864,6151980,2010
165865,6152213,2010
165867,6152605,2010
165868,6152833,2010
165869,6153102,2010
165870,6153339,2010
165871,6153518,2010
165872,6153996,2010
165873,6154247,2010
165874,6154560,2010
165875,6154710,2010
165876,6154884,2010
165878,6155199,2010
165879,6155521,2010
165880,6155998,2010
165881,6156216,2010
165882,6156389,2010
165883,6156566,2010
165884,6156968,2010
165885,6157224,2010
165887,6157789,2010
165888,6158177,2010
165889,6158436,2010
165890,6158737,2010
165891,6158885,2010
165892,6159058,2010
165893,6159207,2010
165894,6159417,2010
165895,6159558,2010
165896,6159731,2010
165897,6159992,2010
165898,6160204,2010
165899,6160601,2010
165900,6160869,2010
165901,6161055,2010
165902,6161394,2010
165903,6161805,2010
165910,6162557,2010
165912,6162844,2010
166009,6166924,2011
166428,6207091,2010
166552,6234729,2010
166693,6261475,2010
166699,6263639,2010
166700,6263984,2010
166704,6265155,2010
166708,6266110,2010
166709,6266378,2010
166715,6267767,2010
166719,6268640,2010
166722,6269414,2010
166725,6270056,2010
166739,6272320,2010
166742,6273140,2010
166750,6275115,2010
166754,6275995,2010
166756,6276391,2010
166777,6281104,2010
166778,6281421,2010
166781,6282092,2010
166783,6282614,2010
166794,6284952,2010
166805,6287439,2010
166900,6291741,2011
166945,6294265,2011
167710,6371187,2009
168297,6476787,2010
168374,6484924,2010
168780,6536949,2011
169015,6561794,2010
169376,6614160,2010
169595,6650437,2009
169676,6666175,2010
169679,6666453,2010
169948,6690436,2011
169949,6690609,2011
169951,6691002,2011
169954,6691901,2011
169956,6692625,2011
169957,6692749,2011
169958,6693016,2011
169959,6693462,2011
169960,6693657,2011
169962,6693818,2011
169963,6694019,2011
169964,6694185,2011
169965,6694390,2011
169966,6694575,2011
169968,6695068,2011
169969,6695320,2011
169970,6695905,2011
169971,6696089,2011
169972,6696250,2011
169973,6696438,2011
169974,6696875,2011
169976,6697254,2011
169977,6697654,2011
169978,6697770,2011
169979,6698039,2011
169980,6698477,2011
169981,6698630,2011
169982,6698791,2011
169983,6698918,2011
169984,6699281,2011
169985,6699478,2011
169986,6699669,2011
169987,6700058,2011
169988,6700336,2011
169989,6700633,2011
169990,6700828,2011
169991,6701043,2011
169993,6701255,2011
169995,6701441,2011
169996,6701582,2011
169997,6701747,2011
169999,6701999,2011
170060,6702146,2011
170000,6702314,2011
170061,6702592,2011
170063,6702821,2011
170002,6703032,2011
170062,6703197,2011
170003,6703427,2011
170064,6703608,2011
170004,6703824,2011
170065,6704055,2011
170005,6704256,2011
170006,6704413,2011
170007,6704564,2011
170008,6704714,2011
170079,6705021,2011
170009,6705155,2011
170010,6705694,2011
170080,6705848,2011
170081,6706232,2011
170082,6706548,2011
170013,6706921,2011
170083,6707050,2011
170014,6707180,2011
170015,6707541,2011
170085,6707827,2011
170016,6707945,2011
170086,6708097,2011
170017,6708366,2011
170087,6708595,2011
170018,6708760,2011
170088,6709017,2011
170019,6709256,2011
170089,6709382,2011
170020,6709551,2011
170090,6709780,2011
170021,6709910,2011
170091,6710288,2011
170022,6710388,2011
170092,6710513,2011
170023,6710751,2011
170093,6711166,2011
170024,6711317,2011
170094,6711431,2011
170025,6711779,2011
170095,6711975,2011
170026,6712157,2011
170096,6712378,2011
170097,6712578,2011
170028,6712946,2011
170029,6713375,2011
170030,6713969,2011
170031,6714256,2011
170032,6714639,2011
170033,6715102,2011
170034,6715411,2011
170035,6715683,2011
170036,6716154,2011
170037,6716526,2011
170038,6717105,2011
170039,6717407,2011
170040,6718054,2011
170041,6718490,2011
170042,6718864,2011
170043,6719201,2011
170044,6719491,2011
170046,6720146,2011
170047,6720447,2011
170048,6720721,2011
170049,6721056,2011
170050,6721425,2011
170051,6721711,2011
170052,6721853,2011
170053,6722040,2011
170054,6722209,2011
170055,6722443,2011
170056,6722688,2011
170057,6723020,2011
170059,6723980,2011
170066,6724132,2011
170067,6724412,2011
170068,6724610,2011
170069,6724731,2011
170070,6724965,2011
170071,6725197,2011
170072,6725661,2011
170073,6725821,2011
170074,6725973,2011
170075,6726084,2011
170350,6761521,2011
172395,6883227,2011
172415,6887748,2011
172470,6898682,2011
172491,6903077,2011
173157,6966289,2010
173176,6970669,2010
173319,6989685,2010
173320,6990381,2010
173321,6990528,2010
173322,6990689,2010
173323,6990855,2010
173324,6990996,2010
173325,6991162,2010
173326,6991316,2010
173327,6991467,2010
173328,6991773,2010
173329,6992218,2010
173330,6992405,2010
173331,6992567,2010
173332,6992969,2010
173333,6993340,2010
173334,6993582,2010
173335,6993689,2010
173336,6993874,2010
173337,6994043,2010
173338,6994270,2010
173339,6994461,2010
173340,6994779,2010
173341,6994909,2010
173342,6995080,2010
173343,6995388,2010
173344,6995596,2010
173345,6995781,2010
173346,6995927,2010
173347,6996342,2010
173348,6996472,2010
173349,6996688,2010
173350,6997176,2010
173351,6997332,2010
173352,6997485,2010
173353,6997857,2010
173354,6998009,2010
173355,6998170,2010
173356,6998310,2010
173357,6998463,2010
173358,6998619,2010
173359,6998923,2010
173360,6999061,2010
173361,6999224,2010
173362,6999534,2010
173363,6999692,2010
173364,7000000,2010
173365,7000432,2010
173366,7000590,2010
173367,7000726,2010
173368,7000904,2010
173369,7001137,2010
173370,7001305,2010
173371,7001541,2010
173372,7001725,2010
173373,7002177,2010
173374,7002336,2010
173375,7002484,2010
173376,7002822,2010
173377,7003062,2010
173378,7003203,2010
173379,7003559,2010
173380,7004201,2010
173381,7004341,2010
173382,7004500,2010
173383,7004749,2010
173384,7004901,2010
175093,7096123,2011
175095,7096276,2011
175104,7097356,2011
175074,7111436,2011
175075,7111823,2011
175076,7112167,2011
17604,7182421,1996
176670,7281041,2010
176672,7281308,2010
176677,7282110,2010
176678,7282253,2010
176680,7282653,2010
176691,7284656,2010
176706,7286976,2010
176707,7287175,2010
176709,7287652,2010
176712,7288420,2010
176713,7288602,2010
176715,7288947,2010
176717,7289307,2010
176720,7290209,2010
176721,7290432,2010
176722,7290670,2010
176723,7290809,2010
176724,7291020,2010
176725,7291181,2010
176726,7291386,2010
176727,7291730,2010
176728,7291867,2010
176729,7292011,2010
176730,7292260,2010
176731,7292396,2010
176732,7292599,2010
176733,7292717,2010
176734,7292879,2010
176735,7293104,2010
176736,7293312,2010
176737,7293481,2010
176739,7294503,2010
176740,7294814,2010
176742,7295223,2010
176743,7295429,2010
176744,7295660,2010
176745,7295853,2010
176748,7296594,2010
176749,7296785,2010
176750,7296975,2010
176751,7297371,2010
176752,7297560,2010
176753,7297716,2010
176754,7297862,2010
176755,7298070,2010
176756,7298218,2010
176757,7298462,2010
176758,7298709,2010
176759,7298829,2010
176760,7299043,2010
176761,7299189,2010
176762,7299369,2010
176763,7299535,2010
176765,7299914,2010
176766,7300214,2010
176767,7300378,2010
176768,7300648,2010
176771,7301306,2010
176772,7301678,2010
176773,7301845,2010
177110,7366131,2010
177115,7369095,2011
177147,7376826,2011
177249,7399780,2011
177286,7406040,2011
178060,7482691,2010
178077,7484332,2010
178097,7486588,2010
178100,7487327,2010
178102,7487832,2010
178105,7488494,2010
178106,7488815,2010
178107,7488999,2010
178108,7489124,2010
178043,7489678,2010
178048,7489912,2010
178051,7490053,2010
178054,7490276,2010
178057,7490381,2010
178066,7490503,2010
178070,7491007,2010
178072,7491200,2010
178074,7491427,2010
1784,7539000,1996
178796,7608551,2010
178797,7608891,2010
178798,7609219,2010
178799,7609832,2010
178800,7610085,2010
178801,7610513,2010
178802,7610721,2010
178803,7610926,2010
178804,7611432,2010
178805,7611857,2010
178806,7612125,2010
178807,7612712,2010
178808,7612909,2010
178809,7613129,2010
178810,7613396,2010
178811,7613866,2010
178812,7614493,2010
178813,7614751,2010
178814,7615033,2010
178815,7615342,2010
178816,7615575,2010
178817,7615840,2010
178818,7616160,2010
178819,7616373,2010
178820,7616950,2010
178821,7617234,2010
178822,7617531,2010
178823,7617944,2010
178824,7618310,2010
178825,7618520,2010
178826,7619018,2010
178827,7619241,2010
178828,7619457,2010
178829,7619971,2010
178830,7620385,2010
178831,7620672,2010
178832,7621003,2010
178834,7621565,2010
178835,7621783,2010
178837,7622285,2010
178838,7622565,2010
178839,7623021,2010
178840,7623394,2010
178841,7623713,2010
178842,7623953,2010
178843,7624351,2010
178844,7624677,2010
178845,7624881,2010
178846,7625290,2010
178847,7625682,2010
178848,7625926,2010
178849,7626146,2010
178850,7626520,2010
178852,7627492,2010
178853,7627935,2010
178854,7628170,2010
178855,7628562,2010
178856,7628795,2010
178857,7629021,2010
178858,7629292,2010
17974,7640533,1996
180103,7642592,2010
180105,7642700,2011
180106,7642829,2011
180107,7642958,2011
180108,7643094,2011
180109,7643221,2011
180110,7643348,2011
180111,7643475,2011
180112,7643602,2011
180114,7643729,2011
180115,7643854,2011
180116,7643982,2011
180118,7644110,2011
180120,7644236,2011
180121,7644347,2011
180122,7644459,2011
180123,7644580,2011
180125,7644709,2011
180126,7644832,2011
180127,7644947,2011
180129,7645066,2011
180131,7645193,2011
180133,7645307,2011
180135,7645434,2011
180136,7645548,2011
180139,7645678,2011
180142,7645929,2011
181328,7668262,2011
182498,7898176,2010
183206,8072179,2010
183207,8072357,2010
183208,8072492,2010
183209,8072656,2010
183211,8073276,2010
183212,8073472,2010
183213,8073577,2010
183216,8073954,2010
183219,8074545,2010
183220,8074932,2010
183222,8075183,2010
183224,8075472,2010
183225,8075653,2010
183226,8075874,2010
183228,8076171,2010
183229,8076333,2010
183230,8076786,2010
183231,8076961,2010
183233,8077349,2010
183234,8077459,2010
183236,8077783,2010
183237,8077916,2010
183238,8078089,2010
183239,8078216,2010
183240,8078672,2010
183241,8078801,2010
183246,8079653,2010
183249,8080164,2010
183250,8080547,2010
183251,8080790,2010
183253,8081060,2010
183254,8081170,2010
183256,8081555,2010
183260,8082453,2010
183261,8082587,2010
183262,8082774,2010
183263,8082922,2010
183264,8083122,2010
183265,8083258,2010
183266,8083376,2010
183267,8083578,2010
183269,8083938,2010
183270,8084421,2010
183272,8084702,2010
183273,8084869,2010
183275,8084978,2010
183276,8085119,2010
183277,8085306,2010
183279,8085701,2010
183280,8086079,2010
183281,8086198,2010
183282,8086365,2010
183283,8086554,2010
183284,8086729,2010
183286,8087128,2010
183287,8087332,2010
183288,8087564,2010
183289,8087692,2010
183290,8087911,2010
183291,8088059,2010
183293,8088434,2010
183295,8088877,2010
183296,8089069,2010
183297,8089280,2010
183298,8089454,2010
183299,8089696,2010
183301,8089925,2010
183303,8090129,2010
183304,8090268,2010
183306,8090568,2010
183311,8091389,2010
183312,8091621,2010
183313,8091810,2010
183315,8092211,2010
183318,8092587,2010
183319,8092713,2010
183320,8093141,2010
183321,8093259,2010
183322,8093388,2010
183324,8093737,2010
183327,8094261,2010
183328,8094426,2010
183329,8094611,2010
183330,8094816,2010
183333,8095354,2010
183334,8095487,2010
183336,8095864,2010
183337,8096061,2010
183338,8096205,2010
183339,8096349,2010
183341,8096702,2010
183343,8097092,2010
183348,8097613,2010
183349,8097752,2010
183352,8098263,2010
183355,8098770,2010
183357,8099025,2010
183359,8099346,2010
183361,8099980,2010
183365,8100468,2010
183366,8100637,2010
183367,8100806,2010
183368,8100926,2010
183370,8101310,2010
183371,8101506,2010
183373,8101797,2010
183375,8102131,2010
183377,8102488,2010
183378,8102670,2010
183381,8103474,2010
183384,8103919,2010
183385,8104072,2010
183391,8105356,2010
183392,8105497,2010
183393,8105636,2010
183394,8105776,2010
183396,8106059,2010
183398,8106453,2010
183399,8106628,2010
183400,8107077,2010
183401,8107209,2010
183402,8107342,2010
183403,8107476,2010
183404,8107700,2010
183405,8107854,2010
183406,8107959,2010
183408,8108246,2010
183410,8108713,2010
183411,8108892,2010
183412,8109093,2010
183418,8110246,2010
183419,8110395,2010
183420,8110626,2010
183422,8110954,2010
183423,8111095,2010
183424,8111270,2010
183425,8111371,2010
183426,8111580,2010
183427,8111778,2010
183429,8112106,2010
183430,8112371,2010
183431,8112532,2010
183433,8112889,2010
183434,8113042,2010
183436,8113414,2010
183438,8113829,2010
183440,8114209,2010
183442,8114501,2010
183443,8114609,2010
183446,8115026,2010
183447,8115139,2010
183448,8115284,2010
183449,8115444,2010
183450,8115670,2010
183452,8116005,2010
183455,8116471,2010
183456,8116586,2010
183457,8116697,2010
183460,8117170,2010
183464,8117741,2010
183465,8117976,2010
183469,8118739,2010
183472,8119307,2010
183473,8119480,2010
183474,8119618,2010
183477,8120143,2010
183479,8120505,2010
183480,8120724,2010
183481,8120944,2010
183483,8121204,2010
183484,8121368,2010
183485,8121562,2010
183486,8121734,2010
183487,8121901,2010
183488,8122082,2010
183491,8122613,2010
183493,8122940,2010
183494,8123089,2010
183495,8123206,2010
183496,8123359,2010
183497,8123483,2010
183498,8123667,2010
183499,8123810,2010
183500,8124014,2010
183502,8124356,2010
183503,8124492,2010
183504,8124609,2010
183505,8124726,2010
183506,8124836,2010
183507,8124949,2010
183508,8125160,2010
183509,8125355,2010
183511,8125823,2010
183513,8126101,2010
183515,8126408,2010
183518,8127035,2010
183519,8127170,2010
183520,8127584,2010
183521,8127711,2010
183522,8127930,2010
183524,8128312,2010
183525,8128490,2010
183526,8128630,2010
183527,8128809,2010
183528,8129027,2010
183529,8129153,2010
183530,8129476,2010
183531,8129595,2010
183532,8129809,2010
183533,8130056,2010
183535,8130400,2010
183539,8130971,2010
183541,8131542,2010
183542,8131730,2010
183543,8131874,2010
183546,8132484,2010
183548,8132797,2010
183549,8132904,2010
183550,8133341,2010
183551,8133455,2010
183552,8133713,2010
183553,8133820,2010
183554,8133979,2010
183555,8134099,2010
183556,8134286,2010
183557,8134500,2010
183558,8134689,2010
183564,8135667,2010
183566,8135944,2010
183567,8136178,2010
183568,8136319,2010
183571,8137069,2010
183575,8137761,2010
183576,8137928,2010
183579,8138427,2010
183582,8139248,2010
183583,8139402,2010
183584,8139517,2010
183585,8139721,2010
183586,8139837,2010
183587,8139971,2010
183590,8140582,2010
183593,8141083,2010
183596,8141580,2010
183597,8141771,2010
183598,8141951,2010
183599,8142082,2010
183600,8142483,2010
183603,8142932,2010
183605,8143239,2010
183607,8143606,2010
183608,8143705,2010
183609,8143864,2010
183610,8144250,2010
183611,8144381,2010
183612,8144526,2010
183613,8144658,2010
183614,8144804,2010
183615,8144943,2010
183616,8145090,2010
183617,8145263,2010
183618,8145427,2010
183619,8145563,2010
183620,8145989,2010
183621,8146180,2010
183622,8146316,2010
183623,8146495,2010
183624,8146693,2010
183625,8146890,2010
183626,8147043,2010
183628,8147413,2010
183629,8147553,2010
183630,8147829,2010
183631,8147918,2010
183634,8148498,2010
183636,8148902,2010
183637,8149141,2010
183638,8149326,2010
183640,8149863,2010
183641,8150081,2010
183642,8150206,2010
183643,8150394,2010
183644,8150572,2010
183647,8151020,2010
183651,8151877,2010
183652,8152064,2010
183653,8152259,2010
183654,8152440,2010
183655,8152547,2010
183659,8153285,2010
183660,8153685,2010
183661,8153926,2010
183662,8154151,2010
183664,8154498,2010
183666,8154753,2010
183667,8154918,2010
183671,8155702,2010
183675,8156386,2010
183676,8156618,2010
183677,8156765,2010
183678,8156942,2010
183679,8157178,2010
183680,8157324,2010
183684,8158031,2010
183685,8158269,2010
183688,8158809,2010
183689,8159049,2010
183691,8159371,2010
183692,8159564,2010
183693,8159757,2010
183694,8159991,2010
183695,8160128,2010
183697,8160358,2010
183698,8160522,2010
183699,8160648,2010
183700,8160784,2010
183701,8160958,2010
183704,8161340,2010
183705,8161529,2010
183706,8161663,2010
183707,8161787,2010
183710,8162378,2010
183711,8162540,2010
183712,8162678,2010
183713,8162821,2010
183714,8163009,2010
183715,8163197,2010
183717,8163554,2010
183718,8163655,2010
183719,8163879,2010
183724,8165351,2010
183725,8165467,2010
183727,8165775,2010
183728,8165885,2010
183729,8166054,2010
183730,8166265,2010
183731,8166381,2010
183732,8166563,2010
183733,8166695,2010
183734,8166907,2010
183735,8167035,2010
183736,8167224,2010
183737,8167363,2010
183741,8168174,2010
183746,8169144,2010
183747,8169307,2010
183749,8169690,2010
183751,8169932,2010
183752,8170117,2010
183753,8170370,2010
183754,8170497,2010
183755,8170612,2010
183756,8170786,2010
183758,8171159,2010
183759,8171355,2010
183760,8171838,2010
183762,8172110,2010
183763,8172222,2010
183764,8172465,2010
183765,8172613,2010
183766,8172804,2010
183767,8172901,2010
183771,8174095,2010
183772,8174276,2010
183773,8174510,2010
183774,8174674,2010
183776,8175047,2010
183777,8175617,2010
183779,8176084,2010
183780,8176215,2010
183781,8176451,2010
183783,8176675,2010
183786,8177055,2010
183788,8177236,2010
183789,8177399,2010
183790,8177579,2010
183791,8177707,2010
183793,8178009,2010
183795,8178301,2010
183798,8178791,2010
183799,8178972,2010
183801,8179465,2010
183802,8179640,2010
183804,8179924,2010
183807,8180404,2010
183808,8180545,2010
183809,8180774,2010
183811,8181247,2010
183814,8181836,2010
183815,8182069,2010
183817,8182398,2010
183818,8182512,2010
183819,8182707,2010
183822,8183133,2010
183824,8183467,2010
183825,8183561,2010
183826,8183733,2010
183827,8183878,2010
183828,8184087,2010
183833,8185186,2010
183835,8185512,2010
183836,8185703,2010
183838,8185989,2010
183840,8186454,2010
183841,8186567,2010
183844,8187009,2010
183845,8187167,2010
183846,8187295,2010
183847,8187472,2010
183849,8187876,2010
183850,8188316,2010
183851,8188523,2010
183852,8188656,2010
183854,8188944,2010
183855,8189147,2010
183857,8189509,2010
183858,8189690,2010
183859,8189838,2010
183861,8190471,2010
183865,8191142,2010
183866,8191281,2010
183867,8191445,2010
183868,8191655,2010
183870,8191964,2010
183872,8192316,2010
183874,8192692,2010
183875,8192942,2010
183877,8193193,2010
183879,8193588,2010
183880,8193714,2010
183882,8194037,2010
183883,8194196,2010
183886,8194623,2010
183887,8194781,2010
183888,8194914,2010
183889,8195087,2010
183890,8195247,2010
183891,8195371,2010
183894,8195936,2010
183895,8196055,2010
183896,8196215,2010
183897,8196357,2010
183898,8196530,2010
183904,8197384,2010
183905,8197556,2010
183907,8197835,2010
183909,8198093,2010
183912,8198605,2010
183918,8199692,2010
183919,8199794,2010
183921,8200163,2010
183923,8200578,2010
183924,8200765,2010
183927,8201148,2010
183929,8201397,2010
183930,8201635,2010
183931,8201850,2010
183936,8202888,2010
183938,8203226,2010
183939,8203401,2010
183940,8203569,2010
183941,8203769,2010
183944,8204191,2010
183948,8204841,2010
183949,8205099,2010
183951,8205335,2010
183952,8205522,2010
183953,8205655,2010
183955,8205955,2010
183956,8206084,2010
183957,8206260,2010
183959,8206667,2010
183962,8207094,2010
183963,8207287,2010
183964,8207441,2010
183965,8207652,2010
183966,8207878,2010
183967,8208016,2010
183968,8208246,2010
183969,8208393,2010
183970,8208595,2010
183971,8208826,2010
183973,8209244,2010
183976,8209737,2010
183977,8209909,2010
183978,8210102,2010
183980,8210547,2010
183982,8210911,2010
183985,8211506,2010
183990,8212360,2010
183991,8212524,2010
183994,8213024,2010
183998,8213749,2010
183999,8213858,2010
184001,8214213,2010
184003,8214455,2010
184005,8214790,2010
184006,8215189,2010
184007,8215541,2010
184008,8215880,2010
184009,8216318,2010
184010,8217133,2010
184012,8217965,2010
184014,8218659,2010
184015,8218939,2010
184016,8219255,2010
184018,8219964,2010
184020,8220762,2010
184021,8221141,2010
184022,8221520,2010
184023,8221960,2010
184024,8222378,2010
184026,8223129,2010
184027,8223483,2010
184028,8223759,2010
184030,8224946,2010
184031,8225085,2010
184034,8225583,2010
184035,8225762,2010
184037,8226164,2010
184039,8226491,2010
184041,8226913,2010
184043,8227222,2010
184045,8227569,2010
184046,8227715,2010
184048,8228161,2010
184493,8281141,2010
184520,8285522,2010
184523,8286164,2011
184576,8295380,2010
184590,8297885,2010
184635,8305025,2010
184700,8317047,2010
184985,8340177,2011
184986,8340348,2011
184987,8340458,2011
184988,8340578,2011
184989,8340706,2011
184990,8340817,2011
184991,8340976,2011
184992,8341083,2011
184993,8341204,2011
184994,8341748,2011
184995,8341879,2011
184996,8342037,2011
184997,8342153,2011
184998,8342280,2011
184999,8342445,2011
185057,8342629,2011
185058,8342799,2011
185000,8343227,2011
185060,8343647,2011
185001,8343869,2011
185059,8343996,2011
185002,8344227,2011
185061,8344385,2011
185003,8344528,2011
185062,8344664,2011
185004,8344865,2011
185072,8344967,2011
185005,8345117,2011
185073,8345242,2011
185006,8345401,2011
185074,8345517,2011
185007,8345651,2011
185075,8345792,2011
185008,8345918,2011
185076,8346031,2011
185009,8346195,2011
185077,8346297,2011
185010,8346704,2011
185078,8346809,2011
185011,8346928,2011
185079,8347038,2011
185012,8347162,2011
185013,8347846,2011
185080,8347974,2011
185014,8348228,2011
185081,8348360,2011
185015,8348526,2011
185082,8348745,2011
185016,8348885,2011
185083,8349054,2011
185017,8349208,2011
185084,8349379,2011
185018,8349763,2011
185085,8349927,2011
185019,8350065,2011
185086,8350263,2011
185087,8350585,2011
185020,8350715,2011
185088,8350864,2011
185021,8350997,2011
185089,8351152,2011
185022,8351324,2011
185023,8351688,2011
185090,8351877,2011
185024,8352072,2011
185091,8352245,2011
185025,8352422,2011
185092,8352545,2011
185026,8352663,2011
185093,8353081,2011
185027,8353305,2011
185094,8353583,2011
185028,8353722,2011
185095,8353842,2011
185029,8354017,2011
185096,8354147,2011
185030,8354441,2011
185031,8354619,2011
185032,8354796,2011
185033,8355232,2011
185034,8355351,2011
185035,8355465,2011
185036,8355716,2011
185037,8355853,2011
185038,8356020,2011
185039,8356257,2011
185040,8356577,2011
185041,8356729,2011
185042,8356873,2011
185043,8357202,2011
185044,8357322,2011
185045,8357452,2011
185046,8357569,2011
185047,8357708,2011
185048,8357859,2011
185049,8357971,2011
185050,8358227,2011
185051,8358569,2011
185052,8358798,2011
185053,8358941,2011
185054,8359047,2011
185055,8359360,2011
185056,8359467,2011
185063,8359609,2011
185064,8359805,2011
185065,8359961,2011
185066,8360409,2011
185067,8360820,2011
185068,8361489,2011
185069,8361607,2011
185070,8361900,2011
185071,8362014,2011
186106,8501267,2010
187368,8515694,2010
187369,8516100,2010
187370,8516592,2010
187371,8516724,2010
187372,8516865,2010
187373,8516990,2010
187374,8517571,2010
187375,8517736,2010
187376,8517903,2010
187377,8518039,2010
187378,8518162,2010
187379,8518391,2010
187380,8518601,2010
187381,8518738,2010
187382,8519431,2010
187383,8520063,2010
187384,8520732,2010
187385,8521321,2010
187386,8521484,2010
187387,8521600,2010
187388,8521792,2010
187389,8521940,2010
187390,8522351,2010
187391,8522581,2010
187392,8522703,2010
187393,8522908,2010
187394,8523156,2010
187395,8523363,2010
187396,8523800,2010
187397,8524486,2010
187398,8525211,2010
187399,8525520,2010
187400,8525979,2010
187401,8526163,2010
187402,8526322,2010
187403,8526507,2010
187404,8526684,2010
187405,8526833,2010
187406,8527165,2010
187407,8527317,2010
187408,8527804,2010
187409,8527955,2010
187410,8528419,2010
187411,8528537,2010
187412,8528923,2010
187413,8529098,2010
187414,8529227,2010
187415,8529387,2010
187416,8529512,2010
187417,8529780,2010
187418,8530118,2010
187419,8530888,2010
187420,8531265,2010
187421,8531378,2010
187422,8531491,2010
187423,8531626,2010
187424,8532024,2010
187425,8532529,2010
187426,8532675,2010
187427,8532881,2010
187428,8533012,2010
187429,8533186,2010
187430,8533591,2010
187431,8533784,2010
187432,8534194,2010
187433,8534385,2010
187434,8534545,2010
187436,8534848,2010
187437,8535240,2010
187438,8535392,2010
187439,8535703,2010
187440,8536013,2010
187441,8536165,2010
187442,8536864,2010
187443,8537006,2010
187444,8537432,2010
187445,8537789,2010
187446,8537893,2010
187447,8538083,2010
187448,8538221,2010
187449,8538374,2010
187450,8538761,2010
187451,8539062,2010
187452,8539355,2010
187453,8539515,2010
187454,8539682,2010
187456,8540336,2010
187457,8540761,2010
187458,8540938,2010
187459,8541062,2010
187460,8541411,2010
187461,8541585,2010
187462,8542014,2010
187463,8542188,2010
187464,8542360,2010
187465,8542491,2010
187466,8542656,2010
187467,8543201,2010
187468,8543437,2010
187469,8543542,2010
187470,8543846,2010
187471,8544030,2010
187472,8544201,2010
187473,8544399,2010
187474,8544588,2010
187475,8544986,2010
187476,8545602,2010
187477,8546194,2010
187478,8546783,2010
187479,8547027,2010
187480,8547393,2010
187481,8547583,2010
187482,8547710,2010
187483,8548090,2010
187484,8548249,2010
187485,8548426,2010
187486,8548572,2010
187487,8548704,2010
187488,8548818,2010
187489,8548979,2010
187490,8549696,2010
187491,8550271,2010
187493,8550712,2010
187494,8551033,2010
187495,8551178,2010
187496,8551379,2010
187497,8551601,2010
187498,8552033,2010
187499,8552174,2010
187500,8552543,2010
187501,8552655,2010
187502,8552777,2010
187503,8552911,2010
187504,8553084,2010
187505,8553216,2010
187506,8553413,2010
187507,8553604,2010
187508,8553821,2010
187509,8553927,2010
187510,8554287,2010
187511,8554417,2010
187512,8554646,2010
187513,8554999,2010
187514,8555120,2010
187515,8555319,2010
187516,8555482,2010
187517,8556094,2010
187518,8556347,2010
187519,8556500,2010
187520,8556943,2010
187521,8557150,2010
187522,8557272,2010
187523,8557703,2010
187524,8558340,2010
187525,8558521,2010
187526,8558676,2010
187527,8558884,2010
187528,8559428,2010
187529,8559549,2010
187530,8559949,2010
187531,8560390,2010
187532,8560509,2010
187533,8560770,2010
187534,8560903,2010
187535,8561209,2010
187536,8561399,2010
187537,8561894,2010
187538,8562029,2010
187539,8562216,2010
187540,8562606,2010
187541,8562713,2010
187542,8563316,2010
187543,8563451,2010
187544,8563582,2010
187545,8563883,2010
187546,8564076,2010
187547,8564424,2010
187548,8564837,2010
187549,8565334,2010
187550,8566057,2010
187551,8566188,2010
187552,8566390,2010
187553,8566575,2010
187554,8566714,2010
187555,8567064,2010
187556,8567204,2010
187557,8567565,2010
187558,8567700,2010
187559,8567864,2010
187560,8568771,2010
187561,8568938,2010
187562,8569103,2010
187563,8569275,2010
187564,8569710,2010
187565,8570025,2010
187566,8570402,2010
187567,8570520,2010
187568,8570664,2010
187569,8570874,2010
187570,8571598,2010
187571,8572023,2010
187572,8572139,2010
187574,8572638,2010
187575,8572786,2010
187576,8573103,2010
187577,8573254,2010
187578,8573421,2010
187579,8573762,2010
187580,8574054,2010
187581,8574221,2010
187582,8574393,2010
187583,8574560,2010
187584,8574735,2010
187585,8575083,2010
187586,8575216,2010
187587,8575387,2010
187588,8575723,2010
187589,8575871,2010
187590,8576388,2010
187591,8576522,2010
187592,8576656,2010
187593,8576774,2010
187594,8576891,2010
187596,8577205,2010
187597,8577353,2010
187598,8577514,2010
187599,8577714,2010
187600,8578241,2010
187601,8578698,2010
187602,8578837,2010
187603,8578989,2010
187604,8579126,2010
187605,8579447,2010
187606,8579611,2010
187607,8579731,2010
187609,8579971,2010
187610,8580411,2010
187611,8580731,2010
187612,8580867,2010
187614,8581541,2010
187615,8581684,2010
187616,8581821,2010
187617,8581944,2010
187618,8582092,2010
187619,8582325,2010
187620,8582630,2010
187621,8582849,2010
187622,8583295,2010
187623,8583489,2010
187624,8583725,2010
187625,8584020,2010
187626,8584201,2010
187627,8584591,2010
187628,8584798,2010
187629,8584906,2010
187630,8585255,2010
187631,8585382,2010
187632,8585850,2010
187633,8586162,2010
187634,8586334,2010
187635,8586602,2010
187636,8586752,2010
187638,8586982,2010
187639,8587262,2010
187640,8587910,2010
187641,8588247,2010
187642,8588417,2010
187643,8588636,2010
187644,8588770,2010
187645,8588884,2010
187646,8589079,2010
187647,8589417,2010
187648,8589595,2010
187649,8589714,2010
187650,8590411,2010
187651,8590573,2010
187652,8590861,2010
187653,8591243,2010
187654,8591882,2010
187655,8592538,2010
187656,8592777,2010
187657,8592923,2010
187658,8593063,2010
187659,8593543,2010
187660,8593997,2010
187661,8594164,2010
187662,8594323,2010
187663,8594479,2010
187664,8594629,2010
187665,8594901,2010
187666,8595037,2010
187667,8595174,2010
187668,8595321,2010
187669,8595470,2010
187670,8595808,2010
187671,8596183,2010
187672,8596282,2010
187673,8596689,2010
187674,8597287,2010
187675,8597680,2010
187676,8597900,2010
187677,8598030,2010
187679,8598594,2010
187680,8599138,2010
187681,8599271,2010
187682,8599788,2010
187683,8599922,2010
187684,8600071,2010
187685,8600483,2010
187686,8600993,2010
187687,8601129,2010
187688,8601261,2010
187689,8601575,2010
187690,8602097,2010
187691,8602272,2010
187692,8602462,2010
187693,8602861,2010
187694,8603052,2010
187695,8603289,2010
187696,8603436,2010
187697,8604624,2010
187698,8604779,2010
187699,8605358,2010
187700,8605700,2010
187701,8605875,2010
187702,8606087,2010
187703,8606301,2010
187704,8606647,2010
187705,8606763,2010
187706,8607422,2010
187707,8607569,2010
187708,8608113,2010
187709,8608245,2010
187710,8608399,2010
187711,8608670,2010
187712,8608828,2010
187713,8608971,2010
187715,8610252,2010
187716,8610799,2010
187717,8611384,2010
187718,8611549,2010
187719,8611883,2010
187720,8612009,2010
187721,8612172,2010
187722,8612353,2010
187723,8612954,2010
187724,8613456,2010
187725,8613802,2010
187726,8613980,2010
187727,8614200,2010
187728,8614455,2010
187729,8614614,2010
187730,8614997,2010
187731,8615167,2010
187732,8615339,2010
187733,8615533,2010
187734,8616044,2010
187735,8616212,2010
187736,8616408,2010
187737,8616782,2010
187738,8616901,2010
187739,8617081,2010
187740,8617677,2010
187741,8617920,2010
187742,8618065,2010
187743,8618188,2010
187744,8618341,2010
187745,8618706,2010
187746,8618843,2010
187747,8619499,2010
187748,8619852,2010
187749,8620560,2010
187750,8620736,2010
187751,8620934,2010
187752,8621739,2010
187753,8622606,2010
187754,8622760,2010
187755,8622903,2010
187757,8623382,2010
187758,8623496,2010
187759,8623644,2010
187760,8623917,2010
187761,8624035,2010
187762,8624186,2010
187763,8624473,2010
187764,8624954,2010
187765,8625125,2010
187766,8625253,2010
187767,8625392,2010
187768,8625881,2010
187769,8626128,2010
187770,8626336,2010
187771,8626461,2010
187772,8626612,2010
187773,8626962,2010
187774,8627164,2010
187776,8627528,2010
187777,8627637,2010
187778,8627828,2010
187779,8627965,2010
187780,8628196,2010
187781,8628520,2010
187782,8628790,2010
187783,8628983,2010
187784,8629316,2010
187785,8629871,2010
187786,8629993,2010
187787,8630141,2010
187788,8630293,2010
187789,8630437,2010
187791,8630705,2010
187792,8630884,2010
187793,8631002,2010
187794,8631152,2010
187795,8631308,2010
187796,8631482,2010
187797,8631654,2010
187798,8631985,2010
187799,8632125,2010
187800,8632264,2010
187801,8632464,2010
187802,8632709,2010
187804,8633591,2010
187805,8633735,2010
187806,8634386,2010
187807,8634525,2010
187808,8634658,2010
187809,8634854,2010
187810,8635109,2010
187811,8635386,2010
187812,8635543,2010
187813,8635709,2010
187814,8635865,2010
187815,8635994,2010
187935,8639142,2011
188919,8662494,2011
188952,8666780,2011
188980,8670339,2011
189103,8682362,2011
189121,8688056,2011
189197,8699329,2011
189201,8700914,2011
189223,8703532,2011
189357,8720487,2011
189378,8723474,2011
189403,8726910,2011
189405,8727340,2011
189416,8728700,2011
189417,8728854,2011
189424,8730261,2011
189463,8735690,2011
189470,8736512,2011
189480,8737685,2011
189512,8742094,2011
189513,8742208,2011
189550,8747176,2011
189591,8752197,2011
189618,8756018,2011
19037,8790325,1996
19038,8791196,1996
19301,8850677,1996
19302,8850936,1996
194816,8903883,2011
194846,8906198,2011
194848,8906790,2011
194876,8911997,2011
194894,8916515,2011
195345,8957429,2011
195420,8963844,2011
196057,8988080,2011
196058,8989438,2011
196059,8989868,2011
196060,8989969,2011
196061,8990088,2011
196071,8990335,2011
196072,8990430,2011
196074,8990549,2011
196076,8990651,2011
196012,8991169,2010
196013,8991516,2011
196014,8991767,2011
196015,8992010,2011
196016,8992245,2011
196017,8992485,2011
196018,8992737,2011
196019,8992987,2011
196020,8993574,2011
196021,8993781,2011
196022,8994032,2011
196023,8994230,2011
196024,8994460,2011
196026,8994664,2011
196027,8994787,2011
196029,8995263,2011
196030,8995360,2011
196031,8995653,2011
196032,8995760,2011
196034,8996140,2011
196035,8996254,2011
196036,8996375,2011
196037,8996485,2011
196038,8996587,2011
196039,8996710,2011
196040,8996877,2011
196041,8996975,2011
196042,8997071,2011
196043,8997295,2011
196044,8997397,2011
196045,8997556,2011
196046,8997661,2011
196049,8997881,2011
196050,8998314,2011
196051,8998429,2011
196052,8998570,2011
196053,8998887,2011
196054,8998984,2011
196055,8999096,2011
196056,8999221,2011
196062,8999358,2011
196063,8999462,2011
196064,8999557,2011
196065,8999664,2011
196066,8999766,2011
196067,8999891,2011
196068,8999986,2011
196069,9000090,2011
19875,9094983,1996
19938,9111230,1996
19939,9111265,1996
194812,9140987,2011
20084,9144739,1996
20085,9144801,1996
20268,9182352,1996
20453,9200252,1996
20795,9230697,2004
21308,9266907,1996
21560,9301389,1996
21561,9301430,1996
21681,9308395,1996
21682,9308442,1996
21689,9308530,2010
2179,9319797,1996
2181,9321423,1996
2182,9322287,1996
2218,9364042,2000
22594,9378658,1996
23045,9409383,1996
23090,9416399,1996
2637,9463522,1996
29609,9504511,2000
31382,9623321,2010
33705,9803003,2010
34364,9856175,2010
3856,10123044,1996
39304,10187156,1996
4360,10812688,2010
4361,10814293,2010
4362,10816177,2010
4363,10818146,2010
4364,10819034,2010
43993,10838671,2003
43972,10845280,2003
44167,10866562,1996
44668,10923105,2004
44679,10923317,2004
44685,10925239,2004
44669,10933431,2004
44670,10933766,2004
44671,10933976,2004
46863,11087017,1996
5119,11116006,1996
5216,11118989,1996
5271,11121660,1996
5486,11203255,1996
60302,12340184,2009
6069,12386021,2000
61333,12462795,2006
61335,12463382,2006
61340,12464899,2006
61422,12479759,2006
6202,12578103,1996
6203,12578615,1996
63245,12644478,2007
63442,12675989,2010
63448,12677811,2010
63578,12683306,2007
63579,12683468,2007
63580,12683651,2007
63581,12683824,2007
63582,12683988,2007
63583,12684173,2007
63584,12684328,2007
63585,12684515,2007
63586,12684685,2007
63587,12684867,2007
63588,12685041,2007
63589,12685219,2007
63590,12685548,2007
63591,12685707,2007
63592,12685875,2007
63593,12686056,2007
63594,12686231,2007
63595,12686392,2007
63596,12686555,2007
63597,12686720,2007
63598,12686906,2007
63599,12687105,2007
63573,12693155,2007
63574,12693272,2007
63575,12693389,2007
63576,12693506,2007
63577,12693621,2007
63600,12693874,2007
63601,12694178,2007
63602,12694480,2007
63603,12694824,2007
63604,12695142,2007
63605,12695373,2007
63606,12695602,2007
63607,12695795,2007
63608,12696005,2007
63609,12696272,2007
63610,12696491,2007
63611,12696689,2007
63612,12696918,2007
63613,12697142,2007
63614,12697346,2007
63615,12697574,2007
63616,12697799,2007
63617,12698013,2007
63618,12698215,2007
63619,12698454,2007
63620,12698694,2007
63621,12698926,2007
63622,12699120,2007
63623,12699366,2007
63624,12699597,2007
63625,12699805,2007
63626,12700027,2007
63627,12700222,2007
63628,12700340,2007
63629,12700449,2007
63630,12700564,2007
63631,12700670,2007
63632,12700771,2007
63633,12700886,2007
63634,12701001,2007
63635,12701133,2007
63636,12701248,2007
63637,12701363,2007
63638,12701478,2007
63639,12701596,2007
63640,12701718,2007
63641,12701839,2007
63642,12701960,2007
63643,12702063,2007
63644,12702180,2007
63645,12702288,2007
63646,12702413,2007
63647,12702553,2007
63648,12702677,2007
63649,12702797,2007
63650,12702915,2007
63651,12703033,2007
63652,12703172,2007
63653,12703293,2007
63654,12703433,2007
63655,12703550,2007
63656,12703668,2007
63852,12722122,2007
7011,12821364,1996
8005,12881238,2008
8261,12903350,1996
8262,12903486,1996
8784,12931575,1996
9175,12967038,1996
9176,12967068,1996
9177,12967098,1996
9463,12990528,1996
678,13067743,1996
13458323,13462780,2015
13458375,13462786,2015
13462250,13462792,2015
13462325,13489078,2015
154804479,13489094,2024
13462411,13489429,2015
194991,13489435,2015
13491788,13491792,2016
164334,13538043,2014
14134315,14134317,2016
22823,14871490,2015
15147715,15147719,2015
15147725,15147728,2015
15147740,15147743,2015
198626,15147775,2015
15147791,15147798,2015
15147816,15147819,2015
15147860,15147878,2015
15147965,15147968,2015
15147977,15147980,2015
190265,15148008,2015
190298,15148082,2015
190264,15148141,2015
190198,15148170,2015
15148522,15148525,2015
15148566,15148641,2015
15148742,15148754,2015
15148858,15148923,2015
15148964,15148993,2015
15149028,15149090,2015
15149121,15149143,2015
15149175,15149223,2015
15149262,15149269,2015
15149335,15149338,2015
5363,15361600,2024
5370,15362787,2024
202649,15363407,2013
202633,15363476,2024
5362,15363778,2024
202650,15364313,2013
202634,15364612,2024
183160,15502307,2017
61207,15502563,2016
154687,15522283,2020
154968,15530233,2020
155236,15532315,2022
155044,15532533,2022
155215,15532928,2022
154893,15533291,2015
198630,15534027,2015
198627,15534324,2015
190335,15534642,2015
195001,15535158,2015
195003,15535727,2015
198573,15536157,2015
189820,15537844,2015
198724,15538689,2015
198556,15539202,2015
198725,15539590,2015
198649,15540075,2015
194993,15540447,2015
198726,15540966,2015
903,15541267,2024
182611,15541529,2020
167997,15542201,2020
198580,15542481,2015
198582,15543624,2015
198728,15544490,2015
198568,15546291,2015
198555,15546944,2015
198653,15547631,2015
194995,15548062,2015
198576,15548597,2015
190163,15549494,2015
198566,15550246,2015
190292,15551447,2015
198577,15552353,2015
198652,15571151,2015
194992,15571915,2015
198775,15573413,2015
198594,15574013,2015
198596,15574311,2015
198597,15575063,2015
198598,15575845,2015
198599,15576254,2015
198600,15576985,2015
198602,15577323,2015
198559,15577763,2015
198611,15578120,2015
198612,15578725,2015
198613,15580024,2015
198614,15581533,2015
198615,15582753,2015
190100,15583579,2015
198617,15583995,2015
198618,15584685,2015
198619,15585115,2015
198620,15585818,2015
190425,15586443,2015
190453,15587713,2015
190466,15588229,2015
194998,15588727,2015
190101,15589147,2015
198742,15589819,2015
190211,15590295,2015
198743,15590741,2015
198560,15590968,2015
198744,15591345,2015
198745,15591548,2015
198746,15591806,2015
198748,15592127,2015
195093,15592445,2015
198547,15593204,2015
198734,15593636,2015
198735,15593849,2015
198736,15594186,2015
198553,15594886,2015
198739,15595369,2015
198740,15595742,2015
198565,15596165,2015
198714,15596713,2015
198752,15597014,2015
198753,15597479,2015
198755,15597790,2015
198756,15598070,2015
183274,15602960,2015
189828,15602975,2015
190065,15602980,2015
190069,15602985,2015
190093,15602990,2015
190099,15602995,2015
190169,15603005,2015
190180,15603010,2015
190197,15603015,2015
190232,15603020,2015
190237,15603025,2015
190243,15603030,2015
190261,15603035,2015
190276,15603040,2015
190286,15603045,2015
190311,15603050,2015
190314,15603055,2015
190316,15603060,2015
190317,15603065,2015
190321,15603070,2015
190334,15603075,2015
190362,15603080,2015
190369,15603085,2015
190385,15603090,2015
190389,15603095,2015
190390,15603100,2015
190391,15603105,2015
190404,15603120,2015
190488,15603130,2015
198616,15603135,2015
13462434,15603140,2015
13462491,15603145,2015
13462557,15603150,2019
13462566,15603155,2019
13462628,15603160,2015
13462713,15603165,2015
13462731,15603170,2015
13462737,15603175,2015
13462745,15603180,2015
13462748,15603185,2015
13462751,15603190,2015
13462757,15603195,2015
13462760,15603200,2015
13462763,15603205,2015
13462771,15603210,2015
13462777,15603215,2015
13485141,15603220,2015
13485161,15603225,2015
13485167,15603230,2015
13485284,15603235,2015
13485312,15603240,2015
13485395,15603245,2015
13485398,15603250,2015
13485411,15603255,2015
13485622,15603260,2015
13485631,15603265,2015
13485635,15603270,2015
13485675,15603275,2015
13485856,15603280,2015
13486028,15603285,2015
13486222,15603300,2015
13486247,15603305,2024
13486345,15603310,2015
13486360,15603315,2015
13486514,15603320,2015
13487141,15603335,2015
13487690,15603375,2015
13487700,15603380,2015
13487733,15603390,2015
13487740,15603395,2015
13487874,15603410,2015
15521789,15603415,2015
15521852,15603420,2015
15521875,15603425,2015
15521927,15603430,2015
15521934,15603435,2015
15521985,15603440,2015
82626288,15603445,2015
15522050,15603460,2015
15522054,15603465,2015
15522061,15603470,2015
15522064,15603475,2015
15522069,15603480,2015
15522073,15603485,2015
15522095,15603505,2015
15522109,15603515,2015
15522140,15603525,2015
15522143,15603530,2015
15522146,15603535,2015
15522149,15603540,2015
15522152,15603545,2015
15522159,15603550,2015
15522187,15603565,2015
15522201,15603575,2015
15522204,15603580,2015
15522207,15603585,2015
15522210,15603590,2015
15522213,15603595,2015
15522216,15603600,2015
15522226,15603610,2015
15522229,15603615,2015
15522233,15603620,2015
15522236,15603625,2015
15522264,15603640,2015
15522267,15603645,2015
15522270,15603650,2015
15598524,15603660,2015
15598540,15603665,2015
15598550,15603670,2015
15598596,15603675,2015
15598621,15603680,2015
15598630,15603685,2015
15598639,15603690,2015
15598666,15603695,2015
15598669,15603700,2015
15598672,15603705,2015
15598700,15603710,2015
15598704,15603715,2015
15598778,15603720,2015
15598791,15603725,2015
15598799,15603730,2015
15598809,15603735,2015
15598812,15603740,2015
15598815,15603745,2015
15598887,15603750,2015
15598938,15603755,2015
15598948,15603760,2015
15598951,15603765,2015
15598954,15603770,2015
15598957,15603775,2015
15598976,15603780,2015
15599060,15603785,2015
15599064,15603790,2015
15599067,15603795,2015
15599070,15603800,2015
15599074,15603805,2019
15599078,15603810,2015
15599092,15603815,2015
15599123,15603820,2015
15599136,15603825,2015
15599150,15603830,2015
15600450,15603835,2015
15600453,15603840,2015
15600713,15603845,2015
15600720,15603850,2015
15600727,15603855,2015
15600731,15603860,2015
15600738,15603865,2015
15601157,15603870,2015
15601865,15603875,2015
15601872,15603880,2015
15601881,15603885,2015
15601887,15603890,2015
15601894,15603895,2015
15601902,15603900,2015
15601905,15603905,2015
15601909,15603910,2015
15601913,15603915,2015
15601916,15603920,2015
15601920,15603925,2015
15601934,15603935,2015
15601937,15603940,2015
15601940,15603945,2015
15601952,15603955,2019
15601959,15603960,2015
15601962,15603965,2015
15601976,15603975,2015
15601979,15603980,2015
15601982,15603985,2015
15601985,15603990,2015
15601988,15603995,2015
15602417,15604000,2015
15602420,15604005,2015
15602435,15604010,2015
15602438,15604015,2015
15602447,15604020,2020
15602466,15604025,2015
15602947,15604030,2015
198727,15622239,2015
198750,15622838,2015
15622230,15623287,2020
15622233,15623292,2015
15622583,15623297,2015
15622587,15623302,2015
15622597,15623312,2015
15622604,15623317,2015
15622608,15623322,2015
15622611,15623327,2015
15622620,15623332,2020
15622627,15623337,2015
15622630,15623342,2015
15622639,15623347,2020
15622642,15623352,2015
15622649,15623357,2015
15622656,15623362,2015
15622659,15623367,2015
15622672,15623372,2015
15622675,15623377,2015
15622678,15623382,2015
15622684,15623387,2015
15622693,15623392,2015
15622706,15623397,2015
15622711,15623402,2018
15622722,15623407,2015
15622732,15623417,2015
15622740,15623422,2015
15622750,15623427,2015
15622764,15623432,2015
15622773,15623437,2015
15622777,15623442,2015
15622781,15623447,2015
15622786,15623452,2015
15622789,15623457,2015
15622793,15623462,2015
15622796,15623467,2015
15622799,15623472,2015
15622804,15623477,2015
15622827,15623492,2018
15622831,15623497,2015
15622835,15623502,2015
15623244,15623507,2018
15623251,15623512,2015
15623258,15623517,2018
15623265,15623522,2015
15623268,15623527,2015
15623273,15623532,2015
16501591,16509607,2015
16466100,16509612,2015
16466647,16509617,2019
16447988,16509622,2015
16427369,16509627,2015
16505650,16509632,2015
16431737,16509637,2015
16405644,16509642,2015
16501736,16509647,2015
16425187,16509657,2015
16431725,16509662,2015
16427386,16509672,2015
16435778,16509677,2015
16442013,16509687,2015
16439367,16509692,2015
16501751,16509697,2015
16442003,16509702,2015
16431990,16509707,2015
16410022,16509722,2021
16441698,16509727,2015
16443048,16509732,2015
16466377,16509742,2015
16501568,16509747,2015
16435530,16509752,2015
16501791,16509757,2015
16441738,16509767,2015
16441120,16509772,2015
16433850,16509777,2015
16501552,16509782,2015
16466393,16509787,2015
16505842,16509792,2015
16425468,16509797,2015
16417341,16509802,2015
16449531,16509807,2015
16421352,16509812,2015
16442472,16509817,2015
16505933,16509822,2015
16443285,16509827,2015
16439218,16509832,2015
16406554,16509837,2015
16410245,16509852,2015
16442487,16509857,2015
16407017,16509862,2015
16502064,16509867,2015
16506657,16509872,2015
16447568,16509877,2015
16407630,16509882,2015
16424139,16509887,2015
16432073,16509892,2015
16505619,16509897,2015
16410217,16509902,2015
16406525,16509907,2015
16406486,16509922,2017
16439290,16509927,2021
16505916,16509932,2015
16449034,16509952,2015
190441,16509957,2015
16439236,16509962,2015
16502093,16509967,2015
16467411,16509972,2015
16438701,16509982,2015
16505616,16509987,2015
16425533,16509992,2015
16405685,16509997,2015
16441799,16510002,2015
16501727,16510012,2015
16503587,16510027,2015
16439757,16510032,2015
16407217,16510037,2015
16441862,16510042,2015
16505782,16510052,2015
16441865,16510062,2015
16467178,16510067,2015
16406269,16510072,2015
16501868,16510077,2015
16443217,16510082,2015
16425603,16510087,2015
16441575,16510092,2015
16506725,16510097,2015
16501708,16510102,2015
16404574,16510107,2015
16425314,16510117,2015
16407002,16510122,2015
190191,16510127,2015
16449708,16510132,2015
16505522,16510137,2015
16404805,16510142,2015
16447855,16510147,2015
16505959,16510152,2015
16440027,16510157,2015
16441631,16510162,2015
16425572,16510177,2015
16425354,16510182,2015
16442081,16510192,2015
16440016,16510197,2015
16440965,16510202,2015
16406968,16510207,2015
16506757,16510212,2015
16506766,16510217,2015
16438001,16510227,2015
16406327,16510237,2015
16435325,16510242,2015
16406679,16510247,2015
16449654,16510257,2015
16433946,16510267,2015
16439926,16510272,2015
16406934,16510277,2015
16437988,16510282,2015
16425141,16510287,2015
16506077,16510292,2015
16427324,16510297,2015
16441948,16510302,2015
16506080,16510307,2015
16505486,16510317,2015
16431946,16510322,2015
16411567,16510327,2015
16425422,16510332,2015
16441303,16510337,2015
16438022,16510342,2015
16432098,16510347,2015
16466198,16510352,2017
16430203,16510357,2015
16441433,16510362,2015
16441677,16510372,2015
16465921,16510377,2015
16407184,16510382,2015
16506839,16510387,2015
16506931,16510392,2015
16507307,16510397,2015
16507347,16510402,2015
16507442,16510407,2015
16507646,16510412,2015
190275,16510422,2015
190241,16510427,2015
190438,16510442,2015
190320,16510447,2015
190323,16510452,2015
190185,16510457,2015
190134,16510462,2015
190269,16510467,2015
190092,16510472,2015
190383,16510482,2015
190366,16510492,2015
190459,16510497,2015
190186,16510507,2015
190242,16510517,2015
190182,16510522,2015
190395,16510527,2015
190204,16510532,2015
190355,16510537,2015
190194,16510542,2015
190374,16510547,2015
190192,16510552,2015
190469,16510557,2015
190263,16510562,2015
190244,16510567,2015
190387,16510572,2015
190307,16510577,2015
190249,16510582,2015
190213,16510587,2015
190401,16510592,2015
190155,16510597,2015
190161,16510602,2015
190270,16510607,2019
190066,16510622,2015
190164,16510632,2015
190340,16510637,2015
190451,16510642,2015
190412,16510657,2015
190407,16510662,2015
190287,16510672,2015
190079,16510687,2015
190428,16510692,2015
190253,16510697,2015
190076,16510702,2015
190251,16510707,2015
190105,16510712,2015
190174,16510717,2019
190178,16510722,2015
190325,16510727,2015
190226,16510732,2015
190173,16510737,2015
190121,16510742,2015
190290,16510747,2015
190365,16510752,2015
190218,16510757,2015
190297,16510762,2015
190339,16510767,2015
190151,16510772,2015
190102,16510777,2015
190208,16510782,2015
190462,16510787,2015
190227,16510792,2015
190289,16510797,2015
190345,16510802,2015
190129,16510807,2015
190448,16510812,2015
190358,16510817,2015
190081,16510822,2015
190219,16510827,2015
190417,16510832,2021
190254,16510837,2019
190086,16510842,2015
190233,16510847,2015
190336,16510852,2015
190398,16510857,2015
190283,16510862,2015
190333,16510867,2015
16509008,16510877,2015
16509126,16510882,2015
16509242,16510887,2015
16509297,16510892,2015
161339,16527984,2016
16545250,16546224,2015
16545346,16546229,2015
16545360,16546234,2015
16545326,16546239,2015
16546127,16546244,2015
16546144,16546254,2015
16545164,16546259,2015
16546023,16546264,2015
16546072,16546272,2015
16545046,16546277,2015
16545086,16546282,2015
16545072,16546287,2015
19897,16643885,2015
19899,16643913,2015
190070,16643997,2015
195098,16644007,2015
190432,16644022,2015
198561,16644027,2015
198670,16644032,2015
10075,16664386,2014
16719296,16722275,2016
16719685,16722280,2016
16719726,16722285,2016
16719605,16722290,2016
16719651,16722295,2016
16719371,16722300,2019
16719387,16722305,2016
16719509,16722310,2024
16719359,16722315,2016
16719989,16722320,2019
16720057,16722325,2019
16720537,16722330,2016
16719994,16722335,2016
16720036,16722340,2016
16720577,16722345,2016
16720118,16722350,2016
16720528,16722355,2016
16719843,16722365,2016
16719839,16722370,2016
16720083,16722375,2016
16719904,16722380,2019
16720568,16722385,2016
16720022,16722390,2016
16720383,16722395,2016
16720328,16722400,2016
16720029,16722410,2016
16720267,16722420,2016
16719890,16722425,2015
155115,16722430,2016
16720002,16722440,2016
16720345,16722445,2016
16720014,16722450,2024
16721443,16722455,2016
16720607,16722460,2016
16721842,16722465,2016
16749571,16750082,2015
16750054,16750087,2015
16749725,16750102,2015
183787,16781753,2015
190143,16781758,2019
190175,16781763,2019
16750728,16781768,2015
16751128,16781773,2015
16759066,16781778,2015
16759093,16781783,2015
16759111,16781793,2015
16759126,16781798,2015
16759139,16781803,2015
16759144,16781808,2015
16759167,16781813,2015
16759176,16781818,2015
16759184,16781823,2015
16759188,16781828,2015
16759221,16781833,2015
16759230,16781838,2015
16759242,16781843,2015
16759321,16781848,2015
16759340,16781853,2015
16759348,16781858,2015
16759353,16781863,2015
16759357,16781868,2015
16759367,16781873,2015
16759398,16781878,2015
16759463,16781883,2015
16759509,16781888,2015
16759518,16781893,2015
16759535,16781898,2015
16759549,16781903,2015
16759552,16781908,2015
16759556,16781913,2015
16759559,16781918,2015
16759567,16781923,2015
16759571,16781928,2015
16759591,16781938,2015
16759597,16781943,2019
16765067,16781948,2015
16765076,16781953,2015
16765093,16781958,2015
16765190,16781963,2015
16765697,16781968,2019
16765727,16781973,2015
16765806,16781978,2015
16766162,16781983,2015
16766235,16781988,2015
16766259,16781993,2019
16766319,16781998,2015
16777231,16782003,2015
16777242,16782008,2015
16777283,16782013,2015
16777340,16782018,2015
16777344,16782023,2015
16777347,16782028,2015
16777353,16782033,2015
16777363,16782038,2015
16777371,16782043,2015
16777804,16782053,2015
16777808,16782058,2015
16777813,16782063,2015
16778030,16782068,2015
16778116,16782073,2015
16778128,16782078,2015
16778406,16782083,2015
16778475,16782088,2015
16778581,16782093,2019
16778632,16782098,2015
16778644,16782103,2019
16778750,16782108,2015
16778824,16782113,2015
16778856,16782118,2015
16779096,16782123,2015
16779138,16782128,2015
16779209,16782133,2015
16779221,16782138,2015
16779231,16782143,2015
16779236,16782148,2015
16779248,16782153,2015
16779254,16782158,2015
16779258,16782163,2015
16779264,16782168,2015
16779308,16782173,2015
16779383,16782178,2015
16779424,16782183,2015
16779436,16782188,2015
16779444,16782193,2015
16779491,16782198,2015
16780973,16782203,2015
16781035,16782208,2015
16781047,16782213,2015
16781050,16782218,2015
16781072,16782223,2015
16781081,16782228,2015
16781085,16782233,2015
16781101,16782238,2015
16781124,16782248,2015
16781181,16782268,2015
16781189,16782273,2015
16811574,16811577,2015
184617,16822237,2012
10082,17025021,2017
10087,17252219,2015
183310,17253060,2012
183646,17253253,2012
154818,17627321,2012
19950,17627624,2012
155120,17758523,2012
190675,17773590,2012
190676,17773724,2012
190674,17773869,2012
190679,17774029,2012
190680,17774148,2012
190677,17774268,2012
190678,17774407,2012
190683,17774568,2012
190684,17774691,2012
190681,17774809,2012
190682,17774922,2012
190763,17775042,2012
190764,17775179,2012
190761,17775293,2012
190762,17775510,2012
190767,17775837,2012
190768,17775974,2012
190765,17776294,2012
190766,17776452,2012
190755,17776719,2012
190756,17777316,2012
190753,17777914,2012
190754,17778081,2012
190759,17778209,2012
190760,17778441,2012
190757,17778589,2012
190758,17778943,2012
190770,17779108,2012
190769,17779229,2012
190733,17779418,2012
190734,17779745,2012
190735,17780099,2012
190736,17780233,2012
190729,17780851,2012
190730,17781191,2012
190731,17781477,2012
190732,17782171,2012
190725,17782510,2012
190726,17782740,2012
190727,17783061,2012
190728,17783512,2012
190721,17783950,2012
190722,17784395,2012
190723,17784612,2012
190724,17784768,2012
190750,17784981,2012
190749,17785330,2012
190752,17785856,2012
190751,17785979,2012
190746,17786150,2012
190745,17786312,2012
190748,17786694,2012
190742,17787219,2012
190741,17787513,2012
190744,17787664,2012
190743,17787954,2012
190738,17788150,2012
190737,17788485,2012
190740,17788701,2012
190739,17789308,2012
190703,17789666,2012
190704,17789893,2012
190701,17790289,2012
190702,17790500,2012
190699,17790690,2012
190700,17790871,2012
190697,17791209,2012
190698,17791465,2012
190695,17791810,2012
190696,17792062,2012
190693,17792185,2012
190694,17792374,2012
190691,17792863,2012
190692,17793312,2012
190689,17793547,2012
190690,17793737,2012
190720,17793912,2012
190719,17794255,2012
190718,17794587,2012
190717,17794751,2012
190716,17795083,2012
190715,17795228,2012
190714,17795612,2012
190713,17795871,2012
190712,17796247,2012
190711,17796625,2012
190710,17796845,2012
190709,17797173,2012
190708,17797524,2012
190707,17797851,2012
190706,17798107,2012
190705,17798394,2012
190687,17798757,2012
190688,17798889,2012
190685,17799481,2012
190686,17799873,2012
183813,17894922,2012
183468,17895290,2012
154706,17895609,2012
154677,17895868,2012
154960,17896485,2012
183839,17897573,2012
154676,17898392,2012
155290,17899942,2012
154971,17900949,2012
154780,17901436,2012
155292,17901862,2012
190135,18130940,2015
154793,18130945,2020
155235,18131349,2015
202638,18228780,2024
61278,18229011,2024
202406,18229413,2013
166481,18229476,2024
202413,18229730,2013
202560,18229920,2013
202625,18230111,2013
20745,18231118,2024
184088,18231622,2013
202639,18231664,2024
202647,18232551,2024
62225,18232572,2022
202636,18232679,2024
202381,18233141,2013
184099,18233586,2013
201948,18235694,2013
202415,18236183,2013
202637,18236268,2024
202670,18236623,2014
62224,18236728,2024
202405,18236770,2013
189824,18236919,2013
18267928,18267932,2014
10103,18567364,2017
13145780,18610476,2017
13168143,18611965,2018
190077,18755794,2015
198589,18984376,2015
19086782,19223053,2022
19620762,19621351,2014
19743037,19746682,2013
19743027,19746687,2013
19711507,19746692,2013
19743032,19746697,2013
19743022,19746702,2013
19743016,19746707,2013
19743065,19746712,2013
19743072,19746717,2013
19743050,19746722,2013
19743056,19746727,2013
19743044,19746732,2013
19712646,19746737,2013
19718050,19746742,2013
19743004,19746747,2013
19742996,19746752,2013
19712597,19746757,2013
19743170,19746762,2013
19743094,19746767,2013
19712515,19746772,2013
19743079,19746777,2013
19743123,19746782,2013
19716054,19746787,2013
19743108,19746792,2013
19743115,19746797,2013
19718342,19746802,2013
19709023,19746807,2013
19711761,19746812,2013
19708976,19746817,2013
19715612,19746822,2013
19743767,19746827,2013
19708918,19746832,2013
19710927,19746837,2013
19715689,19746842,2013
19711843,19746847,2013
19709103,19746852,2013
19712826,19746857,2013
19709100,19746862,2013
19715765,19746870,2013
19710863,19746875,2013
19711938,19746880,2013
19716630,19746890,2013
19719775,19746895,2013
19717509,19746900,2013
19712189,19746905,2013
19743545,19746910,2013
19720826,19746915,2013
19710984,19746920,2013
19720909,19746925,2013
19708732,19746930,2013
19708753,19746935,2013
19711070,19746940,2013
19708759,19746945,2013
19708766,19746950,2013
19716454,19746955,2013
19708780,19746960,2013
19743693,19746965,2013
19717382,19746970,2013
19723127,19746975,2013
19711082,19746980,2013
19708770,19746985,2013
19715433,19746990,2013
19711112,19746995,2013
19708816,19747000,2013
19719847,19747005,2013
19743628,19747010,2013
19743631,19747015,2013
19743604,19747020,2013
19720743,19747025,2013
19715512,19747030,2013
19725134,19747035,2013
19711179,19747040,2013
19720016,19747045,2013
19718927,19747050,2013
19743327,19747055,2013
19743295,19747060,2013
19711252,19747065,2013
19710303,19747070,2013
19743237,19747075,2013
19743257,19747080,2013
19717334,19747085,2013
19719913,19747090,2013
19711306,19747095,2013
19743205,19747100,2013
19743226,19747105,2013
19711325,19747110,2013
19720962,19747115,2013
19712304,19747120,2013
19743419,19747125,2013
19711394,19747130,2013
19715267,19747135,2013
19717202,19747140,2013
19743348,19747145,2013
19715239,19747150,2013
19720058,19747155,2013
19516809,19849589,2019
19513716,19849669,2019
19922686,19922760,2015
195091,19929350,2015
19798,19929386,2015
190464,19929421,2014
198575,19929431,2015
12398,19929465,2015
18257762,19929494,2014
10066,20191442,2017
190252,20338873,2015
18156550,20340565,2019
190230,20341159,2015
190177,20341433,2021
154770,20341482,2025
190091,20341490,2015
190454,20363358,2019
194997,20363502,2015
189818,20363536,2015
190406,20424679,2019
170153,20567110,2014
20662212,20682638,2015
20662092,20682643,2015
20672320,20682648,2021
20666401,20682653,2015
20662062,20682663,2019
20665719,20682668,2019
198622,20682673,2019
190072,20682678,2015
20666310,20682683,2015
18138837,20682688,2019
20664904,20682693,2019
20665797,20682698,2015
20672304,20682703,2019
20672323,20682708,2015
20672326,20682713,2015
198675,20682718,2015
20663855,20682723,2015
20663917,20682728,2015
20664908,20682733,2019
20665551,20682738,2015
190148,20682748,2015
20665673,20682753,2019
20665360,20682758,2019
20662958,20682763,2015
20664078,20682768,2015
198579,20682773,2015
190259,20682778,2019
20665743,20682783,2015
20675299,20682793,2015
20675303,20682798,2015
20675306,20682803,2015
20675356,20682808,2015
20675360,20682813,2015
20664969,20682818,2015
20675363,20682823,2015
20675416,20682828,2015
20675431,20682833,2015
20661897,20682838,2019
20664143,20682843,2019
20665821,20682848,2015
20665832,20682853,2015
20665873,20682858,2015
190408,20682863,2015
20665034,20683323,2015
20665060,20683328,2019
190200,20683338,2015
20664248,20683343,2015
20664320,20683348,2015
20664578,20683353,2015
20664652,20683358,2015
20664658,20683363,2015
190352,20683373,2019
20672329,20683378,2019
20672331,20683383,2019
20672336,20683388,2019
20672341,20683393,2019
20662018,20683403,2015
20665149,20683408,2019
20662028,20683413,2015
20665159,20683418,2015
20672313,20683428,2021
190209,20683433,2019
20672310,20683443,2015
20672307,20683448,2015
20665243,20683463,2015
18384,20887241,2014
20885884,21046827,2015
20885891,21046839,2015
20885921,21046879,2015
20885924,21046901,2015
20885933,21046914,2015
21101200,21406191,2015
18140829,21406957,2015
18155920,21407208,2015
21101322,21410726,2015
18155933,21411016,2015
16869,21416182,2014
13273,21423071,2022
18155939,21449891,2015
21103888,21643097,2015
21104612,21650903,2015
18155943,21651221,2015
21104620,21707390,2019
18155946,21750768,2015
21108245,21804214,2015
21110389,21907061,2015
18155949,21907090,2015
21110501,21907812,2018
198606,21907817,2015
21110616,21907822,2018
21110692,21907827,2015
198776,21907837,2015
21110723,21907842,2015
21110117,21907969,2015
21110190,21907974,2019
190217,21908841,2015
21132889,21909179,2019
21132898,21909184,2015
21132901,21909189,2015
21132906,21909194,2015
18256447,21909199,2015
21132910,21909204,2015
190229,21909209,2015
190360,21909214,2015
21132914,21909219,2015
21132917,21909224,2019
190361,21909229,2015
190435,21909239,2019
21132922,21909244,2019
21132928,21909249,2015
18256458,21909254,2015
21132931,21909259,2019
21132935,21909264,2015
198761,21909269,2015
21132953,21909274,2015
18256490,21909279,2015
198762,21909284,2015
21132963,21909289,2015
190359,21909294,2015
190203,21909299,2015
21132976,21909304,2015
21132979,21909309,2015
190324,21909314,2015
190291,21909319,2019
18256560,21909324,2015
190108,21909329,2019
190371,21909334,2019
21132983,21909339,2019
21132986,21909344,2015
18256883,21909349,2019
21132989,21909354,2015
21132997,21909359,2019
21133000,21909364,2019
21133003,21909369,2015
190434,21909374,2015
18256943,21909379,2015
21133006,21909384,2015
21133010,21909389,2019
21133013,21909394,2015
18256992,21909399,2015
21133018,21909404,2015
21133028,21909409,2015
21133032,21909414,2015
18257198,21909419,2015
18257269,21909424,2015
21133035,21909429,2019
21133039,21909434,2015
190149,21909439,2015
18257303,21909444,2015
190103,21909449,2015
18257306,21909454,2019
21133042,21909459,2019
21133045,21909464,2019
21133050,21909469,2015
18257331,21909474,2015
21133058,21909479,2015
21133064,21909485,2015
21133067,21909490,2015
21133076,21909495,2019
18257417,21909500,2015
21133091,21909505,2015
21133099,21909510,2019
190370,21909515,2019
21133108,21909520,2015
21133116,21909525,2015
190302,21909530,2015
18257501,21909535,2015
21133121,21909540,2015
198563,21909545,2015
18257533,21909550,2015
21133131,21909555,2015
18257655,21909560,2015
21133167,21909582,2015
21112742,21909603,2015
190073,21909640,2015
18123960,21910070,2015
21112785,21910075,2015
21110276,21910080,2015
198578,21910085,2015
18127809,21910090,2015
198633,21910100,2015
198634,21910105,2015
198640,21910110,2015
198557,21910115,2015
21112867,21910120,2015
18127741,21910125,2015
21112879,21910130,2015
190064,21910135,2015
135689,21910140,2024
190067,21910480,2015
190137,21910485,2015
21110056,21910490,2015
21112967,21910495,2015
21112990,21910500,2015
21112836,21910505,2015
21777393,21910510,2020
18127836,21910515,2015
21112889,21910520,2015
21112898,21910525,2015
135579,21910530,2024
135714,21910870,2024
21112909,21911215,2015
198609,21911220,2015
198610,21911225,2015
18127840,21911455,2015
21112977,21911460,2015
21112632,21911475,2015
21112669,21911485,2015
198638,21911490,2015
198608,21911495,2015
190346,21911500,2015
183156,21912369,2020
2621,21912374,2015
186078,21912402,2015
182363,21912407,2020
21129297,21912644,2019
21129628,21912649,2019
21128493,21912654,2015
21114995,21912659,2015
21130020,21912664,2015
21130060,21912669,2015
135606,21912674,2024
198671,21913001,2015
21130112,21913016,2015
181797,21913026,2020
21115107,21913031,2015
21128487,21913051,2019
21128498,21913056,2015
21129279,21913061,2015
21131962,21913071,2015
21130133,21913378,2015
182933,21913383,2020
21130147,21913393,2015
198660,21913398,2015
198570,21913403,2015
198662,21913408,2015
21130156,21913413,2015
21130171,21913418,2015
21130177,21913423,2015
21130196,21913428,2015
190285,21913438,2015
198665,21913448,2015
21130837,21913453,2015
18160428,21913458,2015
186069,21913463,2015
21132133,21913468,2015
21132139,21913473,2015
21130857,21913483,2015
183170,21913488,2020
18158583,21913493,2015
182285,21913503,2020
21132848,21913508,2015
190087,21913513,2015
18252941,21913518,2020
183175,21913523,2020
21130871,21913528,2019
21130938,21913533,2015
21130959,21913538,2015
198758,21913553,2015
18252952,21913558,2015
198759,21913563,2015
21131347,21913568,2015
21131356,21913573,2015
21132856,21913578,2015
181933,21913583,2020
18253276,21913654,2015
190118,21913659,2015
18253282,21913664,2015
18253287,21913744,2019
21132859,21913749,2015
198760,21913754,2019
21132882,21913760,2015
190313,21913821,2015
21132879,21913831,2015
18253296,21913860,2015
190145,21913870,2015
18253303,21913883,2015
196814,21913940,2020
196815,21913945,2020
21132808,21913950,2015
21132815,21913955,2015
21132819,21913960,2015
21132822,21913965,2015
190239,21913970,2015
198571,21914161,2015
21113874,21914195,2020
190310,21914202,2015
21113900,21914265,2015
21113907,21914536,2015
154924,21914541,2017
21113133,21914705,2015
21113146,21914710,2015
21113904,21914740,2015
18127641,21931000,2019
18257696,21942617,2015
21133190,22139070,2015
18155952,22372999,2015
190147,22476216,2015
21133195,22477122,2015
22493215,22495196,2022
22493220,22495349,2022
199662,22495719,2022
199663,22495765,2022
199664,22495822,2022
199665,22495907,2022
199666,22495986,2022
199667,22496110,2022
199668,22497442,2022
22493228,22497490,2022
199669,22498341,2022
22493233,22498421,2022
199670,22498528,2022
197086,22515038,2020
197087,22515424,2019
161380,22516400,2021
19128012,42324583,2014
19082979,42324964,2014
19379230,42328116,2014
198769,42390771,2015
21133207,42415803,2015
18124015,42461403,2015
42568145,42568534,2019
21132444,42691517,2018
132764,42691522,2018
198711,42691624,2015
18179793,42691629,2019
21132672,42691634,2015
21132290,42691649,2015
21132305,42691654,2015
190176,42691659,2015
132742,42691664,2018
132820,42691669,2018
190384,42691679,2015
190300,42691689,2015
198757,42691694,2015
18252616,42691699,2015
190133,42691704,2015
21132825,42691709,2015
18252619,42691714,2015
18252629,42691719,2015
18252702,42691724,2015
18227119,42691734,2015
21132319,42691739,2015
21132828,42691744,2015
190471,42691749,2015
18252718,42691754,2015
198721,42691759,2015
21132679,42691764,2015
190223,42691774,2015
18252849,42691779,2015
21132559,42691784,2015
21132730,42691789,2015
21132733,42691794,2015
198673,42691799,2015
198674,42691804,2015
64409,42691809,2018
14054,42691814,2018
18180983,42691819,2015
18180998,42691824,2015
21132724,42691829,2015
132727,42691834,2018
21132344,42691844,2015
21132355,42691854,2015
21132575,42691859,2015
18177478,42691864,2015
18227123,42691869,2015
21132774,42691874,2015
21132418,42691879,2015
21132618,42691884,2015
21132654,42691889,2015
198551,42691899,2015
198712,42691904,2015
21132622,42691909,2015
198713,42691914,2015
18252853,42691919,2015
198715,42691924,2015
190296,42691929,2015
198716,42691934,2015
198718,42691939,2015
21132659,42691944,2015
21132662,42691949,2015
198719,42691954,2015
21132665,42691959,2015
21132668,42691964,2015
198720,42691969,2015
21132839,42691974,2015
21132707,42691979,2015
21132710,42691984,2015
198722,42691994,2015
197323,42715598,2025
170155,42736975,2014
21115046,42783315,2015
190089,42801727,2015
15307969,42830699,2013
15307971,42830704,2013
15307975,42830709,2013
15307977,42830714,2013
15307979,42830719,2013
15307981,42830724,2013
42830689,42830729,2013
42830204,42837235,2015
198635,42837242,2015
42830251,42837247,2015
18127783,42837252,2015
42830260,42837257,2015
42830213,42837262,2015
42830223,42837267,2019
42830236,42837272,2015
42830291,42837277,2015
42830239,42837287,2015
42830277,42837292,2015
18128090,42837297,2015
18128749,42837302,2015
42830286,42837307,2015
18158445,42837312,2015
198772,43071024,2015
18158331,43155879,2015
18158359,43155897,2015
195097,43155921,2015
21113090,43155932,2015
21113095,43155944,2015
198644,43155982,2015
21113098,43156447,2015
21113101,43156455,2018
198645,43156470,2015
198646,43156817,2015
198647,43157137,2015
21113110,43157620,2015
21113038,43158821,2015
198641,43158835,2015
21113041,43159281,2015
198642,43159295,2015
43270317,43270336,2015
41866,43270478,2015
21113051,43342645,2015
6494,43526147,2013
10303,43792683,2016
22103,43792740,2024
166575,44015980,2017
195291,44017815,2018
4162,44199757,2013
44600532,44600538,2022
44600536,44600544,2022
44600576,44600581,2022
44600604,44600606,2022
44600678,44600680,2022
44600742,44600744,2023
44600834,44600880,2022
18227168,44721374,2014
18155960,44738727,2014
18155963,44739076,2014
18155982,44739208,2014
18138798,44740247,2014
185156,44749514,2014
185162,44750776,2014
18214503,44752762,2014
18138812,44757402,2014
198554,44759705,2014
198637,44760094,2014
18258072,44775951,2014
154631,44817613,2021
1615,44876342,2015
21133184,44876715,2015
187803,44907138,2015
187714,44920795,2015
20431538,45036107,2015
18237151,45077948,2014
198741,45077961,2014
18126034,45096885,2014
198585,45097610,2014
18125103,45098355,2014
18125145,45098685,2014
18125208,45098689,2014
18258584,45100018,2014
198605,45100038,2014
18127828,45127568,2014
18237502,45128576,2014
18237516,45128580,2014
154644,45128592,2014
18237707,45128887,2014
18237712,45128895,2014
18237739,45128906,2014
18237772,45128914,2014
18237775,45128918,2014
18125362,45129775,2014
18125379,45129784,2014
154880,45130923,2014
198590,45131570,2014
198592,45132502,2014
18125838,45136875,2014
198601,45142451,2014
199396,45162307,2014
40784,45204492,2016
2055,45223529,2016
2057,45223722,2015
2060,45224212,2015
2061,45224420,2015
2062,45224547,2015
3590,45224953,2015
8239,45225749,2016
9660,45226042,2016
10340,45226422,2015
11696,45226713,2015
13581,45227116,2015
13583,45227247,2015
13655,45228171,2015
14549,45228341,2015
15269,45228952,2015
17013,45229114,2016
17023,45229806,2016
41664,45230026,2015
41666,45230310,2015
41668,45230540,2015
41670,45230946,2016
41672,45231341,2016
18214863,45790133,2014
18227064,45790512,2014
18237796,45797680,2014
198749,45857324,2014
198737,45871429,2015
42874318,45873608,2014
18256504,45876816,2014
154811,46215259,2015
154817,46215446,2023
154837,46215988,2025
155013,46217187,2025
155059,46218058,2025
155156,46219459,2023
155167,46219591,2025
155248,46220866,2025
178895,46221825,2014
180982,46222406,2019
183221,46222857,2023
183258,46223461,2023
183308,46224332,2014
183360,46224885,2023
183482,46227293,2023
183572,46229685,2023
183794,46233647,2023
183853,46234579,2023
183873,46235356,2023
183943,46236350,2023
184004,46237413,2023
199651,46239134,2014
198767,46263316,2014
21857,46624561,2021
23148,46625751,2022
61338,46627320,2018
132735,46627759,2018
132751,46628285,2018
132753,46628718,2018
132759,46628916,2018
132772,46629145,2018
132774,46629518,2018
132777,46629928,2018
132787,46630137,2018
132793,46630596,2018
132814,46630792,2018
132824,46631320,2018
132826,46631626,2018
154615,46631902,2021
154709,46632597,2025
154774,46632838,2020
154959,46633966,2024
154999,46634266,2016
155116,46636345,2017
155124,46636784,2024
155162,46637453,2021
155261,46637660,2021
166868,46642796,2016
166892,46643542,2017
166897,46643777,2017
166925,46644370,2017
166990,46644375,2021
170310,46644566,2021
170311,46645884,2023
170312,46646193,2022
170313,46647195,2023
170316,46647677,2023
170328,46648232,2023
170329,46648735,2023
170336,46649050,2023
170338,46649664,2022
170344,46651210,2023
170355,46652471,2023
172469,46653738,2017
196345,46663279,2024
197047,46663719,2017
18123573,46663949,2022
18124738,46663959,2017
18161519,46663974,2019
18178550,46663979,2018
18178601,46663984,2024
18214519,46663989,2016
18257687,46663994,2019
20249446,46664009,2016
20250177,46664014,2019
20256270,46664029,2018
20256645,46664034,2018
20257156,46664044,2018
20429981,46664084,2018
20432288,46664109,2018
20437461,46664149,2018
20437726,46664154,2018
46073947,46664159,2024
46074027,46664164,2016
46074055,46664169,2019
257549542,46664174,2024
257548227,46664179,2024
46075046,46664204,2022
46075152,46664214,2017
46075167,46664219,2017
46075186,46664224,2017
46075209,46664229,2017
46075224,46664234,2017
46075376,46664254,2017
67968894,46664264,2015
46076682,46664269,2020
46076701,46664274,2020
46076716,46664279,2020
46076734,46664284,2024
46076884,46664294,2024
46076928,46664304,2022
46078918,46664309,2022
46078939,46664319,2022
46079018,46664329,2022
46079034,46664334,2024
46079096,46664349,2014
46079214,46664354,2014
46079217,46664359,2014
46079226,46664364,2014
46079239,46664369,2014
46079290,46664374,2014
46079321,46664379,2014
46079476,46664384,2014
46079519,46664389,2014
46079775,46664394,2014
46079801,46664399,2014
46079816,46664404,2014
46079840,46664409,2014
46080799,46664504,2024
46081718,46664524,2024
46081803,46664534,2024
46082077,46664544,2019
46082238,46664549,2019
46082241,46664554,2019
46082420,46664559,2019
46082431,46664564,2019
46082575,46664569,2024
46082602,46664574,2019
46083195,46664579,2019
46083503,46664584,2019
46084220,46664594,2019
46084287,46664599,2019
46084385,46664604,2019
46084392,46664609,2019
46084426,46664614,2019
46084436,46664619,2020
46084449,46664624,2019
46084651,46664629,2019
46084720,46664634,2019
46084808,46664639,2019
46084981,46664644,2019
46085242,46664654,2019
46085669,46664659,2019
46085734,46664664,2019
46086124,46664679,2019
46086190,46664689,2015
46086355,46664709,2016
46086366,46664714,2025
46086416,46664719,2022
46086626,46664734,2020
46086643,46664739,2020
46086669,46664744,2020
46086877,46664759,2019
46086928,46664764,2019
46087000,46664769,2016
46087031,46664774,2019
46087040,46664779,2019
46087121,46664789,2019
46087155,46664794,2019
46087177,46664799,2019
46087474,46664809,2018
46087494,46664814,2018
46087522,46664819,2018
46087813,46664859,2016
46087863,46664864,2016
46087917,46664869,2016
46087926,46664874,2020
46087999,46664879,2020
46088026,46664884,2020
46088074,46664889,2020
46088136,46664894,2020
46088156,46664899,2018
46088184,46664904,2018
46088438,46664919,2024
46088493,46664924,2024
46088509,46664929,2024
46088513,46664934,2024
46088524,46664939,2024
46088557,46664944,2024
46093088,46664984,2020
46093091,46664989,2016
46093100,46664994,2020
46093119,46664999,2020
46093128,46665004,2020
46093134,46665009,2016
46093150,46665014,2016
46093157,46665019,2020
46093165,46665024,2020
46093168,46665029,2020
46093175,46665034,2020
46093182,46665039,2020
46093186,46665044,2021
46094228,46665049,2021
46094533,46665054,2021
46094548,46665059,2021
46095433,46665064,2021
46095523,46665069,2020
46095532,46665074,2020
46096138,46665079,2020
46096156,46665089,2021
46096204,46665099,2020
46096692,46665104,2020
46096750,46665109,2021
46096953,46665114,2018
46097197,46665124,2018
46097614,46665129,2016
46097625,46665134,2016
46097663,46665139,2016
46097723,46665144,2018
46097728,46665149,2018
46097741,46665154,2018
46097767,46665159,2016
46098357,46665164,2024
46098411,46665169,2018
46098924,46665174,2016
46099940,46665179,2016
46100481,46665184,2018
46101009,46665189,2018
46101835,46665194,2018
46102071,46665199,2018
46102308,46665204,2018
46102475,46665209,2018
46102491,46665214,2018
46102529,46665219,2016
46102569,46665224,2016
46102582,46665229,2016
46102624,46665234,2016
46102674,46665239,2016
46102735,46665249,2016
46102818,46665259,2019
10088,46721312,2017
7854,46909143,2018
7860,46909320,2018
7861,46909546,2018
7862,46909843,2018
10089,46910143,2017
10724,46910291,2015
14048,46910790,2018
14050,46910927,2018
18145,46911110,2025
21856,46911332,2021
21859,46912402,2021
21860,46913402,2021
39303,46914065,2018
44681,46914636,2018
44682,46914961,2018
44683,46915269,2018
64400,46915591,2018
64410,46915949,2018
132724,46916253,2018
132729,46916602,2018
132761,46916787,2018
132770,46917106,2018
132771,46917434,2018
132806,46917719,2018
132819,46918058,2018
132827,46918409,2018
132830,46918685,2018
154648,46918929,2021
154717,46921747,2015
154765,46922782,2021
154828,46923595,2020
154853,46924025,2017
154875,46924613,2021
155021,46926198,2015
155040,46926706,2021
155096,46927291,2023
155128,46928647,2015
155180,46929550,2014
155181,46929727,2017
155199,46930121,2015
155218,46930369,2015
155253,46930957,2020
155276,46931209,2022
155294,46932174,2020
170307,46935577,2023
170314,46936155,2022
170322,46937287,2022
170323,46938052,2023
170327,46938189,2023
170331,46938521,2023
170335,46939500,2023
170339,46939740,2023
170340,46940110,2023
170345,46940313,2023
170349,46941049,2023
170357,46942528,2023
187435,46944387,2015
187613,46947481,2015
189823,46950647,2019
190095,46950724,2015
190248,46950734,2019
190299,46950739,2019
191191,46955644,2019
192942,46956781,2019
202632,46958684,2015
18158483,46958780,2019
46104003,46958790,2015
46106621,46959061,2015
46107486,46959066,2015
46107620,46959071,2015
46107890,46959076,2015
46108119,46959081,2015
46109068,46959101,2015
46109095,46959106,2015
46109104,46959111,2015
46109137,46959116,2015
46109145,46959121,2015
154734,47028414,2014
199671,47097671,2020
60447,47189649,2018
190075,47460904,2015
190146,47460909,2015
190159,47460914,2019
190184,47460924,2019
190207,47460929,2015
190216,47460934,2019
190305,47460946,2019
190353,47460956,2015
190364,47460961,2019
190376,47460966,2015
190465,47460971,2015
190477,47460976,2015
198628,47461202,2015
18256726,47461220,2015
18257309,47461225,2015
47140113,47461241,2015
47140142,47461246,2015
47140895,47461251,2024
47143512,47461511,2019
47143570,47461516,2015
47143593,47461521,2015
47143643,47461526,2015
47143653,47461531,2015
47145180,47461646,2019
47145226,47461651,2019
47145520,47461656,2015
47145548,47461661,2015
47145580,47461666,2015
47145611,47461671,2015
47145645,47461681,2019
47149690,47461836,2015
47149703,47461841,2015
47149713,47461846,2019
47149747,47461856,2015
47149866,47461861,2015
47149869,47461866,2015
47149895,47461871,2015
47150056,47461876,2015
47150210,47461881,2015
47150446,47461886,2015
47150895,47461896,2015
47153711,47461901,2015
47153728,47461906,2015
47153773,47461911,2015
47153782,47461916,2015
47153791,47461921,2015
47153800,47461926,2015
47164914,47461931,2019
47164926,47461936,2015
47165067,47461941,2015
47165099,47461946,2015
47165104,47461951,2015
47165158,47461956,2015
47165292,47461961,2019
47165302,47461966,2019
47165317,47461971,2015
47165333,47461976,2019
47165363,47461981,2015
47165366,47461986,2019
47165387,47461991,2019
47165398,47461996,2019
47165457,47462001,2019
47165472,47462006,2015
47165490,47462011,2015
47165538,47462016,2015
47685177,47686394,2019
47686544,47686920,2019
47686971,47687025,2019
47687060,47687111,2019
68527310,47728827,2017
47728648,47728851,2017
47728650,47728857,2017
47728602,47736420,2017
16011,47917579,2024
18156003,47919100,2022
47407703,48184464,2019
48321187,48343142,2014
48342237,48343487,2014
48342518,48343566,2014
48342182,48344636,2014
48342181,48344975,2014
48342233,48345207,2014
48342130,48345271,2014
48342204,48345477,2014
46079873,48345801,2014
48342379,48345971,2014
48342141,48346367,2014
48342435,48346465,2014
48342164,48346580,2014
48342329,48346892,2014
48342425,48347104,2014
48342345,48347221,2014
48342217,48347297,2014
48320397,48347629,2014
48342433,48348091,2014
48342230,48348505,2014
48342485,48348576,2014
48342394,48348867,2014
48342389,48349115,2014
48342238,48349469,2014
48342530,48349711,2014
48342268,48350012,2014
48342209,48350060,2014
48342168,48350654,2014
48342493,48350922,2014
48342469,48351016,2014
48342513,48351180,2014
48342193,48351760,2014
48342103,48351831,2014
48342346,48351918,2014
48342441,48352328,2014
48342148,48352450,2014
48342264,48352770,2014
48342464,48353053,2014
48342455,48353130,2014
48342240,48353199,2014
172376,48353281,2014
48342284,48353451,2014
48342185,48353610,2014
48342325,48353708,2014
48342115,48353812,2014
48342333,48354285,2014
48342505,48354985,2014
48342314,48355768,2014
48342197,48355884,2014
46079868,48356382,2014
48320326,48356759,2014
48342186,48356904,2014
48342173,48357249,2014
48342273,48357354,2014
48342260,48357593,2014
48342093,48357847,2014
48342454,48358145,2014
48342097,48358195,2014
48342236,48358271,2014
196308,48358497,2021
48342351,48358736,2014
48342486,48358787,2014
48342153,48358864,2014
48342160,48358955,2014
48342332,48359259,2014
48342218,48359378,2014
48342171,48359477,2014
48342195,48359657,2014
48342451,48359734,2014
48342385,48359946,2014
48342312,48360372,2014
48342282,48360743,2014
48342534,48360830,2014
48342428,48361110,2014
48342092,48361687,2014
48342288,48361770,2014
48321164,48361844,2014
48321151,48362175,2014
48342352,48362332,2014
48342162,48362429,2014
48342232,48362523,2014
48342292,48362822,2014
48342129,48363259,2014
48342248,48363336,2014
48342391,48363953,2014
48342134,48364026,2014
48342341,48364310,2014
48342416,48364422,2014
18263684,48364510,2014
48321090,48364734,2014
48342105,48364858,2014
48342208,48365447,2014
48342487,48365550,2014
48342125,48365558,2014
48342200,48365681,2014
48320496,48365754,2014
48342320,48365898,2014
48342502,48366375,2014
48342471,48367032,2014
48342142,48367272,2014
48342123,48367850,2014
48342364,48367923,2014
196307,48368012,2021
47400952,48368129,2014
48342174,48368221,2014
48342359,48368374,2014
48342405,48368508,2014
48342309,48368599,2014
48342274,48369101,2014
48342521,48369398,2014
48342234,48369856,2014
48342177,48369958,2014
48342143,48370023,2014
48342456,48370283,2014
48342206,48370969,2014
48342287,48371061,2014
48342525,48371246,2014
48342477,48372150,2014
48342519,48372876,2014
48342290,48373063,2014
48342207,48373163,2014
196310,48373475,2021
48342196,48373723,2014
48342109,48373791,2014
48342252,48373997,2014
48342191,48374147,2014
48342298,48374218,2014
48342303,48374465,2014
48342289,48374598,2014
48342512,48374913,2014
48342422,48375114,2014
48342496,48375541,2014
48342511,48375909,2014
48321442,48376132,2014
48342120,48376255,2014
48342427,48376522,2014
46079924,48376643,2014
48342137,48376893,2014
48342272,48377617,2014
48342285,48377693,2014
48342482,48377855,2014
48319933,48378302,2014
46079911,48378548,2014
48342100,48378705,2014
48342504,48378774,2014
48342376,48378852,2014
48342524,48379008,2014
48342150,48379088,2014
48342108,48379168,2014
48342417,48379268,2014
48321143,48379341,2014
48342475,48379597,2014
48342210,48379691,2014
48342099,48380128,2014
48342178,48380215,2014
172487,48380274,2014
48342254,48380694,2014
48342281,48380773,2014
48342228,48380960,2014
48342278,48381576,2014
48342117,48381792,2014
48342419,48382314,2014
48342126,48382404,2014
46080080,48382737,2014
48342122,48383462,2014
48342170,48383574,2014
48342144,48383658,2014
48342133,48383732,2014
48342305,48383879,2014
48342277,48383963,2014
48342381,48384103,2014
48342158,48384216,2014
48342410,48384588,2014
48342243,48384677,2014
48342253,48384972,2014
48342101,48385033,2014
48342516,48385312,2014
48342179,48385880,2014
198774,48385954,2014
48342221,48386150,2014
48342366,48386360,2014
48342321,48387105,2014
48342349,48387572,2014
48342111,48387671,2014
48342176,48388281,2014
48342119,48388591,2014
48342280,48388698,2014
48342436,48388780,2014
48342442,48388872,2014
46080101,48388953,2014
48321557,48389142,2014
48342378,48389214,2014
47141289,48389300,2014
48342149,48389434,2014
48342154,48389543,2014
48342529,48390292,2014
48342256,48390372,2014
48342201,48390735,2014
48342225,48390972,2014
48342187,48391767,2014
48342431,48392011,2014
48342250,48392178,2014
48342489,48392310,2014
48342223,48393166,2014
48342183,48393255,2014
48342213,48393364,2014
48342388,48394162,2014
48342402,48394299,2014
48342535,48394596,2014
48342265,48394675,2014
48342152,48395222,2014
48342397,48395593,2014
48342372,48395674,2014
48342383,48396029,2014
48342166,48396835,2014
48342219,48397425,2014
48342411,48397591,2014
48342440,48397830,2014
48342407,48398075,2014
48342342,48398267,2014
48342328,48398474,2014
48342444,48398563,2014
48342339,48398755,2014
47401609,48398849,2014
48342498,48399194,2014
48342467,48399254,2014
48342501,48399604,2014
48342128,48399708,2014
48342488,48400056,2014
47143206,48400287,2014
48342259,48400422,2014
48342244,48400506,2014
48342420,48400577,2014
48342294,48400800,2014
48342448,48400876,2014
48342449,48400961,2014
48342523,48401072,2014
48342269,48401143,2014
48342316,48401237,2014
48342306,48401344,2014
48342398,48401898,2014
48342246,48401998,2014
46080159,48402209,2014
48342317,48402914,2014
48342445,48403061,2014
48342145,48403220,2014
48342492,48403332,2014
48342337,48403663,2014
48342412,48403822,2014
48342462,48403968,2014
48342354,48404582,2014
48342373,48404699,2014
48342283,48404909,2014
48342392,48405050,2014
48342229,48405126,2014
48342458,48405286,2014
48342271,48405588,2014
48342466,48405700,2014
48342089,48405779,2014
46080027,48405857,2014
48342307,48406054,2014
48342356,48406143,2014
48342362,48406495,2014
48342357,48406732,2014
48342198,48406816,2014
48342258,48406892,2014
48321178,48407040,2014
48342499,48407219,2014
48342508,48407306,2014
48342326,48407408,2014
48342371,48407775,2014
48342400,48407854,2014
48342437,48407944,2014
48342460,48408041,2014
48342300,48408638,2014
48342473,48408752,2014
48342295,48408867,2014
48342262,48409107,2014
48342409,48409352,2014
170351,48496004,2022
170622794,48859299,2024
161459,48939762,2015
187678,49024134,2014
187775,49024361,2014
187756,49024608,2014
187492,49024854,2014
187573,49025124,2014
194898,49076735,2014
194818,49076966,2014
194815,49077912,2014
194844,49078236,2014
194840,49078515,2014
194838,49078705,2014
194821,49078936,2014
194850,49079126,2014
194819,49079354,2014
194901,49079559,2014
194900,49079731,2014
194814,49080381,2014
194902,49080594,2014
194843,49086951,2014
194860,49087436,2014
194859,49087606,2014
194845,49088360,2014
194851,49089799,2014
194853,49090054,2014
194854,49090459,2014
194855,49090879,2014
154972,49091175,2014
194856,49091513,2014
194895,49092526,2014
194896,49092779,2014
49186795,49221492,2020
49178332,49221884,2020
49168598,49223591,2020
49145085,49223671,2020
195077,49223922,2021
49188584,49224095,2020
49218346,49224201,2020
49186498,49224912,2020
49187091,49225129,2020
49181893,49225205,2020
49171768,49225265,2020
49180983,49225367,2020
49178040,49226309,2020
49167129,49226648,2020
49169275,49226713,2020
46104933,49226925,2020
49188717,49227587,2020
49181579,49227796,2020
47148973,49227874,2020
172498,49228042,2020
49188539,49228454,2020
49177767,49228622,2020
49178446,49228821,2020
49182929,49229050,2020
49178958,49229349,2020
49188617,49229563,2020
49186734,49229764,2020
49173267,49229987,2020
49187177,49230476,2020
49173495,49230902,2020
49170868,49231193,2020
49188255,49231517,2020
49184328,49231787,2021
49187711,49231960,2020
49218692,49232894,2020
195073,49233321,2021
49171849,49233496,2020
49186781,49233725,2020
49145403,49234015,2020
49145334,49234949,2020
49167001,49235111,2020
49188068,49235589,2020
49169112,49235838,2020
49145114,49235972,2020
49180541,49236207,2020
49218207,49236846,2020
49187675,49237167,2020
49173102,49237948,2020
49182317,49238802,2020
49178586,49238987,2020
49182559,49239394,2020
49145628,49239702,2020
49186930,49239823,2020
49167066,49239917,2020
161463,49318282,2021
47406916,49405533,2019
47166659,49513131,2014
47166662,49513416,2014
47166619,49611371,2014
49676740,49697394,2022
49677217,49698313,2019
49677201,49698883,2014
47407240,49748429,2024
47136863,49749201,2014
47137241,49749355,2014
47136868,49749492,2014
47260360,49749676,2014
49911704,49911708,2014
47385652,50033244,2014
2467,50347659,2018
2474,50348265,2018
2476,50349178,2018
2478,50349982,2018
2480,50350661,2018
2763,50351457,2020
3778,50351626,2018
4160,50351955,2017
4161,50352086,2018
6335,50352346,2017
8097,50353881,2018
8153,50354147,2018
8551,50354433,2018
9249,50355227,2018
9250,50356171,2018
10707,50357742,2021
10708,50357964,2020
11047,50358334,2020
11048,50359330,2020
11140,50360282,2018
11141,50361160,2019
11142,50361346,2018
11143,50361589,2019
11144,50361701,2018
11145,50361866,2018
12125,50362415,2018
12126,50362558,2018
13006,50362794,2018
13241,50363686,2020
13242,50363892,2020
13243,50364109,2020
13244,50364253,2020
13245,50365198,2020
13247,50366236,2020
13248,50366525,2020
13249,50366790,2020
13251,50367335,2020
13252,50367496,2020
13704,50367651,2017
15421,50368125,2017
16564,50369125,2019
17029,50370481,2018
17032,50370912,2018
20729,50373009,2018
20730,50373865,2018
20731,50374282,2019
20732,50375312,2018
21500,50377701,2018
23211,50379111,2020
40635,50380449,2020
41711,50380694,2018
41714,50381127,2019
41715,50381544,2018
41754,50381766,2017
41755,50382216,2025
41759,50383813,2020
41760,50383956,2020
198920,50386795,2017
50020625,50605632,2015
50020621,50605656,2015
50011071,50605984,2015
50012470,50609268,2015
50107293,50856395,2015
50902942,50912682,2015
50160898,51216308,2015
50107605,51216640,2015
50113365,51216703,2015
50148677,51216714,2015
50148695,51216727,2015
50148787,51216754,2015
50148930,51217121,2015
50016125,51217531,2015
18178598,51230563,2024
194904,51319989,2014
50853886,51390936,2015
53753301,53767470,2015
190152,53937753,2019
196417,53990344,2017
50902984,53990706,2024
50903006,53990712,2024
50903234,53990827,2016
50903247,53990892,2018
50903077,53991087,2024
54007396,54023123,2019
54007415,54023687,2020
183214,54026319,2016
190475,54145413,2018
50903260,54145434,2016
10074,54145490,2017
10056,54903534,2017
10057,54903879,2017
10063,54904334,2017
10065,54904583,2016
10070,54905206,2017
10072,54905720,2017
10077,54906067,2017
10083,54906192,2017
107259870,54906372,2017
40773,54906710,2017
107261083,54906819,2017
40802,54906903,2017
107261486,54907188,2017
41005,54907304,2017
41007,54907846,2017
41009,54908481,2017
41010,54908593,2017
107261198,54909454,2017
195100,54909767,2017
47735321,54910024,2017
18123647,55159722,2016
154989,55159768,2020
56084246,56084298,2014
199622,56697395,2017
56097702,56717610,2019
47137465,56986790,2014
56852409,57067094,2020
187790,57132616,2015
56852135,57157952,2020
47137515,57206002,2014
56852265,57220065,2017
56852190,57220282,2017
56852510,57244866,2016
57274554,57288867,2018
899,57549321,2014
57453648,57767556,2014
904,58292706,2024
1847,58293070,2024
16238,58297577,2016
16781,58298056,2024
19387,58300528,2016
19388,58300564,2019
19861,58301467,2024
21628,58302892,2016
39375,58303674,2020
39389,58304073,2023
39393,58304631,2022
44478,58307061,2017
44479,58307106,2016
154855,58313126,2017
155201,58313502,2022
166881,58317229,2017
169358,58318427,2017
169361,58318579,2017
172363,58325231,2016
181000,58325572,2021
182038,58328597,2020
182136,58329087,2020
182470,58330749,2020
182622,58331575,2020
182905,58332967,2020
183161,58334378,2020
186089,58334879,2019
194308,58335543,2020
196315,58335794,2021
196371,58336239,2019
57505507,58341171,2017
57505709,58341186,2016
57506640,58341331,2017
57508187,58341436,2016
57508615,58341441,2019
57509025,58341446,2020
57509248,58341461,2019
57509279,58341466,2019
57509289,58341471,2020
57509336,58341486,2016
57509876,58341531,2017
59034974,59034995,2014
18123632,60413587,2015
190126,60457276,2019
190447,60458538,2015
60469588,60546031,2019
166433,60584003,2020
91182641,60594393,2019
172314,60601652,2017
172326,60603626,2019
172359,60610709,2021
172393,60616867,2021
172401,60618495,2019
172450,60627009,2019
172468,60630493,2017
155068636,60631460,2019
172497,60635633,2021
57453548,60774385,2015
60469215,60775261,2015
60469186,60780091,2015
18139074,60780149,2015
190419,60780365,2015
57453743,60780380,2015
60469516,60780430,2015
190282,60780445,2015
60469527,60780576,2015
57825241,60780600,2015
60481885,60780640,2015
18140291,60780807,2015
57453678,60781155,2015
18138780,60781214,2015
57453584,60781274,2015
60483363,60781427,2015
18140358,60782640,2015
18140736,60782748,2015
190485,60782869,2015
198564,60783165,2015
60469552,60783358,2015
198623,60783406,2015
60470750,60783895,2015
60485173,60783902,2015
198624,60784465,2015
60482259,60785025,2015
60482676,60785140,2015
60482710,60785188,2015
60469615,60785295,2015
60469670,60785498,2015
60469697,60785675,2015
190349,60786054,2015
60469712,60786092,2015
190260,60786169,2015
60470089,60786182,2015
190414,60786205,2015
190331,60786235,2015
67965135,60786431,2019
60469816,60786497,2015
190109,60786653,2015
60470373,60786671,2015
60471792,60786731,2015
60471825,60786750,2015
60483083,60786820,2015
190433,60786860,2015
60483092,60786888,2015
60469196,60787226,2015
60469441,60787307,2015
60485886,60787313,2015
18227109,60787320,2015
60470376,60787570,2015
60470481,60787970,2015
60470485,60787999,2015
60470489,60788062,2015
60470665,60788084,2015
60470674,60788108,2015
60470680,60788125,2015
60470683,60788195,2015
60470687,60788211,2015
60483177,60788228,2015
60469220,60788255,2015
60469224,60788359,2015
60470344,60788376,2015
198607,60788414,2025
60470339,60789027,2015
21130109,60789114,2015
60470745,60789949,2015
60482909,60789986,2015
21130979,60790056,2015
60470704,60790190,2015
18252612,60790215,2015
60469980,60790321,2015
60469890,60790425,2019
60470792,60790660,2015
60470817,60790715,2015
60470856,60790754,2015
60470876,60790787,2015
60470908,60790815,2015
60470918,60790889,2015
60470770,60791264,2015
60472006,60791299,2015
60472203,60791321,2015
60472409,60791359,2015
60472779,60791381,2015
190107,60791470,2015
18125776,60791529,2015
198595,60791796,2015
60469866,60792060,2015
60470467,60792077,2015
60471195,60792101,2015
60475627,60792144,2015
60481655,60792161,2015
60482037,60792173,2015
60476941,60792237,2015
60477122,60792368,2015
60477337,60792393,2015
60477619,60792424,2015
60477991,60792443,2015
60478393,60792507,2015
60482810,60792565,2015
60482859,60792646,2015
18238049,60792652,2015
60484333,60792710,2015
18140801,60792788,2019
60481712,60792912,2015
60481729,60792930,2015
60481876,60792936,2015
190131,60792945,2015
60481663,60792991,2015
60470461,60793045,2015
60471850,60793062,2015
17245,60793380,2015
60482611,60793460,2015
60470092,60793683,2015
60470096,60793691,2015
60471855,60793716,2015
18128938,60793724,2015
60471860,60794206,2015
60471865,60794212,2015
60473762,60794225,2015
60474290,60794239,2015
60481692,60794266,2015
198621,60794285,2015
60481936,60794293,2019
60485122,60794317,2015
190214,60794470,2015
60481914,60794995,2015
60469804,60795004,2015
60469877,60795017,2019
60470358,60795030,2015
190278,60795039,2015
60470361,60795046,2015
60471934,60795053,2015
190157,60796036,2015
60482063,60796200,2015
60482102,60796225,2015
60482105,60796231,2015
60482374,60796240,2015
60482553,60796487,2015
60482562,60796500,2015
190402,60796571,2015
60482178,60796603,2015
60469175,60796740,2015
190201,60796787,2015
60469204,60796959,2015
57714556,60797022,2015
190154,60797259,2015
60469264,60797331,2015
60469273,60797337,2015
60469298,60797343,2015
18138825,60797446,2015
57693936,60797550,2015
60470322,60798458,2015
60470977,60798537,2015
57453696,60799113,2015
60471877,60799164,2015
60471883,60799272,2015
60471901,60799300,2015
60471916,60799353,2015
190262,60799466,2015
60475013,60799542,2015
18138869,60799577,2015
60482312,60799765,2015
60482715,60799781,2015
60482748,60799799,2015
60482776,60799889,2015
60482786,60799917,2015
60484408,60799945,2015
18139045,60799962,2015
58241062,60800084,2015
60483211,60800106,2015
60482248,60800129,2015
60485860,60800163,2015
60469546,60800192,2015
60471691,60811550,2015
190258,60811584,2015
60486567,60811670,2019
198604,60811743,2015
60469249,60812140,2015
57453720,60812160,2015
60479648,60812219,2015
60480024,60812240,2015
60480620,60812253,2015
60480946,60812280,2015
60481184,60812290,2015
60483137,60812346,2015
60483257,60812409,2015
60483273,60812443,2015
190354,60812459,2015
17977,60812482,2015
60484350,60812557,2015
60484369,60812595,2015
60484396,60813851,2015
60484435,60813868,2015
60469170,60813935,2015
190341,60813954,2015
190130,60813971,2015
60476220,60813987,2015
60484826,60814014,2015
60469232,60814030,2015
60469237,60814275,2015
60469241,60814281,2015
60469244,60814301,2015
60469323,60814390,2015
60469375,60814406,2015
60470379,60814440,2015
60470382,60814470,2015
190416,60814500,2015
60470388,60814528,2015
60470392,60814557,2015
60470395,60814580,2015
60470399,60814601,2015
18257189,60814627,2015
60471973,60814711,2015
60478881,60814729,2015
60479167,60814751,2015
60479354,60814779,2015
60482467,60814977,2015
60482532,60815023,2015
18257684,60815040,2015
60471925,60815338,2015
198751,60815389,2015
60485561,60815922,2015
198723,60816056,2015
61934220,61934235,2015
61934241,61934244,2015
61934264,61934290,2015
61934392,61934395,2015
61934408,61934423,2015
61934439,61934442,2015
61934580,61934678,2015
61935092,61935384,2014
61935587,61935687,2014
61936075,61936271,2014
41665,61948292,2016
2059,61953525,2015
47407760,62001664,2014
60470414,62183815,2015
60470418,62192210,2015
60470422,62194815,2015
60470425,62197449,2015
60470440,62198054,2015
190256,62335304,2015
18139615,62510868,2015
61984292,62699437,2015
64239743,64239951,2015
64372284,64372294,2015
64528661,64528663,2014
50161085,64822273,2015
50161091,64822481,2015
50161093,64823113,2015
50113293,64944067,2015
169599,65114097,2014
65475413,65475420,2015
65476067,65476104,2015
65476258,65476263,2015
50161095,65649708,2015
49254470,65836144,2018
20249232,65926995,2016
20250059,65927008,2016
20250214,65927053,2016
20251047,65927183,2016
20251507,65927387,2016
20252379,65927523,2016
20252707,65927530,2016
20252738,65927550,2016
20252870,65927644,2016
20253006,65927660,2016
20253151,65927672,2016
20253212,65927678,2016
20431525,65927888,2018
20437921,65928000,2018
20251174,66006334,2016
50161089,66444490,2015
190747,66523750,2012
2058,66993062,2016
188065,67026644,2016
19855,67373433,2023
41006,67617766,2017
10069,67618259,2017
65134998,67618763,2016
65135062,67618768,2016
65363543,67618773,2016
65134818,67618778,2016
154938,67618804,2016
65370087,67619013,2016
65349869,67619023,2016
65350111,67619028,2016
65362908,67619033,2016
65362977,67619038,2016
65364521,67619048,2015
155165,67619073,2016
65364798,67619385,2016
65364818,67619390,2017
155285,67619445,2017
112664138,67619693,2017
65365838,67619891,2016
65365899,67619896,2016
65363156,67620965,2016
65363069,67620970,2016
178111,67620975,2017
65368088,67621203,2017
65373532,67621208,2016
155073,67621213,2017
65366061,67621664,2016
65366046,67621669,2015
18258249,67621679,2025
65374676,67621684,2015
65374622,67621694,2015
183512,67621699,2017
65374952,67621835,2016
65374916,67621840,2015
65374735,67621845,2015
198766,67621855,2025
65374787,67621981,2016
183743,67621986,2016
65374877,67622209,2016
183461,67622224,2017
65369305,67622355,2016
65375571,67622360,2016
65375519,67622365,2016
65375703,67622370,2016
65370664,67622390,2015
65368238,67622405,2016
65368242,67622410,2016
17096,67622420,2017
65370433,67622585,2016
65370481,67622590,2016
65368181,67622595,2017
154617,67622600,2016
65369241,67622791,2016
40715,67622796,2017
20318,67623085,2017
20317,67623270,2017
20314,67623372,2017
20316,67623500,2017
20315,67623640,2017
65375137,67623841,2016
65367054,67624130,2017
65370051,67624150,2016
65370218,67624155,2016
65372732,67624190,2016
65372675,67624195,2016
65372876,67624200,2016
65374464,67624205,2016
65374417,67624210,2016
65374540,67624215,2016
65374110,67624220,2016
154629,67624225,2017
65374054,67624446,2016
65368756,67624451,2017
65368759,67624456,2017
65367566,67624462,2016
65367935,67624477,2017
65367996,67624482,2017
65367590,67624487,2016
65367461,67624492,2016
65367581,67624497,2016
65367942,67624502,2017
65367574,67624507,2016
198764,67624698,2025
65367328,67624713,2017
65367204,67624718,2017
65367300,67624723,2017
65367195,67624728,2017
65367303,67624733,2017
65367318,67624743,2016
65372036,67624768,2017
65367453,67624788,2016
65373357,67624823,2016
18877,67625175,2024
259406860,67625345,2024
8407,67625953,2017
64272080,67728915,2016
64272648,67728970,2016
64273045,67728985,2016
64273493,67729075,2016
64315327,67729811,2016
64316981,67729957,2016
20433442,67871500,2018
20436632,67871505,2018
20430510,67871515,2018
20437665,67871520,2018
20437678,67871525,2018
20437454,67871540,2018
20249860,67871550,2019
20251407,67871560,2019
20437783,67871570,2018
20252909,67871575,2024
20431506,67871580,2018
20433543,67871585,2018
20249586,67871590,2019
20437880,67871595,2018
20431513,67871600,2018
20252449,67871605,2024
20436417,67871610,2018
20431493,67871615,2018
20433018,67871620,2018
67851665,67871625,2016
67852269,67871630,2016
67852930,67871635,2016
67853143,67871640,2016
67853294,67871645,2016
67853390,67871650,2016
67853408,67871655,2016
67853416,67871660,2016
67853432,67871665,2016
67853451,67871670,2016
67853562,67871675,2016
67854163,67871680,2016
67854712,67871685,2016
67855065,67871690,2016
67855363,67871695,2016
67855886,67871700,2016
67855905,67871705,2016
67855917,67871710,2016
67855975,67871715,2016
67856047,67871720,2016
67856062,67871725,2016
67856085,67871730,2016
67868614,67871780,2025
67868700,67871790,2025
67903888,67906395,2025
5325,67923704,2015
18374,67924325,2015
178910,67929306,2025
178919,67929505,2025
178978,67929697,2025
179116,67929907,2025
185179,67930028,2025
190328,67931448,2015
191828,67933230,2019
194087,67936705,2015
194905,67936867,2025
194906,67937021,2025
194907,67937169,2015
194908,67937297,2025
194909,67937441,2025
194910,67937574,2015
194911,67937687,2025
194912,67937847,2025
194913,67937992,2025
194914,67938144,2025
196686,67938330,2025
196687,67938484,2025
196688,67938609,2025
198632,67938714,2025
21132053,67939187,2025
46104027,67939512,2025
46104049,67939595,2025
46104052,67939706,2025
46104061,67939807,2025
46104064,67939954,2025
46104071,67940044,2025
46104074,67940152,2025
46104077,67940237,2025
46104090,67940477,2025
46104109,67940771,2025
46104116,67941098,2025
46104124,67941397,2025
46104127,67941702,2025
46104133,67941881,2025
46104136,67942036,2025
46104139,67942311,2025
46104142,67942450,2025
46104147,67942741,2025
46104150,67942934,2025
46104153,67943181,2025
46104160,67943433,2025
46104167,67943584,2025
46104170,67943903,2025
46104173,67944213,2025
46104176,67944472,2025
46104199,67944716,2025
46104208,67944953,2025
46104211,67945238,2025
46104218,67945505,2025
46104227,67945764,2025
46104232,67946027,2025
46104241,67946307,2025
46104251,67946593,2025
46104265,67946862,2025
46104272,67947137,2025
46104287,67947413,2025
46104430,67947642,2025
46104765,67947922,2025
46104789,67948121,2025
46104807,67948397,2025
46104864,67948540,2025
47140942,67948709,2025
47141089,67948785,2025
47141104,67948891,2025
47141177,67949171,2025
47141293,67949407,2025
47141351,67949582,2025
47141354,67949758,2015
47141401,67949927,2025
47141570,67950055,2025
47141697,67950298,2025
47141712,67950513,2015
258716332,67950661,2025
47141736,67950817,2025
47142326,67951076,2025
47142330,67951207,2025
47142333,67951362,2025
47142337,67951506,2025
47142899,67951632,2025
47142908,67951881,2025
47142915,67952012,2025
47142918,67952190,2025
47142927,67952366,2025
47142930,67952518,2025
47142939,67952661,2015
47142944,67952788,2025
47142954,67952923,2025
47143144,67953108,2025
47143154,67953260,2025
273227818,67953394,2025
258746903,67953600,2025
47143176,67953846,2025
47143213,67954201,2025
47143216,67954331,2025
47143309,67954491,2025
47143314,67954739,2025
47143351,67954977,2025
47143372,67955115,2025
47143381,67955255,2025
47143391,67955422,2025
47143394,67955582,2025
47143398,67955811,2025
47143407,67955953,2025
47143421,67956203,2025
47143432,67956354,2025
47143452,67956533,2025
47143476,67956720,2015
47143503,67956880,2025
47143866,67957011,2025
47143869,67957142,2025
47144358,67957379,2025
47144430,67957592,2025
47144448,67957819,2025
47144466,67958066,2025
47144528,67958285,2025
47144544,67958465,2025
47144580,67958675,2025
47144628,67958832,2025
47144698,67958995,2025
47144741,67959187,2025
47144879,67959377,2025
47144896,67959541,2025
47144901,67959781,2025
47144911,67959922,2025
47144922,67960153,2025
47144957,67960318,2015
47144987,67960462,2025
47144995,67960601,2025
47144999,67960788,2025
47145002,67960927,2025
47259883,67961077,2025
49437996,67961151,2015
49438010,67961239,2025
49438012,67961321,2015
67963974,67963980,2015
67964123,67964193,2015
67964394,67964410,2015
67965222,67965334,2015
67965706,67965763,2015
67966147,67966150,2015
67966197,67966204,2015
67966291,67966298,2015
67968507,67970897,2022
67968587,67970902,2022
67968659,67970907,2022
67968705,67970912,2022
67968922,67970917,2022
67968953,67970922,2022
155277,67970937,2022
67968479,67970942,2022
67968571,67970947,2022
67968599,67970952,2022
67970238,67970962,2022
68001146,68001766,2016
68282959,68283004,2015
68283383,68283386,2015
68308810,68308824,2015
68308851,68308869,2015
68308842,68308875,2015
68308968,68308972,2015
68309086,68309096,2015
68309114,68309118,2015
68309149,68309153,2015
68324374,68333569,2024
68324665,68333579,2024
68326478,68333604,2016
68326585,68333609,2016
68326872,68333614,2016
68327714,68333619,2016
68328081,68333624,2016
68328189,68333629,2024
68328401,68333634,2016
68328587,68333639,2016
68328615,68333644,2024
68328817,68333649,2025
68329106,68333659,2021
68329253,68333664,2016
68329324,68333669,2016
68329463,68333674,2016
68329587,68333679,2016
68329682,68333684,2019
68329725,68333689,2016
68329804,68333694,2016
68329897,68333699,2016
68329954,68333704,2016
68330082,68333709,2016
68330244,68333714,2019
68330332,68333719,2016
68330520,68333724,2016
68330671,68333729,2019
68330723,68333734,2020
68330883,68333739,2020
68330952,68333744,2019
68331297,68333749,2020
68332134,68333754,2020
68332344,68333759,2016
68332472,68333764,2016
68332598,68333774,2016
68332934,68333784,2016
68332983,68333789,2016
68333054,68333794,2016
68333211,68333809,2016
68333251,68333814,2016
68333279,68333819,2019
68372514,68379341,2024
68372590,68379346,2024
68372601,68379351,2024
68377015,68379361,2024
68377082,68379366,2024
68377310,68379381,2016
68377344,68379386,2016
68377359,68379391,2016
68383670,68400634,2019
68396676,68400654,2024
68396826,68400659,2017
68397428,68400669,2024
68397881,68400674,2024
68398246,68400679,2024
68400330,68400694,2025
84784918,68607458,2016
161597,68607857,2019
41718,68608640,2015
42703,68608866,2015
161596,68609037,2015
60179,68609203,2015
44186,68609294,2015
41720,68609365,2015
41721,68609457,2016
41722,68609519,2016
41723,68609592,2016
41724,68609648,2016
41725,68609711,2015
41728,68609954,2015
41729,68610061,2015
161434,68610162,2015
161387,68610422,2015
39335,68610594,2015
44171,68610885,2015
40797,68611625,2021
41733,68612504,2020
70680197,68612632,2019
41735,68612902,2019
41738,68613628,2021
41739,68613771,2019
41740,68614118,2020
41746,68615299,2018
41749,68615392,2018
46864,68615502,2020
42706,68615830,2019
41753,68616196,2016
42707,68616530,2019
60187,68617625,2020
161321,68617985,2016
161489,68619906,2015
195444,68620069,2015
195445,68620232,2015
161637,68620350,2021
161329,68620560,2021
195446,68620738,2021
195448,68620997,2015
161535,68621107,2016
195450,68621398,2015
195451,68621509,2015
202053,68621618,2015
195452,68621739,2015
195453,68621850,2015
41802,68622003,2018
41805,68622429,2015
41806,68622497,2015
41807,68622556,2015
41808,68622624,2015
161407,68622705,2015
124696811,68622840,2018
41811,68623349,2016
42711,68623469,2016
39351,68623545,2016
104061138,68623995,2019
42712,68624151,2021
39379,68624306,2021
161539,68624897,2016
41818,68625284,2015
41820,68625409,2015
39334,68625721,2015
152781341,68626047,2020
41828,68630121,2015
41829,68630492,2016
161390,68630579,2015
161655,68630896,2015
195457,68631044,2015
195458,68631857,2015
39355,68634159,2016
63165,68634279,2019
42716,68634394,2019
195426,68634512,2016
60124,68634957,2016
195464,68636975,2015
195470,68637880,2015
161709,68638176,2015
41837,68638559,2015
41838,68638906,2015
41840,68639645,2018
41841,68639742,2016
41842,68639939,2016
41844,68640093,2016
161337,68640180,2015
195471,68640323,2015
195472,68640455,2015
161370,68640573,2015
195473,68640697,2015
42720,68641067,2015
41846,68641142,2016
39390,68641215,2022
161530,68642171,2015
41850,68642326,2020
41852,68642925,2019
41853,68643043,2019
41855,68643273,2018
195478,68643492,2015
195479,68643584,2015
41857,68643703,2018
161496,68643826,2021
42723,68644232,2019
158616,68644334,2019
161360,68644464,2019
42725,68644617,2019
158617,68644689,2019
42727,68644862,2019
124553086,68644970,2020
161404,68645208,2019
42726,68645393,2019
42722,68645459,2019
42729,68645549,2016
41862,68645631,2016
42728,68645745,2016
41863,68645801,2016
41864,68646166,2015
60080,68647900,2019
60081,68648058,2019
60082,68648164,2019
60083,68648254,2019
60084,68648341,2019
60085,68648424,2019
60088,68649040,2019
60089,68649151,2019
60090,68649223,2019
60092,68649334,2019
60093,68649427,2019
60094,68649513,2019
42730,68649607,2019
60097,68649676,2019
60098,68649760,2019
60100,68649829,2019
60102,68649928,2019
60103,68650051,2019
60104,68650134,2019
60105,68650230,2019
60106,68650340,2019
18907453,68783115,2021
199413,69010894,2015
199360,69011704,2015
67963793,69012692,2015
155125,69014762,2015
187455,69015647,2015
187595,69019125,2015
178851,69024847,2015
69126067,69130333,2024
69126144,69130338,2024
69126222,69130343,2024
69126533,69130353,2024
69126704,69130358,2024
69126756,69130363,2024
69128053,69130368,2016
69128212,69130373,2016
69128289,69130378,2016
69128107,69130383,2016
69128478,69130388,2016
69128541,69130393,2016
69130320,69130398,2016
69130203,69130403,2025
69130229,69130408,2016
69130241,69130413,2016
69130281,69130418,2016
47402978,69162484,2016
47402974,69162497,2016
47269831,69162608,2016
47403067,69163749,2016
69179838,69183214,2016
69180312,69183219,2016
69180629,69183224,2016
69181442,69183229,2016
69181472,69183234,2016
69181503,69183239,2016
69181519,69183244,2016
69182150,69183289,2020
69183093,69538553,2020
69539228,69539691,2016
69539262,69539696,2016
69539271,69539701,2016
69539284,69539706,2016
69539293,69539711,2016
69539322,69539716,2016
69539343,69539721,2016
69539356,69539726,2016
69539374,69539731,2016
69539421,69539736,2016
69539499,69539741,2016
69539506,69539746,2016
69539564,69539751,2016
69539571,69539756,2016
69539597,69539761,2016
69539611,69539771,2016
69539627,69539776,2016
69544955,69545629,2024
69545233,69545649,2024
69545271,69545669,2024
69545286,69545694,2022
69545298,69545704,2022
69545310,69545714,2022
69545322,69545724,2022
69545329,69545729,2022
69545332,69545734,2022
69545347,69545749,2022
69545360,69545754,2022
69545393,69545759,2022
69545420,69545774,2018
69545432,69545784,2022
69545437,69545789,2022
69545446,69545794,2020
69545454,69545799,2022
69545457,69545804,2020
69545475,69545809,2020
69545484,69545824,2022
69545534,69545844,2016
69545542,69545849,2016
69545545,69545854,2016
69545550,69545859,2016
69545557,69545864,2016
69181491,69583599,2016
69584026,69592247,2016
69584035,69592252,2016
69584048,69592257,2016
69584098,69592262,2016
69584101,69592267,2016
69584331,69592272,2016
69584359,69592277,2016
69584395,69592282,2016
69584403,69592287,2016
69584408,69592292,2016
69584417,69592297,2016
69584420,69592302,2016
69584428,69592307,2016
69584431,69592312,2016
69584435,69592317,2016
69584469,69592322,2016
69584488,69592327,2016
69584519,69592332,2016
69584524,69592337,2016
69584537,69592342,2016
69584560,69592347,2016
69584566,69592352,2016
69584573,69592357,2016
69584835,69592362,2016
69585676,69592367,2016
69585696,69592372,2016
69586094,69592377,2016
69586372,69592382,2016
69586671,69592387,2016
69587098,69592392,2016
69587107,69592397,2016
69587178,69592402,2016
69587263,69592407,2016
69587548,69592412,2016
69587773,69592417,2016
69588014,69592422,2016
69588682,69592427,2016
69588709,69592432,2016
69588731,69592437,2016
69588764,69592442,2016
69588828,69592447,2016
69588900,69592452,2016
69588906,69592457,2016
69588920,69592462,2016
69588949,69592467,2016
69588952,69592472,2016
69588988,69592477,2016
69588992,69592482,2016
69589013,69592487,2016
69589017,69592492,2016
69589036,69592497,2016
69589636,69592502,2016
69590149,69592507,2016
69590390,69592512,2016
69590668,69592517,2016
69590742,69592522,2016
69590801,69592527,2016
69590820,69592532,2016
69590843,69592537,2016
69590885,69592542,2016
69590936,69592547,2016
69590949,69592552,2016
69590965,69592557,2016
69590993,69592562,2016
69591007,69592567,2016
69591014,69592572,2016
69591045,69592577,2016
69591058,69592582,2016
69591446,69592587,2016
69591538,69592592,2016
69591554,69592597,2016
69591645,69592784,2016
69591683,69592789,2016
69591708,69592794,2016
69591715,69592799,2016
69591773,69592804,2016
69591800,69592809,2016
69591811,69592814,2016
69591878,69592819,2016
69591923,69592824,2016
69591978,69592829,2016
69592009,69592834,2016
69592012,69592839,2016
69592021,69592844,2016
69592038,69592849,2016
69592051,69592854,2016
69592060,69592859,2016
69592071,69592864,2016
69592082,69592869,2016
69592095,69592874,2016
69616870,69632938,2017
69739708,69742699,2024
69739731,69742704,2016
69739816,69742709,2016
69739933,69742714,2016
69740574,69742719,2016
69740648,69742724,2016
69740837,69742729,2016
69740861,69742734,2016
69740895,69742739,2016
69741115,69742744,2016
69741187,69742749,2016
69741220,69742754,2016
69741251,69742759,2016
69741345,69742764,2016
69741351,69742769,2016
69741708,69742774,2016
69741720,69742779,2016
69741856,69742784,2016
69741907,69742789,2016
69741958,69742836,2016
69742023,69742841,2020
69743659,69745300,2016
69743737,69745305,2016
69743759,69745310,2016
69743778,69745315,2016
69743867,69745320,2016
69743871,69745325,2016
69743987,69745330,2016
69744004,69745335,2016
69744038,69745340,2016
69744154,69745345,2016
69744177,69745350,2016
69744182,69745355,2016
69744195,69745360,2016
69744273,69745365,2016
69744363,69745370,2016
69744396,69745375,2016
69744444,69745380,2016
69745130,69745385,2016
69115853,69774294,2015
69778589,69782007,2016
69778885,69782012,2016
69778947,69782017,2016
69779049,69782022,2016
69779213,69782027,2016
69779346,69782032,2016
69779492,69782042,2016
69779572,69782047,2016
69779611,69782052,2016
69779638,69782057,2016
69779647,69782062,2016
69779662,69782067,2016
69779925,69782072,2016
69779937,69782077,2016
69779969,69782082,2016
69779983,69782087,2016
69780030,69782092,2016
69780099,69782097,2016
69780323,69782102,2016
69780344,69782107,2016
69780365,69782112,2016
69780520,69782117,2016
69781742,69782122,2016
69781826,69782127,2016
69781901,69782132,2016
69778452,69782166,2016
69786726,69800827,2016
69786877,69800832,2016
69787135,69800837,2016
69787355,69800842,2016
69787466,69800847,2016
69789503,69800852,2016
69789808,69800857,2016
69789961,69800862,2016
69790220,69800867,2016
69790273,69800872,2016
69790309,69800877,2016
69790438,69800882,2016
69790649,69800887,2016
69790740,69800892,2016
69800704,69800897,2016
69793032,69800902,2016
69793068,69800907,2016
69793201,69800912,2016
69793403,69800917,2016
69793564,69800922,2016
69793633,69800927,2016
69793471,69800932,2016
69793953,69800937,2016
69794152,69800942,2016
69794251,69800947,2016
69797761,69800952,2016
69797998,69800957,2016
69798179,69800967,2016
69798315,69800972,2016
69798438,69800977,2016
69798514,69800982,2016
69798517,69800987,2016
69798558,69800992,2016
69798571,69800997,2016
69798762,69801002,2016
69798835,69801007,2016
69798967,69801012,2016
69799144,69801017,2016
69799447,69801022,2016
69799689,69801027,2016
69799861,69801032,2016
69800019,69801037,2016
69800178,69801042,2016
69800282,69801047,2016
69800391,69801052,2016
69800498,69801057,2016
169955,69905303,2011
69179175,69971184,2016
69917280,70009712,2016
69917385,70009717,2016
69917415,70009722,2016
69917655,70009732,2016
69917664,70009737,2016
69917722,70009742,2016
69917860,70009747,2016
69917918,70009752,2016
69918183,70009757,2016
69918242,70009762,2016
69918395,70009767,2016
69918402,70009772,2016
69918506,70009940,2016
69918527,70009945,2016
69918570,70009950,2016
69918587,70009955,2016
69918603,70009960,2016
69918624,70009965,2016
69918815,70009970,2016
69918902,70009975,2016
69918967,70009980,2016
69919009,70009985,2016
69919036,70009990,2016
69919192,70009995,2016
69919214,70010000,2016
69919230,70010005,2016
69919253,70010010,2016
69919266,70010015,2016
69919546,70010020,2016
69919569,70010025,2016
69919731,70010030,2016
69920041,70010035,2016
69920173,70010040,2016
69920296,70010045,2016
69920346,70010050,2016
69920774,70010055,2016
190190,70036823,2015
70679787,70680049,2019
70680908,70680983,2019
70681387,70681738,2015
70686656,70687032,2016
70688138,70688281,2016
70688333,70688363,2015
67968236,70694877,2015
68202649,70694921,2015
63127,70709214,2015
41875,70709453,2016
42718,70709684,2016
41856,70709963,2018
50078139,70838837,2015
47402970,72351584,2016
47269908,72473961,2016
47270035,72473973,2016
199661,72473985,2016
68333312,72474262,2016
68333307,72474274,2016
75143569,75144431,2019
75146277,75146499,2020
75147101,75147195,2020
75147549,75147775,2019
75150150,75151154,2017
75153246,75153434,2017
75153576,75153604,2017
75153687,75153727,2017
75155119,75155131,2017
75155263,75155297,2017
75155303,75155449,2017
75155644,75155653,2017
75156420,75156433,2017
75156647,75156676,2017
75157241,75157330,2020
75159326,75159356,2022
75159378,75159393,2022
75545605,75545618,2022
75548420,75548561,2019
75550952,75550962,2024
75553541,75553581,2022
75553587,75553596,2019
75553602,75553867,2022
75553913,75554135,2019
75554336,75554343,2022
75555773,75555790,2020
75555802,75555952,2021
75556569,75556657,2019
75556671,75556747,2019
170603,76143794,2017
170605,76143802,2017
170333,76154447,2023
164116,78457207,2016
189829,78470198,2015
194971,78691040,2015
78748407,78772388,2021
78749198,78772393,2021
78763353,78772398,2021
78763607,78772403,2021
78763614,78772408,2021
78763643,78772413,2021
78763727,78772418,2021
78763977,78772423,2021
78764148,78772428,2021
78764186,78772433,2022
78764274,78772438,2021
78764384,78772443,2022
78764677,78772448,2021
78764711,78772453,2021
78764797,78772458,2021
78768961,78772463,2021
78768971,78772468,2021
78768975,78772473,2022
78768980,78772478,2021
78769001,78772483,2021
78769011,78772488,2021
78769674,78772493,2021
78769692,78772498,2022
78769871,78772503,2021
78769875,78772508,2021
78771080,78772513,2021
78771094,78772518,2021
78771101,78772523,2021
78771163,78772528,2021
78771325,78772533,2021
78771329,78772538,2021
78771388,78772543,2021
78771440,78772548,2021
78771516,78772553,2021
78771528,78772558,2021
78771579,78772568,2021
78771583,78772573,2021
78771608,78772578,2021
78771632,78772583,2021
78771692,78772588,2021
78771696,78772593,2021
78771700,78772598,2021
78771710,78772608,2021
78772043,78772613,2021
78772221,78772628,2021
78772250,78772633,2021
78772274,78772638,2021
78772279,78772643,2021
78772302,78772648,2021
61743,78775083,2021
41880,78775277,2021
162709571,78831086,2020
46104928,78831334,2020
190468,78940195,2016
196690,79104403,2020
79800043,79800045,2016
79800053,79800055,2016
79800103,79800105,2016
79800116,79800118,2016
79800135,79800138,2016
79800159,79800162,2016
79800168,79800171,2016
79800178,79800181,2016
79800188,79800204,2016
79800214,79800219,2016
79800251,79800264,2016
79800448,79800460,2019
79800470,79800480,2019
79800500,79800507,2019
79800513,79800516,2019
79800524,79800545,2019
79800552,79800555,2019
79800562,79800575,2019
79800582,79800585,2019
79800594,79800607,2019
79800615,79800618,2019
79800624,79800634,2019
79800643,79800652,2019
79800670,79800680,2019
79800687,79800696,2019
79800718,79800728,2019
79800785,79800791,2019
79800801,79800804,2019
79800812,79800828,2019
79800854,79800872,2019
79800879,79800915,2019
79800922,79800925,2019
79800964,79800968,2019
79800999,79801008,2019
79801034,79801050,2019
79801064,79801067,2019
79801074,79801077,2019
79801089,79801092,2019
79801109,79801115,2019
79801139,79801142,2019
79801152,79801246,2019
79801482,79801485,2019
79802334,79802437,2019
79802677,79802692,2019
79802460,79802699,2019
79802705,79802708,2019
79802886,79802899,2019
79802913,79802920,2019
79802989,79802995,2019
79803001,79803008,2019
79803027,79803035,2019
79803041,79803044,2019
79803091,79803093,2019
79803102,79803109,2019
79803143,79803146,2019
79803162,79803170,2019
79803203,79803218,2019
79803225,79803238,2019
79803245,79803253,2019
79803311,79803314,2019
11987,80159830,2016
198763,80250985,2015
79928204,80570564,2017
39363,80672743,2015
60112,80673588,2016
161706,80674320,2020
161683,80675182,2015
161594,80676330,2020
161595,80677015,2020
60152,80677563,2020
44514,80678335,2020
44205,80678455,2020
67966420,81678785,2015
68438250,81731583,2015
190373,81731622,2015
190427,81732320,2019
154669,81913061,2015
18258266,81987473,2014
68064267,82018531,2015
190480,82019839,2015
67966271,82020225,2015
190158,82020433,2015
82031667,82031671,2017
82124938,82125005,2015
82125026,82125040,2015
82125080,82125084,2015
82125112,82125121,2015
82125176,82125179,2015
82125274,82125277,2015
82125351,82125407,2015
82125424,82125452,2015
82125464,82125472,2015
82302860,82302868,2024
82303284,82303295,2024
82303816,82303840,2024
82304194,82304200,2022
82304256,82304269,2024
82306863,82306895,2016
82306982,82307050,2016
82308445,82308454,2016
82308484,82308488,2016
82308681,82308699,2016
82308810,82308815,2016
82308832,82308845,2024
82308861,82308865,2019
82308892,82308898,2016
181984,82645871,2019
183177,82646497,2019
185963,82651392,2019
185972,82652388,2019
185989,82652871,2019
185990,82653082,2019
185999,82655797,2019
186007,82656642,2019
186008,82656935,2019
186012,82657367,2019
186019,82657796,2019
190168,82660284,2019
190327,82662519,2019
190409,82663013,2019
191206,82664336,2019
191832,82664748,2019
191833,82664966,2019
191835,82665184,2019
192934,82666264,2019
192945,82666361,2019
193264,82666613,2020
193266,82666764,2020
193267,82666940,2020
193268,82667096,2020
162912433,82667283,2020
193270,82667516,2020
193271,82667694,2020
162915452,82668324,2021
46104959,82676642,2020
46105306,82676999,2020
46105847,82677474,2020
46106057,82677605,2020
46106266,82677948,2020
46106542,82678128,2020
47146393,82678631,2020
47147457,82678811,2020
47147468,82679033,2020
47147556,82679191,2020
47147574,82679342,2020
47147616,82679504,2020
47147660,82679637,2020
47147702,82679809,2020
47147749,82679981,2020
47147840,82680106,2020
47147979,82680261,2020
47148013,82680403,2020
47148202,82680558,2020
47148944,82681093,2020
47149007,82681236,2020
47149037,82681397,2020
47149087,82681531,2020
47149357,82681697,2020
188595,82804978,2022
56852595,82938789,2015
82960375,82962274,2021
83284529,83284586,2019
176703,83452332,2018
176694,83452701,2018
83457578,83457612,2018
191834,83711225,2019
176714,83765016,2021
132475824,83766285,2021
176770,83768116,2021
46104895,83773284,2020
47147582,83777464,2020
69181516,83904390,2016
189043,84459393,2011
198562,84946555,2016
170600,85576079,2018
170188,85696980,2014
19718565,85697208,2015
169967,85697412,2015
48342396,85698327,2015
183703,85698513,2015
183739,85698736,2015
183961,85699047,2015
183326,85699406,2015
47406921,85730565,2016
185148,85793556,2025
155747,85981445,2017
155755,86023024,2017
185127,86178858,2014
152031540,86299429,2020
192939,86333867,2019
190111,86337744,2019
190329,86337892,2019
191309,86338136,2019
191314,86338254,2019
183364,86338645,2019
190458,86346358,2019
191829,86346808,2019
195076,86367413,2021
10939,86372523,2017
190478,86377366,2019
193273,86378048,2019
193274,86378350,2019
16406635,86382118,2017
16406919,86382615,2017
16439534,86385940,2021
16439642,86386114,2021
16465952,86388089,2017
16465969,86388244,2017
16466332,86388759,2017
166985,86395377,2019
190195,86399058,2019
190257,86399458,2019
191193,86402569,2019
191196,86402693,2019
191197,86402805,2019
16759101,86415416,2020
46105095,86420735,2020
47148169,86421050,2020
16749758,86421242,2020
47148543,86421446,2020
16749978,86421635,2020
47148847,86421781,2020
47148940,86421928,2020
46106412,86422034,2020
47149427,86422217,2020
47149594,86422380,2020
185872,86423984,2020
12399,86486498,2021
16467724,86490957,2021
191192,86497951,2019
190274,86498604,2021
16781113,86556340,2025
185943,86559177,2019
47150568,86563201,2024
191207,86565245,2019
191311,86565496,2019
46108252,86566316,2025
185128,86636193,2011
183152,86861471,2016
87516799,87541321,2024
87517463,87541347,2016
87517472,87541360,2024
87517480,87541857,2024
47386952,87541874,2024
87517631,87541905,2024
87517661,87541923,2024
87517673,87542187,2024
87517955,87542193,2024
87517999,87542202,2024
87518214,87542210,2024
87518321,87542221,2024
87518571,87542232,2024
87518590,87542245,2024
87518842,87542256,2024
87518901,87542262,2024
87518994,87542268,2024
87519052,87542461,2024
47386864,87542490,2024
87519122,87543056,2024
87519221,87543066,2024
87519459,87543076,2024
87519488,87543082,2024
87519575,87543098,2024
87519862,87543129,2024
87519884,87543139,2024
87519651,87543157,2024
87520116,87543302,2024
87520235,87543327,2024
87519667,87543360,2024
87519779,87543370,2024
87585390,87585393,2019
87585409,87585412,2019
87585433,87585436,2019
87585453,87585456,2019
87585478,87585482,2019
87585499,87585502,2019
87585522,87585525,2019
87585545,87585548,2019
87585565,87585572,2019
169374,87595942,2019
15522042,87632436,2016
194307,89802726,2022
181337,89803170,2025
196326,89803716,2019
180644,89803912,2019
89808666,89808670,2020
89808829,89808836,2020
89808868,89808887,2020
89808895,89808903,2019
180966,89824338,2020
196328,89824769,2019
89825414,89825420,2019
180898,89848745,2020
90982465,90982469,2019
196335,90982576,2019
196362,90983164,2019
142074959,90983265,2019
196366,90983469,2019
90983755,90983759,2019
187874,90983833,2019
196405,90984330,2019
90984522,90984530,2019
169554,90985146,2021
90985422,90985434,2021
90985462,90985491,2020
90985510,90985521,2020
90985656,90985660,2021
16870,90985711,2020
90985760,90985764,2020
90985820,90985824,2020
90986192,90986206,2020
90994633,90994660,2020
91078620,91078658,2019
91078805,91079088,2019
180851,91079360,2019
188016,91079608,2019
91079854,91079871,2019
91080608,91080617,2019
91080722,91080792,2019
11502,91080832,2019
91081017,91081029,2019
196352,91081173,2019
91081336,91081346,2019
91081361,91081396,2019
91081499,91081553,2019
91081562,91081594,2019
142218080,91081713,2019
196378,91081841,2019
188009,91082412,2019
188021,91082756,2019
20855,91083089,2019
91083121,91083139,2019
91083230,91083239,2019
91083342,91083391,2019
91083447,91083469,2019
91083559,91083563,2019
91088142,91088185,2019
91103716,91104048,2020
194903,91122760,2016
169551,91182500,2019
180650,91221106,2019
91221467,91221473,2019
91288252,91288286,2016
185774,91288586,2016
91288887,91288891,2016
91288929,91288935,2016
91288981,91288985,2016
184918,91289029,2016
91289815,91289819,2016
91289864,91289867,2016
91289947,91289952,2016
91290016,91290023,2016
181156,91304090,2020
180707,91346515,2020
181186,91347042,2020
91348333,91348608,2020
91352888,91352954,2016
196434,91603008,2019
91603690,91603695,2019
91603714,91603724,2019
189048,95495681,2012
95496900,95496907,2016
95567639,95567759,2017
95568324,95568405,2016
95568732,95568736,2016
95569528,95569540,2016
12246,95969809,2025
12305,95970485,2021
95972054,95972056,2016
95972092,95973321,2020
95984916,95987175,2016
95999331,96004817,2016
96004823,96004826,2016
96004847,96004858,2016
9266,96230065,2017
196421,96230856,2017
197054,96231220,2017
170266,96231628,2017
195080,96611338,2017
18124757,96852844,2017
62256,96894956,2017
168000,97003721,2017
22104,97168578,2015
233,97433481,2022
222,97439806,2022
234,97440736,2022
193747,97660729,2014
193736,97662794,2015
2539,97664057,2015
193668,97664783,2015
193609,97666184,2015
190422,97667070,2015
190281,97668535,2015
193615,97668925,2015
190377,97670265,2015
97755641,97755692,2017
97756224,97756229,2017
97755938,97756249,2017
97755916,97756267,2017
97757259,97757829,2017
195022,97768197,2017
97780614,97780644,2016
97780757,97780772,2016
97780868,97780871,2016
97784924,97784929,2020
97784720,97784940,2020
4131,97799843,2010
176741,98102816,2010
184679,98202288,2016
98798114,98798197,2017
98798304,98798373,2017
98468449,98844981,2017
98468550,98845057,2017
98470302,98845130,2017
98470350,98845144,2017
98470496,98845218,2017
98470668,98845268,2017
98470734,98845366,2017
98471004,98845496,2017
98471199,98845541,2019
98472093,98846313,2017
98472163,98846392,2017
98472309,98846404,2017
98472387,98846416,2017
98472446,98846430,2017
98472646,98846455,2017
98472694,98846810,2017
98472718,98846823,2017
98472908,98846842,2017
98472935,98846848,2017
98805658,98846860,2017
98822415,98886225,2017
98822816,98886261,2017
98829528,98886350,2017
98830797,98886359,2017
98831444,98886379,2017
98832271,98886414,2017
98835195,98886503,2017
98835748,98886604,2017
98838439,98886938,2017
98839002,98886986,2017
98839225,98886993,2017
98839582,98887018,2017
98840585,98887024,2017
98841657,98887036,2017
98888849,98890372,2017
98890443,98890488,2017
98891120,98891603,2017
98891738,98891789,2017
98892186,98892669,2017
98893448,98893486,2017
98901778,98901860,2017
98940490,98942282,2017
98943344,98948115,2017
98987583,98987611,2017
98987864,98987998,2017
98988969,98989516,2017
98990439,98990743,2017
98991365,98991898,2017
99000675,99000756,2017
99000824,99001093,2017
99001393,99001491,2017
99003622,99004270,2017
99004333,99004603,2017
99004812,99004863,2017
99005308,99005659,2017
99006153,99006852,2017
99006883,99006989,2017
99008092,99008114,2017
99008295,99008343,2017
99079032,99079056,2017
99079669,99079758,2017
99079806,99079823,2017
99079842,99079893,2017
99084894,99085459,2017
99085985,99086241,2017
99086912,99086924,2017
98735314,99087324,2017
99087971,99092079,2017
99092368,99092400,2017
99092426,99092451,2017
99092571,99092595,2017
99092637,99092670,2017
99092808,99092814,2017
99093073,99093081,2017
99167411,99167427,2017
99167439,99167456,2017
183169,99426082,2020
182223,99503056,2020
63361,99836282,2020
167944,99836679,2020
182239,100175419,2020
181577,100175736,2020
181567,100221176,2020
132754,100391528,2018
132809,100453073,2018
132782,100453314,2018
132781,100453441,2018
132725,100453919,2018
39773,100454270,2018
132808,100454656,2018
132743,100454878,2018
132791,100455099,2018
132737,100455324,2018
132789,100455715,2018
132732,100455926,2018
132786,100456392,2018
132779,100456638,2018
132733,100456815,2018
132805,100457007,2018
132803,100457268,2018
132741,100457437,2018
132757,100457871,2018
132825,100458274,2018
132783,100458618,2018
39774,100458943,2018
132767,100459210,2018
44672,100459401,2018
132722,100459597,2018
43974,100459934,2018
44677,100460097,2018
132744,100460556,2018
44678,100460698,2018
61336,100460920,2018
132752,100461145,2018
132813,100461359,2018
44684,100462709,2018
132796,100463319,2018
64397,100463687,2018
44686,100464215,2018
64398,100464404,2018
132763,100464517,2018
132762,100464786,2018
132815,100465146,2018
61337,100465433,2018
64401,100465647,2018
7858,100465809,2018
14049,100466315,2018
14053,100466656,2018
64412,100467190,2018
7859,100467602,2018
44673,100468078,2018
132731,100468545,2018
44675,100468823,2018
132776,100469016,2018
118359431,100469254,2018
132785,100534100,2018
132769,100543837,2018
132817,100544403,2018
132760,100544926,2018
132726,100545091,2018
132765,100545387,2018
132798,100545653,2018
132778,100546562,2018
132829,100547394,2018
64402,100548393,2018
44676,100549357,2018
132750,100549669,2018
64403,100549981,2018
132748,100550090,2018
132766,100550362,2018
132723,100550757,2018
132784,100551033,2018
132746,100551245,2018
132788,100551598,2018
132756,100552021,2018
132745,100552494,2018
132804,100553037,2018
132802,100553399,2018
61339,100553967,2018
132792,100554551,2018
132797,100554823,2018
195292,100555967,2018
132799,100556717,2018
132755,100557405,2018
132794,100557802,2018
132736,100558117,2018
132780,100558374,2018
132747,100558569,2018
132749,100558895,2018
64405,100559102,2018
132728,100559239,2018
132758,100559522,2018
64406,100560251,2018
132821,100560483,2018
132768,100560762,2018
64407,100561229,2018
132773,100561780,2018
64408,100562344,2018
132739,100562653,2018
132800,100568967,2018
132730,100569342,2018
64399,100569547,2018
132795,100569671,2018
7855,100569870,2018
132828,100570068,2018
132734,100570389,2018
64404,100570579,2018
132807,100570832,2018
14052,100571029,2018
132811,100571174,2018
132822,100571580,2018
132818,100571771,2018
132801,100571961,2018
132816,100572153,2018
132790,100572356,2018
132810,100572514,2018
132738,100572909,2018
135381188,100573599,2018
50108167,100622062,2015
10064,100939136,2017
180353,102415323,2013
180493,102417783,2013
194970,102418175,2019
180225,102418438,2013
194976,102418662,2023
180492,102419104,2013
180374,102419851,2013
180519,102420305,2013
180430,102421045,2013
180516,102421435,2013
226538829,102877140,2024
907,102877816,2024
906,102878773,2024
135491,102879327,2024
221231352,102881657,2024
191211,102895028,2019
183709,102895124,2020
183437,102896150,2020
169587,102896466,2017
183910,102896852,2020
183235,102897018,2020
167996,102897225,2020
183416,102897523,2020
154814,102898334,2020
154759,102899206,2017
183309,102899960,2020
154975,102900377,2020
183635,102900574,2020
183470,102900793,2020
183382,102901016,2020
183245,102901194,2020
183604,102901435,2020
183244,102901611,2020
183516,102901849,2020
184000,102902078,2020
183934,102902289,2017
183878,102902497,2020
154743,102902998,2020
183856,102904070,2021
183775,102904317,2021
183379,102904551,2020
155240,102905120,2020
183757,102905793,2017
183217,102906158,2017
183387,102906414,2020
183922,102906567,2020
183876,102907002,2020
183414,102907138,2020
155311,102907262,2020
101729662,103206102,2017
101730582,103209434,2017
101730467,103209879,2017
103422139,103422186,2017
103636217,103636261,2019
103644972,103645148,2022
103644983,103645153,2022
103645020,103645163,2022
103645058,103645188,2019
103645074,103645193,2019
103645092,103645198,2019
103645102,103645203,2019
103645110,103645208,2019
103645248,103687376,2019
103684104,103687381,2019
103684251,103687386,2019
103684273,103687391,2019
103684425,103687396,2019
103684487,103687401,2019
103684596,103687406,2022
103684703,103687411,2022
103685071,103687431,2022
103685124,103687436,2023
103685136,103687441,2019
103686062,103687446,2019
103686142,103687451,2019
103686485,103687466,2019
103686565,103687471,2022
103686608,103687476,2022
103686617,103687481,2022
103686659,103687486,2022
103686888,103687491,2022
103686963,103687496,2022
103686976,103687501,2022
103686984,103687506,2022
103687048,103687511,2022
103687308,103687516,2019
103693374,103693598,2022
103693422,103693608,2019
103693452,103693613,2022
103693468,103693618,2023
103693476,103693623,2023
103693483,103693628,2023
103693544,103693633,2022
103706507,103708408,2022
103706741,103708423,2022
103706961,103708438,2022
103707116,103708448,2022
103707192,103708458,2019
103707288,103708463,2022
103707334,103708468,2022
103707407,103708473,2019
103707547,103708483,2022
103707683,103708488,2022
103707707,103708498,2022
103707728,103708508,2022
103707812,103708523,2022
103707975,103708538,2022
103707999,103708543,2022
103708028,103708548,2022
103708069,103708553,2022
103708283,103708558,2022
103708356,103708563,2022
60176,103930955,2016
103933123,103933139,2021
194897,103945339,2014
194857,103957975,2014
198636,103958619,2014
16545183,103978497,2015
60171,104004394,2016
104005557,104006031,2021
104007203,104007215,2021
104019954,104020006,2019
104021731,104021771,2021
104021947,104021988,2021
104025473,104025749,2020
104039923,104039985,2021
104050689,104057239,2019
104071039,104072486,2021
104085094,104086760,2021
104087812,104087837,2021
104110247,104112674,2021
60148,104113935,2021
161533,104115348,2020
181244884,104123787,2020
44592,104125629,2020
45925,104130004,2020
104166970,104166982,2021
104167060,104167071,2021
60151,104170822,2020
60153,104172152,2020
161495,104172843,2021
39414,104174049,2021
104179262,104179599,2021
104180270,104180287,2021
104188627,104189052,2020
161505,104194858,2016
195320,104294071,2021
104306073,104306117,2021
104306247,104306271,2021
180022425,109840335,2022
39371,109876922,2017
44227,109895118,2017
60131,109897319,2017
60143,109897864,2017
60172,109899000,2017
161340,109901335,2017
161349,109901444,2017
161426,109902537,2017
161447,109904426,2017
161470,109904876,2017
161476,109905030,2017
161488,109905403,2017
161499,109905559,2017
161625,109913019,2017
161632,109913192,2017
161663,109914005,2017
161690,109914729,2017
161720,109916524,2017
161723,109916678,2017
161728,109916824,2021
47407786,109921879,2017
70682503,109922153,2017
103055306,109922484,2017
103055459,109922488,2017
104023514,109922492,2017
107604242,109922500,2017
107604828,109922504,2017
107604987,109922508,2017
110462086,110462118,2019
12404,110462511,2025
133133,110517562,2024
104176764,111015783,2017
50149061,112092853,2015
50012660,112093393,2015
21133172,112656647,2017
112664063,112664097,2017
112664105,112664119,2017
112723955,112723974,2024
112949827,112949852,2020
155169,112981796,2010
44996,113073072,2019
41667,113089431,2017
161638,113148785,2020
194359,113915343,2016
114154997,114155011,2019
114155029,114155033,2019
114155070,114155073,2019
114155120,114155124,2019
114155173,114155176,2019
114155281,114155332,2018
114155385,114155437,2018
114155499,114155502,2018
114155541,114155557,2018
114155627,114155767,2019
114156068,114156090,2019
114156111,114156124,2019
114156399,114156407,2019
190455,114156455,2019
114157206,114157209,2018
114157301,114157308,2019
114157332,114157352,2019
114157603,114157643,2019
114157777,114157780,2019
114157824,114157847,2019
114158274,114158345,2019
114158383,114158394,2019
114158503,114158531,2019
114161140,114161153,2019
114161302,114161423,2019
114161670,114161683,2019
114164022,114164046,2017
114164251,114164325,2017
114165531,114165629,2019
114165891,114165940,2018
114166122,114166157,2019
114166534,114166603,2019
114166743,114166803,2019
114167178,114167246,2019
114167535,114167547,2018
114167619,114167750,2019
114167824,114167837,2019
114168358,114168364,2018
114168486,114168504,2018
114168573,114168583,2019
114168625,114168631,2019
114168672,114168699,2019
114168754,114168944,2019
69181469,114169294,2019
114169380,114169384,2019
114169434,114169461,2019
114169573,114169594,2019
114171899,114171906,2019
114171927,114171952,2019
114171994,114172001,2019
114172033,114172037,2019
114172187,114172190,2020
114172380,114172383,2018
114172439,114172447,2018
114172794,114172910,2018
114173026,114173033,2018
114173064,114173276,2018
114173325,114173342,2018
114173401,114173404,2018
114173439,114173461,2018
114173725,114173900,2018
114175236,114175310,2018
114175363,114175405,2018
114175462,114175507,2018
114175552,114175568,2018
114175593,114175598,2018
114175639,114175643,2018
114175703,114175728,2018
114683109,114683134,2017
114155455,114749170,2018
114172998,114749179,2018
114192721,114749203,2018
114192667,114749211,2018
114192579,114749221,2018
114192573,114749231,2018
114192542,114749239,2018
114192438,114749247,2018
114192261,114749262,2018
114192257,114749273,2018
114823717,114823743,2019
114828525,114828583,2019
114842931,114842954,2019
114177365,114942068,2024
114177474,114942080,2018
114177531,115016913,2018
114177614,115022647,2018
1308,115056181,2015
6814,115083653,2016
8408,115087526,2016
16474,115133751,2016
16476,115133968,2016
61314,115204241,2016
154612,115212819,2010
154613,115213057,2010
154614,115213549,2010
154616,115214076,2010
154618,115214347,2010
154620,115214587,2010
154624,115214776,2010
154633,115215385,2010
154635,115215575,2010
154636,115215793,2010
154638,115216006,2010
154640,115216247,2010
154646,115216486,2010
154649,115216694,2010
154650,115217141,2010
154652,115217353,2010
154653,115217548,2010
154654,115217738,2010
154655,115217919,2010
154658,115218116,2010
154659,115218302,2010
154660,115218517,2010
154661,115218730,2010
154663,115219176,2010
154665,115219392,2010
154666,115219574,2010
154668,115219782,2010
154670,115220000,2010
154671,115220488,2010
154674,115220673,2010
154679,115220894,2010
154681,115221084,2010
154682,115221279,2010
154683,115221546,2010
154684,115221790,2010
154685,115221984,2010
154686,115222222,2010
154691,115222632,2010
154693,115223028,2010
154695,115223293,2010
154696,115223554,2010
154698,115223819,2010
154702,115224764,2010
154703,115224979,2010
154705,115225442,2010
154707,115225686,2010
154710,115226172,2010
154715,115226615,2010
154716,115226842,2010
154718,115227032,2010
154721,115227260,2010
154724,115227856,2010
154726,115228028,2010
154730,115228234,2010
154732,115228454,2010
154733,115228680,2010
154735,115228870,2010
154736,115229065,2010
154741,115229276,2010
154744,115229415,2010
154745,115229619,2010
154747,115229803,2010
154748,115229991,2010
154749,115230240,2010
154750,115230622,2010
154754,115230876,2010
154756,115231338,2010
154764,115232259,2010
154768,115232875,2010
154772,115233270,2010
154773,115233462,2010
154776,115234056,2010
154777,115234255,2010
154778,115234509,2010
154779,115234695,2010
154781,115234890,2010
154787,115235474,2010
154789,115235665,2010
154794,115236535,2010
154799,115236890,2010
154802,115237270,2010
154804,115237496,2010
154805,115237747,2010
154806,115237918,2010
154808,115238281,2010
154816,115238709,2010
154819,115238960,2010
154827,115239884,2010
154830,115240130,2010
154838,115240650,2010
154843,115240909,2010
154844,115241089,2010
154850,115242578,2010
154851,115243033,2010
154854,115243529,2010
154858,115243918,2010
154859,115244108,2010
154860,115244316,2010
154865,115245398,2010
154866,115245783,2010
154867,115246000,2010
154869,115246206,2010
154870,115246940,2010
154873,115247210,2010
154878,115247934,2010
154879,115248208,2010
154881,115248322,2010
154882,115248514,2010
154883,115248774,2010
154885,115249018,2010
154888,115249236,2010
154889,115249432,2010
154890,115249673,2010
154892,115249874,2010
154896,115250056,2010
154900,115250542,2010
154901,115250899,2010
154905,115251176,2010
154908,115251393,2010
154909,115251587,2010
154913,115251777,2010
154914,115251972,2010
154918,115252441,2010
154921,115252684,2010
154922,115252902,2010
154923,115253171,2010
154931,115253537,2010
154932,115253767,2010
154937,115253951,2010
154940,115254179,2010
154941,115254381,2010
154942,115254515,2010
154944,115254749,2010
154945,115254929,2010
154949,115255174,2010
154951,115255368,2010
154953,115255657,2010
154955,115255868,2010
154956,115256082,2010
154961,115256312,2010
154964,115256708,2010
154978,115257410,2010
154981,115257731,2010
154982,115258001,2010
154983,115258186,2010
154984,115258521,2010
154988,115258760,2010
154991,115259263,2010
154992,115259474,2010
154993,115259730,2010
155000,115260221,2010
155008,115260421,2010
155009,115260640,2010
155010,115260866,2010
155012,115261162,2010
155016,115261500,2010
155025,115261652,2010
155026,115262017,2010
155035,115262310,2010
155037,115262498,2010
155038,115262691,2010
155039,115262908,2010
155042,115263313,2010
155043,115263553,2010
155045,115264096,2010
155048,115264310,2010
155049,115264527,2010
155052,115264983,2010
155053,115265281,2010
155054,115265484,2010
155055,115265698,2010
155056,115265872,2010
155060,115266274,2010
155061,115266456,2010
155062,115266656,2010
155063,115266845,2010
155065,115267063,2010
155067,115267510,2010
155069,115267703,2010
155071,115268165,2010
155074,115268683,2010
155077,115268882,2010
155078,115269092,2010
155081,115269643,2010
155082,115269938,2010
155085,115270170,2010
155087,115270557,2010
155088,115270779,2010
155089,115270971,2010
155091,115271324,2010
155093,115271973,2010
155106,115272320,2010
155107,115272578,2010
155110,115272964,2010
155113,115273162,2010
155114,115273357,2010
155117,115274051,2010
155119,115274307,2010
155122,115274514,2010
155127,115274721,2010
155129,115274933,2010
155131,115275227,2010
155132,115275570,2010
155135,115275852,2010
155139,115276098,2010
155141,115276300,2010
155142,115276592,2010
155143,115276916,2010
155147,115277094,2010
155148,115277285,2010
155154,115277661,2010
155160,115278037,2010
155161,115278515,2010
155163,115279009,2015
155164,115279474,2010
155171,115279746,2010
155172,115279966,2010
155175,115280550,2010
155176,115280775,2010
155177,115281106,2010
155178,115281326,2010
155179,115281503,2010
155184,115282005,2010
155185,115282193,2010
155189,115282390,2010
155190,115283297,2010
155191,115283701,2010
155195,115284319,2010
155197,115284543,2010
155198,115284759,2010
155200,115284939,2010
155202,115285269,2010
155204,115285513,2010
155208,115285941,2010
155209,115286123,2010
155210,115286307,2010
155211,115286481,2010
155216,115287060,2010
155219,115287272,2010
155222,115287471,2010
155224,115287897,2010
155227,115288386,2010
155228,115288589,2010
155230,115289169,2010
155231,115289349,2010
155232,115289566,2010
155233,115290273,2010
155241,115290488,2010
155244,115291000,2010
155245,115291266,2010
155246,115291507,2010
155249,115291911,2010
155254,115292387,2010
155255,115292569,2010
155258,115292793,2010
155262,115293001,2010
155264,115293192,2010
155265,115293383,2010
155267,115293908,2010
155269,115294092,2010
155271,115294271,2010
155279,115294910,2010
155281,115295177,2010
155286,115295694,2010
155288,115295877,2010
155289,115296075,2010
155291,115296403,2010
155293,115296643,2010
155295,115296878,2010
155296,115297082,2010
155299,115297422,2010
155300,115297624,2010
155301,115297865,2010
155302,115298301,2010
155304,115298503,2010
155306,115298894,2010
155307,115299081,2010
155309,115299279,2010
155316,115299747,2010
155317,115299939,2010
155322,115300365,2010
155323,115300602,2010
155324,115300782,2010
155325,115300966,2010
155328,115301306,2010
155329,115301520,2010
155330,115301796,2010
158624,115302270,2010
158625,115302456,2010
158626,115302641,2010
158627,115303031,2010
158628,115303254,2010
165913,115305230,2010
166919,115305348,2016
190080,115306076,2015
190090,115307118,2015
190116,115308008,2015
190117,115308983,2015
190123,115309884,2015
190125,115310837,2015
190139,115311828,2015
190156,115312435,2015
190183,115312798,2015
190205,115313536,2015
190247,115313854,2015
190279,115314064,2015
190330,115314646,2015
190332,115315033,2015
190363,115315495,2015
190372,115315839,2015
190378,115316206,2015
190388,115316971,2015
190393,115317934,2015
190394,115318952,2015
190399,115319634,2015
190418,115320557,2015
190444,115320919,2015
190445,115321884,2015
190452,115322218,2015
190461,115323797,2015
190481,115324762,2015
190484,115325182,2015
192937,115329025,2015
193606,115329592,2015
193634,115330232,2015
193752,115331266,2015
193816,115332097,2015
193817,115332473,2015
194365,115334224,2015
194414,115334448,2015
194415,115334852,2015
194416,115335073,2015
194417,115335430,2015
194419,115335790,2015
194420,115336118,2015
194421,115336482,2015
194436,115337454,2015
195038,115338069,2015
198558,115340074,2015
198581,115340607,2015
198643,115341394,2015
198650,115342516,2015
198651,115343508,2015
198676,115345005,2015
203423,115349449,2016
13486169,115351794,2015
16404943,115353437,2015
16404974,115354409,2015
16406979,115354869,2015
16407132,115355581,2015
16407645,115356579,2015
16431606,115356802,2015
16431757,115357187,2015
16437187,115358128,2015
16439848,115358644,2015
16440083,115359156,2015
16441651,115359495,2015
16442540,115359792,2015
16447362,115360293,2015
16507729,115360577,2015
16509426,115361100,2015
16545253,115361438,2015
16545256,115362452,2015
16749737,115363551,2015
16781145,115366016,2015
16781154,115366357,2015
16781168,115366674,2015
18124163,115367181,2016
18124179,115367569,2016
18158219,115367890,2016
18158262,115368272,2016
18177499,115368541,2016
18257780,115368874,2016
19922589,115369857,2016
20253300,115370143,2016
20255775,115370602,2016
20256067,115370739,2016
20256729,115370979,2016
20257324,115371478,2016
20429419,115371914,2016
20429438,115372384,2016
20429448,115372690,2016
20429455,115372940,2016
20429462,115373553,2016
20429774,115374026,2016
20429787,115374477,2016
20429793,115374804,2016
20429800,115374938,2016
20429854,115375320,2016
20429869,115375664,2016
20429950,115376175,2016
20430011,115376574,2016
20430563,115376816,2016
20430651,115377176,2016
20430679,115377830,2016
20430774,115378503,2016
20430800,115378876,2016
20431518,115379160,2016
20432145,115379718,2016
20432158,115380392,2016
20432226,115380858,2016
20434679,115380988,2016
20434766,115381420,2016
20435070,115382032,2016
20435185,115382256,2016
20435470,115382686,2016
20435675,115383007,2016
20435860,115383171,2016
20435980,115383347,2016
20436452,115383762,2016
20436473,115383960,2016
20436497,115384558,2016
20437309,115385064,2016
20661580,115385195,2015
20662040,115385520,2015
20666166,115385705,2015
46080857,115391273,2016
46081422,115391667,2016
46081534,115392037,2016
46081926,115392321,2016
46086162,115392824,2015
46086532,115393394,2016
46086601,115393911,2016
46086703,115394283,2016
46086775,115394578,2016
46088346,115394869,2016
46088399,115395214,2016
46102713,115395514,2016
47139706,115398896,2015
47139816,115399242,2015
47145752,115399386,2015
47145793,115399515,2015
47145877,115399652,2015
47407717,115399790,2016
50902961,115403600,2016
50903119,115403890,2016
50903138,115404467,2016
50903183,115404893,2016
50903263,115405413,2016
56852298,115406686,2015
65134524,115406876,2016
65134839,115407175,2016
65363244,115407403,2016
65363316,115407689,2016
65363378,115408656,2016
65363417,115409075,2016
65363473,115409597,2016
65363628,115409838,2016
65363696,115410277,2016
65363711,115410476,2016
65363860,115410867,2016
65363869,115411185,2016
65364120,115411601,2016
65364143,115411890,2016
65364147,115412081,2016
65364201,115412457,2016
65364515,115412792,2016
65364553,115413233,2016
65364594,115413753,2016
65364789,115413992,2016
65364895,115414372,2016
65364931,115414738,2016
65365012,115415262,2016
65365054,115415754,2016
65365090,115416189,2016
65365100,115416540,2016
65365107,115417187,2016
65365349,115417503,2016
65365681,115417881,2016
65365759,115418477,2016
65365798,115418892,2016
65365975,115419097,2016
65366073,115419431,2016
65366280,115419918,2016
65366377,115420376,2016
65366455,115420770,2016
65366458,115421029,2016
65366672,115421307,2016
65367059,115421785,2016
65367364,115422176,2016
65367594,115422553,2016
65367655,115422916,2016
65367712,115423121,2016
65367783,115423734,2016
65368085,115424228,2016
65368802,115424465,2016
65369051,115424796,2016
65369161,115425031,2016
65369313,115425337,2016
65369760,115425564,2016
65369844,115425903,2016
65369867,115426125,2016
65370029,115426331,2016
65370289,115426541,2016
65370522,115426782,2016
65370525,115427098,2016
65370734,115427562,2016
65370744,115427762,2016
65370765,115428203,2016
65371161,115428441,2016
65371194,115428673,2016
65371373,115429077,2016
65371669,115429375,2016
65371695,115429572,2016
65371889,115429878,2016
65372127,115430125,2016
65372227,115430564,2016
65372290,115430770,2016
65372435,115431108,2016
65372543,115431339,2016
65373278,115431634,2016
65375205,115432001,2016
65375397,115432400,2016
65375420,115432727,2016
67869125,115433503,2016
67869551,115433905,2016
67869566,115434172,2016
67869953,115434681,2016
67869958,115434946,2016
67869976,115435222,2016
67870015,115435358,2016
67871020,115435689,2016
67871036,115436138,2016
67871071,115436577,2016
67871080,115436730,2016
67871084,115436891,2016
67871116,115437292,2016
67871136,115437712,2016
67871143,115437938,2016
67871203,115438329,2016
67871260,115438548,2016
67871355,115438968,2016
67899355,115439482,2016
67899421,115439647,2016
67899512,115439779,2016
67899637,115439927,2016
67899687,115440285,2016
67899690,115440412,2016
67899725,115440669,2016
67899781,115440786,2016
67899991,115440924,2016
67900591,115441358,2016
67900607,115441539,2016
67900621,115442024,2016
67901205,115442185,2016
67901306,115442698,2016
67902046,115442840,2016
67902071,115443043,2016
67902084,115443188,2016
67902088,115443362,2016
67902103,115443555,2016
67902620,115443941,2016
67902640,115444129,2016
67902657,115444251,2016
67902908,115444559,2016
67902985,115444880,2016
67903042,115445408,2016
67903074,115445914,2016
67903124,115446057,2016
67903149,115446440,2016
67903174,115446823,2016
67903264,115447186,2016
67903537,115447324,2016
67903591,115447452,2016
67904147,115447579,2016
67905401,115447857,2016
67905414,115448073,2016
67905433,115448210,2016
67905470,115448337,2016
67905489,115448503,2016
67905532,115448849,2016
67905646,115449063,2016
67905735,115449187,2016
67968365,115449380,2016
67970335,115449746,2016
67996575,115449885,2016
67996584,115450312,2016
67996744,115450480,2016
67996765,115450681,2016
67997172,115450822,2016
67997318,115451031,2016
67997668,115451295,2016
67997694,115451822,2016
67997714,115451953,2016
67997787,115452084,2016
67997808,115452454,2016
67997819,115452738,2016
67997836,115452899,2016
67997845,115453146,2016
67997854,115453267,2016
67997869,115453776,2016
67997876,115454240,2016
67997879,115454368,2016
67997886,115454886,2016
67997893,115455165,2016
67997896,115455316,2016
67999325,115455457,2016
67999339,115455598,2016
68000633,115455749,2016
68000804,115455937,2016
68324528,115456310,2016
68324675,115456583,2016
68324892,115456967,2016
68398868,115457087,2016
69181822,115457826,2016
69181847,115457996,2016
69181884,115458186,2016
69181934,115458740,2016
69181941,115459034,2016
69181948,115459516,2016
69181969,115459640,2016
69182011,115460002,2016
69182291,115460524,2016
69182614,115460779,2016
69182673,115461197,2016
69182687,115461319,2016
69182717,115461416,2016
69182861,115461540,2016
69182988,115462012,2016
69183023,115462187,2016
69538564,115462606,2016
69538573,115462751,2016
69538576,115462872,2016
69538579,115462979,2016
69538589,115463091,2016
69544768,115463450,2016
69544771,115463612,2016
69544846,115463806,2016
69583335,115463929,2016
69583348,115464117,2016
69583361,115464312,2016
69583368,115464526,2016
69583371,115464652,2016
69583382,115464793,2016
69583393,115464927,2016
69583400,115465117,2016
69583407,115465351,2016
69583414,115465548,2016
69583417,115465861,2016
69583420,115466141,2016
69583423,115466334,2016
69583426,115466455,2016
69583433,115466706,2016
69583436,115466850,2016
69583439,115466995,2016
69583442,115467156,2016
69583447,115467411,2016
69583454,115467589,2016
69583457,115467731,2016
69583460,115467940,2016
69583463,115468235,2016
69583466,115468419,2016
69689070,115468608,2016
69689242,115469109,2016
69689424,115469389,2016
69689554,115469581,2016
69689777,115469859,2016
69690025,115470111,2016
69690275,115470334,2016
69738690,115470521,2016
69738727,115470762,2016
69738738,115470966,2016
69738808,115471267,2016
69738881,115471415,2016
69738927,115471770,2016
69738933,115471944,2016
69738962,115472510,2016
69738986,115472623,2016
69739558,115472765,2016
69739591,115473038,2016
69739648,115473191,2016
69921147,115473422,2016
69921254,115473596,2016
69921994,115473829,2016
69922114,115474268,2016
69922164,115474404,2016
69922228,115474540,2016
70010111,115475058,2016
70010234,115475312,2016
70010260,115475429,2016
70010275,115475527,2016
70010402,115476018,2016
70010437,115476169,2016
70010557,115476297,2016
70010615,115476410,2016
70010721,115476659,2016
70010872,115477114,2016
70010936,115477478,2016
70010999,115477713,2016
70011018,115477843,2016
70011147,115478048,2016
70011154,115478388,2016
70011163,115478518,2016
70011310,115478756,2016
70011384,115478939,2016
70011518,115479077,2016
70011534,115479369,2016
70011608,115479510,2016
70011736,115479777,2016
72497402,115479924,2015
79800315,115497870,2016
79800379,115498002,2016
87568608,115513663,2016
87568739,115514038,2016
88342897,115514252,2016
88342975,115514525,2016
88342995,115514736,2016
88343011,115515048,2016
95882787,115515609,2016
96011200,115515881,2016
96018882,115516007,2016
197048,115519997,2015
46083881,115520652,2015
46085237,115520878,2015
46087798,115521077,2015
46088833,115521281,2015
46096141,115521530,2015
46096184,115521779,2015
46102792,115522007,2015
54007412,115522203,2015
54007474,115522407,2015
56852351,115522596,2015
194847,115522796,2011
114177681,115532486,2018
114177913,115546768,2018
195049,115606278,2019
20434340,115606283,2018
114178035,115620847,2018
114178081,115629817,2018
115696622,115696628,2020
114178119,115716572,2018
114178151,115724793,2018
114178239,115767416,2018
114173059,115861132,2018
81909791,115863134,2018
114178331,115874674,2018
114178375,115876609,2018
176738,115883818,2017
114178416,115991639,2018
114178539,115997802,2018
114178601,116033097,2018
114157725,116040961,2019
114176786,116179178,2018
114177120,116192793,2018
114178726,116202301,2018
114158419,116247375,2019
114179335,116255078,2018
114179392,116263212,2018
114179475,116265288,2018
114179505,116265823,2018
114179753,116313584,2018
114179950,116339368,2018
114179968,116344072,2018
114180058,116389039,2018
114180108,116392329,2018
114180377,116423376,2018
114180416,116427687,2018
114180444,116430594,2018
114180459,116571473,2018
114180492,116589726,2018
39356,116736541,2018
41719,116736644,2018
41752,116736703,2018
41799,116736852,2018
41800,116736924,2018
41804,116737019,2018
41809,116737093,2018
41814,116737164,2018
41826,116737232,2018
41827,116737304,2018
41845,116737374,2018
41860,116737441,2018
116863205,116737518,2018
41870,116737571,2018
44170,116737662,2018
60091,116737734,2018
60099,116737804,2018
60101,116737872,2018
161382,116737942,2018
161414,116738066,2018
161420,116738202,2018
161469,116738328,2018
161500,116738460,2018
161509,116738609,2018
161550,116738978,2018
161552,116739120,2018
161577,116739346,2018
161602,116739483,2018
161688,116739603,2018
161703,116739715,2018
161717,116739828,2020
161726,116740015,2018
195421,116740136,2018
195425,116740228,2018
195466,116740327,2018
195467,116740427,2018
195487,116740549,2018
114180533,116754149,2018
114180644,116758082,2018
61417,116768915,2019
61418,116782036,2019
48342528,116810931,2017
44571,116831653,2020
39329,116841596,2019
116847578,116849874,2018
116850766,116851089,2021
116855477,116855482,2018
116855925,116855930,2021
116855963,116856055,2021
116857982,116858063,2018
116861529,116861706,2021
116862720,116862840,2020
116863615,116863679,2018
116863801,116863826,2018
116864194,116864308,2018
116864416,116864433,2018
116878521,116878528,2018
116878536,116878542,2018
116878550,116878556,2018
116878564,116878588,2018
116878608,116878622,2018
116878630,116878685,2018
42704,116878793,2017
116880225,116880256,2019
116880357,116880434,2019
47403216,116924598,2020
47403021,116924887,2020
117006624,117006650,2018
117007082,117008788,2018
117007235,117008793,2018
117007332,117008798,2018
117007442,117008803,2018
117007700,117008808,2018
117007716,117008813,2018
117007746,117008818,2018
117007764,117008823,2018
117007856,117008828,2018
117007988,117008833,2018
117008020,117008838,2018
117008133,117008843,2018
117008207,117008848,2018
117008255,117008853,2018
117008369,117008858,2018
117008482,117008863,2018
117008614,117008868,2018
117008646,117008873,2018
117008661,117008878,2018
117008689,117008883,2018
117008715,117008888,2018
117008727,117008893,2018
117008764,117008898,2018
117016720,117017164,2018
117016730,117017169,2018
117016738,117017174,2018
117016765,117017179,2018
117016784,117017184,2018
117016801,117017189,2018
117016815,117017194,2018
117016819,117017199,2018
117016885,117017204,2018
117016908,117017209,2018
117016941,117017214,2018
117017108,117017219,2018
117017124,117017224,2018
117017134,117017229,2018
117017138,117017234,2018
117017142,117017239,2018
117017146,117017244,2018
117017150,117017249,2018
117017154,117017254,2018
117043719,117044237,2019
117043730,117044242,2019
117043760,117044247,2019
117043783,117044252,2025
117043791,117044257,2019
117043805,117044262,2019
117043828,117044267,2019
117043856,117044272,2019
117043864,117044277,2020
117043884,117044282,2019
117043921,117044287,2019
117043928,117044292,2019
117043966,117044297,2019
117043984,117044302,2019
117044000,117044307,2020
117044004,117044312,2019
117044012,117044317,2020
117044031,117044322,2019
117044038,117044327,2019
117044060,117044332,2019
117044064,117044337,2019
117044072,117044342,2019
117044080,117044347,2019
117044084,117044352,2019
117044088,117044357,2019
117044130,117044362,2019
117044179,117044367,2019
117044199,117044372,2019
117044203,117044377,2019
117044223,117044382,2019
183397,117058177,2010
41861,117123341,2018
22698246,117364166,2022
10105,117405498,2024
10106,117405656,2024
22138,117405833,2024
22140,117406081,2024
117017080,117428098,2018
48342104,117479864,2017
39332,117498371,2019
48342358,117534644,2017
48342180,117535540,2017
47407568,117753473,2020
47407633,117753634,2018
117839264,117839266,2020
22693190,117917038,2017
22697604,117970266,2017
22693604,118013237,2017
118353317,118353338,2019
118353365,118353368,2020
118353346,118353376,2019
118353792,118354317,2019
118354389,118354409,2025
118354006,118354417,2019
118354019,118354425,2019
118354076,118354433,2019
118354444,118354453,2019
118354515,118354519,2019
118354540,118354584,2019
118354604,118354607,2019
118354654,118354707,2019
118354744,118354757,2019
118354800,118354817,2019
118354866,118354890,2019
118355114,118355122,2019
118355154,118355163,2019
118355257,118355292,2019
118355300,118355312,2019
118355328,118355381,2019
118355413,118355439,2019
118355457,118355471,2019
118355537,118355547,2019
118355587,118355590,2019
118355604,118355607,2019
118355622,118355625,2019
118355645,118355656,2019
118356183,118356186,2018
118356821,118356824,2018
118356838,118356841,2018
118356869,118356875,2018
118356930,118356933,2018
118357019,118357027,2017
118358912,118358982,2018
118360372,118360410,2018
118360435,118360443,2018
118360643,118360649,2018
68399571,118608897,2019
68400327,118610595,2019
155212,118662567,2017
154876,119111972,2024
22135,119166955,2024
22136,119167048,2024
22137,119167161,2024
231062018,119167284,2024
22141,119167307,2024
96378503,119173390,2024
96378879,119173400,2024
3897,119333622,2017
22694447,119398496,2017
67905791,120035943,2018
114169344,120053673,2019
118354225,120095496,2019
120942051,120980148,2019
39394,121035795,2019
77129706,121207899,2019
2958,121210485,2020
190141,121210529,2019
190277,121210534,2019
190421,121210539,2019
190423,121210544,2019
47387347,121210559,2020
67962581,121210564,2019
77129484,121755094,2019
77130370,121755563,2019
67963992,122050623,2019
67964577,122050766,2019
67964842,122050840,2019
190483,122050946,2019
68284296,122050955,2019
68284350,122050992,2020
190272,122051000,2019
190187,122051079,2019
67966497,122051087,2019
190303,122051166,2019
122055033,122055045,2019
122055267,122055277,2019
122055294,122055305,2019
122055381,122055407,2019
69130199,122055510,2019
122055529,122055544,2019
122055686,122055694,2019
195016,122369597,2019
18435930,122396520,2018
155630,122528805,2018
118355982,122800993,2019
118354461,122801160,2019
22697599,122838534,2018
123320518,123320984,2019
123320543,123320990,2019
123320646,123320995,2019
123320674,123321000,2019
123320677,123321005,2019
123320865,123321010,2019
123320960,123321015,2019
123321057,123321764,2019
123321065,123321769,2019
123321147,123321774,2019
123321390,123321779,2019
123321397,123321784,2019
123321416,123321789,2019
123321449,123321794,2019
123321480,123321799,2019
123321528,123321804,2019
123321579,123321809,2019
123321601,123321814,2019
123321694,123321819,2019
123321720,123321824,2019
123321739,123321829,2019
123321868,123322287,2019
123321944,123322292,2019
123321954,123322297,2019
123321962,123322302,2019
123321965,123322307,2019
123321972,123322312,2019
123321975,123322317,2019
123322013,123322322,2020
123322027,123322327,2020
123322121,123322332,2020
123322193,123322337,2020
123322234,123322342,2020
123322237,123322347,2020
123322264,123322352,2020
123322282,123322357,2020
123322424,123322472,2020
123322448,123322477,2020
123322451,123322482,2020
123322455,123322487,2020
123323165,123323650,2020
123323253,123323655,2020
123323262,123323660,2020
123323283,123323665,2019
123323295,123323670,2019
123323339,123323675,2020
123323351,123323680,2020
123323356,123323685,2020
123323359,123323690,2020
123323368,123323695,2020
123323371,123323700,2020
123323380,123323705,2019
123323383,123323710,2020
123323392,123323715,2019
123323411,123323720,2020
123323452,123323725,2019
123323464,123323730,2020
123323471,123323735,2019
123323501,123323740,2020
123323849,123324313,2020
123323873,123324318,2019
123323914,123324323,2019
123323927,123324328,2019
123323933,123324333,2019
123324008,123324338,2019
123324046,123324343,2020
123324238,123324348,2020
123324256,123324353,2019
123324473,123326361,2020
123324530,123326366,2020
123324551,123326371,2020
123324669,123326376,2020
123324701,123326381,2020
123324812,123326391,2020
123324877,123326396,2020
123324951,123326401,2020
123324964,123326406,2020
123325036,123326411,2020
123325104,123326416,2020
123325166,123326421,2020
123325193,123326426,2020
123325240,123326431,2019
123325265,123326436,2019
123325302,123326441,2019
123325459,123326446,2020
123325715,123326451,2019
123325779,123326456,2019
123325782,123326461,2019
123325801,123326466,2020
123325837,123326471,2020
123325896,123326476,2020
123325962,123326481,2020
123326019,123326486,2020
123326064,123326491,2020
123326101,123326496,2019
123326216,123326501,2020
123326288,123326506,2020
123334405,123335001,2020
123334420,123335006,2020
123334430,123335011,2020
123334575,123335016,2020
123334668,123335021,2020
123334701,123335026,2020
123334745,123335031,2020
123334762,123335036,2020
123334771,123335041,2020
123334873,123335046,2020
123334902,123335051,2020
123334955,123335056,2020
123334962,123335061,2020
123335133,123335197,2020
123335148,123335202,2020
123335178,123335207,2020
123335187,123335212,2020
123335263,123335737,2020
123335326,123335742,2019
123335390,123335747,2020
123335481,123335752,2019
123335557,123335757,2020
123335574,123335762,2020
123335589,123335767,2020
123335620,123335772,2020
123335673,123335777,2019
123335677,123335782,2019
123335680,123335787,2019
123350079,123350137,2019
123350095,123350142,2020
123350103,123350147,2020
123350109,123350152,2019
123350119,123350157,2019
123350125,123350162,2019
123354369,123354872,2020
123354372,123354877,2020
123354384,123354882,2020
123354387,123354887,2020
123354515,123354892,2019
123354731,123354897,2019
123354734,123354902,2019
123354780,123354913,2019
123354795,123354918,2020
123354821,123354923,2020
123354833,123354928,2020
123354995,123355479,2020
123355098,123355484,2020
123355145,123355489,2019
123355158,123355494,2020
123355193,123355499,2019
123355275,123355504,2020
123355281,123355509,2019
123355292,123355514,2020
123355359,123355519,2020
123355374,123355524,2020
123355378,123355529,2019
123355386,123355534,2019
123355395,123355539,2020
123355425,123355549,2019
123355554,123355571,2020
123355563,123355576,2020
123355696,123356167,2020
123355965,123356172,2020
123355990,123356177,2020
123356060,123356182,2020
123356073,123356187,2020
123356234,123356244,2019
123356265,123356627,2020
123356310,123356632,2024
123356336,123356637,2020
123356346,123356642,2020
123356374,123356652,2020
123356516,123356657,2020
123356530,123356662,2020
123356696,123356701,2020
123356757,123356792,2020
123356787,123356802,2020
123356887,123360071,2019
123358153,123360076,2020
123358174,123360081,2020
123358198,123360086,2020
123358272,123360091,2020
123358286,123360096,2020
123358301,123360101,2020
123358392,123360106,2020
123358403,123360111,2020
123358410,123360116,2020
123358425,123360121,2020
123358434,123360126,2020
123358439,123360131,2020
123358453,123360136,2020
123358461,123360141,2020
123358676,123360146,2020
123358759,123360151,2020
123359079,123360161,2020
123359108,123360166,2020
123359164,123360171,2020
123359249,123360181,2020
123359277,123360186,2020
123359280,123360191,2020
123359305,123360196,2020
123359368,123360201,2020
123359431,123360206,2020
123359446,123360211,2020
123359459,123360216,2020
123359513,123360221,2020
123359677,123360226,2020
123359692,123360231,2020
123359782,123360236,2020
123359924,123360241,2020
123359970,123360246,2020
123360411,123361103,2020
123360429,123361108,2019
123360476,123361113,2019
123360481,123361118,2019
123360553,123361123,2019
123360771,123361128,2019
123360857,123361133,2019
123360888,123361138,2019
123360939,123361143,2019
123361038,123361148,2020
123361068,123361153,2020
123373847,123376503,2019
123374956,123376508,2019
123374976,123376513,2019
123375793,123376518,2019
123375825,123376523,2020
123375849,123376528,2020
123375979,123376533,2020
123376181,123376538,2020
123376199,123376543,2020
123376283,123376548,2019
123376425,123376553,2020
123376458,123376558,2020
11060,123377956,2019
18383,123378802,2019
169365,123379789,2019
196324,123381230,2019
196375,123381337,2019
196403,123381583,2019
202833,123381729,2019
98821820,123381878,2019
122898736,123382016,2019
122902110,123382091,2019
122903281,123382171,2019
122904059,123382181,2019
122904064,123382186,2019
122905558,123382206,2019
122905606,123382211,2019
122913501,123382361,2019
123355754,123382631,2019
123358376,123382746,2019
123376569,123424324,2020
123376622,123424329,2020
123423043,123424334,2020
123423098,123424339,2020
123423165,123424344,2020
123423190,123424349,2020
123423200,123424354,2020
123423211,123424359,2020
123423234,123424364,2020
123423266,123424369,2020
123423510,123424379,2020
123423794,123424384,2020
123423864,123424389,2019
123424059,123424394,2019
123424090,123424399,2019
118354464,123439932,2019
118354490,123440615,2019
123484382,123484432,2018
123424581,123494627,2019
123424845,123494632,2018
123424889,123494637,2018
123424951,123494642,2018
123424986,123494647,2018
123425392,123494652,2019
123426284,123494657,2019
123426960,123494662,2019
123426979,123494667,2019
123427800,123494672,2024
123427908,123494677,2019
123427946,123494682,2020
123428754,123494687,2019
123428798,123494692,2019
123430275,123494697,2019
123430310,123494702,2019
123430352,123494707,2019
123431270,123494712,2019
123431317,123494717,2019
123431387,123494727,2020
123431411,123494732,2019
123431971,123494737,2019
123432479,123494747,2019
123432514,123494752,2019
123433638,123494757,2019
123433722,123494762,2020
123433751,123494767,2019
123433770,123494772,2019
123433930,123494777,2019
123433971,123494782,2020
123434119,123494787,2019
123434761,123494792,2020
123434776,123494797,2019
123434849,123494802,2019
123434969,123494807,2019
123435117,123494812,2019
123435142,123494817,2019
123435177,123494822,2019
123435299,123494827,2019
123435331,123494832,2019
123437511,123494842,2019
123437732,123494847,2019
123438566,123494852,2019
123439530,123494862,2019
123439535,123494867,2019
123439665,123494872,2019
123439691,123494877,2019
123439694,123494882,2019
123439722,123494887,2019
123439745,123494892,2019
123439804,123494897,2019
123439834,123494902,2019
123439842,123494907,2019
123439853,123494912,2019
123440719,123494917,2019
123440780,123494922,2019
123441448,123494927,2019
123441501,123494932,2019
123456077,123494942,2019
123479789,123494947,2018
123479792,123494952,2018
123479810,123494957,2018
123480251,123494962,2018
123481305,123494967,2018
123481338,123494972,2018
123481349,123494977,2018
123481390,123494982,2018
123481902,123494987,2020
123481988,123494992,2018
123482008,123494997,2018
123482119,123495002,2018
123482149,123495007,2018
123482176,123495012,2018
123482213,123495017,2019
123482239,123495022,2018
123482256,123495027,2018
123482273,123495032,2018
123482304,123495037,2018
123482315,123495042,2019
123482318,123495047,2018
123482322,123495052,2018
123482346,123495057,2018
123482355,123495062,2018
123482384,123495067,2019
123482461,123495072,2019
123482474,123495077,2019
123482501,123495082,2019
123482511,123495087,2018
123482517,123495092,2019
123482570,123495097,2020
123482609,123495102,2018
123482627,123495107,2018
123482676,123495112,2018
123483738,123495117,2020
123483756,123495122,2020
123491396,123495127,2018
123491533,123495132,2018
123491577,123495137,2020
123491609,123495142,2020
123491697,123495147,2020
123491720,123495152,2020
123491789,123495157,2020
123491822,123495162,2020
123491892,123495167,2020
123491900,123495172,2020
123491918,123495177,2020
123491937,123495182,2020
123491959,123495187,2020
123491963,123495192,2020
123492102,123495197,2020
123492148,123495202,2020
123495235,123517560,2021
123495297,123517565,2020
123495360,123517570,2020
123495565,123517575,2020
123495795,123517580,2020
123495846,123517585,2020
123495849,123517590,2020
123495852,123517595,2020
123495886,123517600,2021
123495890,123517605,2021
123495948,123517610,2021
123496007,123517615,2021
123496476,123517620,2021
123496569,123517625,2021
123496683,123517630,2021
123496899,123517635,2021
123497006,123517640,2020
123497053,123517645,2020
123498424,123517650,2020
123498476,123517655,2020
123498530,123517660,2020
123498533,123517665,2020
123498563,123517670,2020
123498577,123517675,2020
123498679,123517680,2020
123498699,123517685,2020
123498776,123517690,2020
123498959,123517695,2021
123499036,123517705,2021
123499110,123517710,2020
123499145,123517715,2021
123499266,123517720,2021
123499299,123517725,2021
123499355,123517730,2021
123499447,123517735,2021
123499485,123517740,2021
123499639,123517745,2021
123499659,123517750,2021
123499677,123517755,2021
123501294,123517760,2021
123501308,123517765,2021
123501367,123517770,2021
123501377,123517775,2021
123501434,123517780,2021
123502093,123517785,2020
123502396,123517790,2020
123502410,123517795,2020
123502420,123517800,2020
123502441,123517805,2020
123502456,123517810,2020
123502504,123517815,2020
123502853,123517820,2019
123502871,123517825,2019
123502900,123517830,2020
123502973,123517835,2020
123502982,123517840,2020
123503097,123517845,2020
123503127,123517850,2020
123503235,123517855,2020
123503261,123517860,2020
123503272,123517865,2020
123503627,123517870,2020
123503647,123517875,2020
123503697,123517880,2020
123503731,123517885,2020
123503741,123517890,2020
123503751,123517895,2020
123503861,123517900,2020
123503881,123517905,2021
123503888,123517910,2021
123514105,123517915,2020
123514185,123517920,2020
123516559,123517925,2020
4982,123653266,2022
123670775,123674294,2022
123671476,123674314,2022
15419,123790805,2017
17978,123792204,2017
20425,123792572,2017
136315,123793740,2017
82031425,123794774,2017
118354917,123941027,2019
2636,124398348,2024
169473392,124398647,2021
39328,124401300,2025
39333,124401602,2025
39338,124402302,2019
39342,124402990,2019
39345,124403633,2020
39346,124403821,2020
39348,124404008,2020
39349,124404210,2020
39350,124404329,2021
39353,124404742,2021
39354,124404903,2024
39357,124405496,2021
39358,124405881,2021
39360,124406361,2019
39361,124406514,2021
39362,124406649,2020
39367,124407121,2021
39382,124408927,2021
39396,124410177,2025
39413,124411670,2024
39416,124412156,2025
39771,124413280,2020
41726,124414388,2025
41727,124414480,2025
41730,124414963,2021
41731,124415138,2025
41732,124415304,2025
41743,124415895,2024
41791,124416590,2020
41792,124416752,2020
41794,124416882,2024
41795,124417203,2020
41810,124417935,2025
41812,124418469,2025
41813,124418606,2020
41816,124418711,2021
41821,124419479,2025
41822,124419619,2025
41824,124419748,2025
41839,124420971,2025
41843,124421438,2025
41848,124421912,2019
41858,124422620,2025
41872,124423551,2024
41873,124423827,2024
41874,124424011,2024
41876,124424595,2024
41878,124425292,2024
42700,124425926,2024
42701,124426181,2024
42709,124426775,2025
42710,124426895,2025
42713,124427141,2025
42717,124427292,2025
42721,124427890,2025
44183,124429514,2025
44206,124429948,2021
44207,124430008,2024
44209,124430169,2025
44210,124430360,2021
44211,124430426,2020
44212,124430498,2020
44213,124430584,2020
44214,124430645,2020
44215,124430714,2025
44216,124430838,2020
44217,124430980,2024
44218,124431182,2021
44219,124431261,2020
44220,124431327,2020
44222,124431393,2025
44223,124431568,2025
44224,124431775,2020
44225,124431849,2025
44226,124432023,2025
44229,124432220,2020
171728748,124432293,2020
44515,124432387,2020
44564,124432563,2020
44566,124432639,2024
44567,124432959,2020
44568,124433035,2020
44570,124433192,2020
44572,124433268,2020
44573,124433397,2020
44574,124433501,2020
44576,124433548,2020
44579,124433617,2020
44580,124433729,2020
44584,124433864,2020
44585,124433964,2020
44591,124434064,2020
44596,124434224,2020
44599,124434315,2019
44600,124434445,2020
44601,124434540,2019
44602,124434624,2019
44604,124434721,2019
141744346,124434793,2019
44606,124434871,2020
44607,124434963,2020
44608,124435054,2019
44609,124435129,2020
44610,124435207,2019
44611,124435295,2019
44612,124435377,2019
44613,124435463,2020
44615,124435680,2019
44617,124435749,2019
44618,124435873,2019
44619,124435956,2021
44620,124436042,2019
44621,124436131,2019
44639,124436246,2020
44643,124436532,2020
44646,124436599,2020
44647,124436667,2020
44649,124436806,2021
44650,124436992,2021
44651,124437170,2021
44652,124437250,2021
44653,124437350,2020
44654,124437462,2020
44655,124437551,2020
44657,124437644,2019
60086,124438012,2021
60087,124438082,2020
60096,124438543,2020
60107,124438613,2020
60108,124438758,2025
60110,124439208,2020
60111,124439315,2024
60113,124439689,2021
60116,124440092,2019
60117,124440205,2021
60118,124440461,2019
169243577,124440562,2021
60120,124440727,2020
60121,124440895,2024
60123,124441181,2020
60125,124441508,2020
60126,124441708,2020
60127,124441812,2021
60129,124442197,2021
60130,124442442,2020
60132,124442653,2020
60134,124442830,2022
60139,124443397,2024
60141,124443945,2020
60142,124444054,2020
60145,124444407,2020
60146,124444594,2024
60147,124444795,2021
60150,124444889,2025
60155,124445088,2021
60156,124445169,2025
60157,124445324,2020
60158,124445557,2020
60162,124445924,2024
60163,124446397,2020
60164,124446536,2019
60167,124446775,2020
60168,124446908,2020
60169,124447127,2019
60177,124448093,2025
60178,124448370,2020
60180,124448712,2019
60182,124448942,2019
60183,124449118,2020
60184,124449238,2020
60185,124449360,2024
60186,124449513,2020
60188,124449617,2020
60190,124449755,2020
60191,124449845,2024
60193,124450221,2020
60194,124450319,2020
130420951,124450455,2020
60196,124450651,2020
60197,124450803,2024
60205,124452001,2020
60208,124452245,2021
60210,124452369,2024
60211,124452578,2019
60212,124452652,2025
60213,124452872,2020
124554059,124453319,2021
60226,124453528,2020
60227,124453628,2025
60229,124453873,2019
60231,124453976,2025
60232,124454108,2020
60233,124454241,2020
60234,124454484,2021
60237,124454813,2020
60238,124454988,2020
60240,124455061,2020
60241,124455147,2021
60242,124455321,2020
60243,124455529,2020
60244,124455674,2019
60245,124455793,2020
60247,124455981,2020
61400,124456465,2020
61401,124456571,2020
61402,124456675,2020
61403,124456804,2020
61405,124456941,2025
61406,124456946,2020
63100,124458320,2024
63102,124458655,2020
63103,124458813,2020
63104,124458962,2020
63112,124459134,2020
63113,124459226,2020
63114,124459382,2020
63115,124459671,2020
205175804,124460245,2025
63120,124460473,2024
63122,124460700,2020
63123,124460832,2020
63125,124460994,2024
63126,124461102,2020
63129,124461599,2020
63130,124461743,2020
63131,124461877,2021
63135,124462289,2020
63136,124462368,2020
63140,124462480,2020
63141,124462573,2021
63145,124462851,2020
63148,124463269,2020
63149,124463343,2021
63154,124463476,2020
63155,124463568,2020
63156,124463656,2020
63158,124463727,2020
63159,124463835,2020
63160,124463919,2020
63162,124464003,2020
63164,124464090,2020
63166,124464201,2021
63167,124464321,2021
64442,124464430,2025
161317,124464702,2020
161319,124464889,2025
161320,124465045,2021
161324,124465820,2020
161327,124466141,2020
161328,124466265,2021
161330,124466912,2020
161333,124467078,2020
161334,124467241,2025
161335,124467453,2020
161336,124467774,2020
161338,124468270,2020
161341,124468677,2019
161342,124468816,2025
161343,124469051,2021
161344,124469210,2020
161345,124469469,2020
161346,124469680,2025
161347,124469850,2021
161348,124470016,2020
161350,124470178,2024
161351,124470453,2020
161354,124470688,2021
161355,124470861,2020
161357,124471213,2021
161358,124471457,2020
161359,124471620,2020
161361,124471790,2021
161363,124472202,2021
161364,124472336,2020
161366,124472535,2020
161367,124472828,2021
161368,124472961,2020
161371,124473309,2020
161372,124473576,2020
161374,124473732,2020
161375,124473907,2024
161377,124474154,2020
169237868,124474386,2020
161381,124474563,2024
161383,124474798,2025
161388,124475610,2021
161391,124476273,2020
161392,124476426,2020
161393,124476574,2021
161394,124476746,2020
161395,124476903,2021
161396,124477188,2020
161397,124477382,2021
161398,124477972,2021
161307554,124478351,2021
161400,124478750,2020
161402,124479233,2024
161405,124479447,2019
161406,124479635,2020
161408,124479984,2019
161409,124479989,2021
161410,124480327,2020
161411,124480497,2021
161415,124481027,2020
161416,124481168,2020
161417,124481302,2019
161418,124481430,2020
161419,124481644,2020
161421,124481853,2019
161422,124482032,2020
161423,124482181,2020
161424,124482422,2020
161427,124483163,2020
161428,124483384,2019
161429,124483641,2019
161430,124483767,2024
161431,124484009,2024
161432,124484522,2020
161433,124484752,2020
161308360,124485124,2020
161437,124485297,2020
161438,124485434,2021
161440,124485912,2020
161441,124486127,2020
161444,124486488,2020
161446,124486943,2020
161448,124487132,2020
161449,124487299,2020
161450,124487481,2020
161451,124487621,2020
161453,124488102,2021
161455,124488766,2020
161457,124488932,2020
161458,124489099,2020
161460,124489424,2020
161461,124489576,2025
161462,124489862,2020
161464,124490090,2025
161465,124490382,2021
161466,124490622,2025
161471,124491129,2024
161473,124491550,2021
161475,124491922,2024
161477,124492029,2020
161478,124492224,2021
161479,124492417,2020
161483,124493295,2020
161484,124493465,2021
161485,124493853,2021
161486,124494104,2025
161487,124494332,2021
161490,124494780,2020
161491,124494959,2020
161492,124495127,2020
161493,124495259,2021
161494,124495399,2020
161497,124495582,2020
161498,124495755,2020
161502,124496207,2019
161504,124496480,2019
161507,124497048,2021
161508,124497279,2021
161512,124497418,2020
161513,124497651,2021
161515,124498131,2020
161516,124498408,2021
161519,124498548,2021
161520,124498844,2021
161521,124499082,2020
161522,124499503,2020
161523,124499677,2020
161526,124499982,2024
161527,124500595,2020
161528,124500765,2020
161529,124500946,2020
161531,124501309,2019
161532,124501466,2020
161534,124501763,2020
161537,124502655,2020
161540,124503092,2020
161541,124503331,2020
161542,124503504,2020
161543,124503842,2020
161544,124504476,2020
161546,124504854,2020
161548,124505306,2020
161553,124505484,2025
161554,124505725,2019
161555,124505883,2019
161556,124506056,2020
161557,124506268,2020
161559,124506496,2025
161560,124506650,2020
161561,124506957,2019
161562,124507087,2021
161563,124507360,2020
161565,124507607,2020
161567,124508145,2021
161569,124508353,2021
169760690,124508850,2021
161571,124509147,2021
161574,124509426,2020
161575,124509549,2020
161576,124509727,2020
161578,124509908,2020
161581,124510063,2021
161582,124510222,2024
161583,124510538,2021
161584,124510673,2020
161585,124510830,2020
161586,124510972,2021
169236406,124511558,2021
161591,124511862,2020
161592,124511991,2020
161598,124512513,2021
124569516,124512700,2019
161600,124513002,2024
161601,124513187,2021
161604,124513481,2020
161605,124513660,2020
161606,124513884,2021
161607,124514068,2021
161608,124514399,2020
161612,124514790,2020
161613,124515045,2024
161614,124515050,2019
161615,124515272,2024
161616,124515789,2020
161618,124516086,2020
161619,124516249,2020
161620,124516434,2021
161621,124516589,2020
161622,124516905,2024
161623,124517037,2020
161624,124517235,2020
161626,124517373,2025
161628,124517636,2025
161629,124517861,2025
161630,124518082,2021
161631,124518400,2020
161633,124518703,2020
161634,124518986,2021
161636,124519140,2021
161639,124519483,2020
161640,124519657,2025
161641,124519919,2021
161642,124520072,2020
161643,124520303,2020
161644,124520542,2020
161645,124520681,2021
161646,124520916,2019
161647,124521106,2025
161648,124521269,2025
161649,124521547,2025
161650,124521775,2019
161651,124521951,2025
161652,124522141,2020
161656,124522841,2020
161658,124523079,2020
161659,124523337,2020
161661,124523702,2024
161662,124524022,2020
161664,124524288,2025
161666,124524678,2025
161667,124524866,2019
161668,124525080,2019
161669,124525206,2020
161670,124525464,2020
161672,124525764,2020
161673,124525888,2024
161674,124526129,2024
161675,124526498,2020
161676,124526644,2021
161678,124527061,2019
161679,124527280,2020
161680,124527450,2020
161685,124528025,2021
161689,124528276,2020
201098826,124528737,2021
161693,124529334,2020
161694,124529489,2020
161697,124530008,2019
161700,124530355,2025
161701,124530553,2020
161704,124530743,2019
161705,124530955,2024
161707,124531152,2021
161708,124531496,2020
161710,124531918,2019
161711,124532098,2020
161712,124532309,2020
161714,124532497,2021
161715,124532728,2020
161716,124532986,2020
161721,124533446,2020
161722,124533622,2020
169232956,124533854,2021
161725,124534082,2021
161729,124534517,2024
161730,124534743,2020
161732,124535030,2020
161733,124535240,2020
161735,124535644,2020
161736,124535973,2021
161738,124536099,2021
161739,124536292,2020
161740,124536451,2021
161741,124536575,2020
161742,124536777,2020
161744,124536951,2024
161745,124537356,2021
124488765,124537550,2020
161746,124537558,2020
161747,124537770,2020
161748,124537991,2021
174145,124539739,2025
181361,124539871,2025
195319,124540024,2025
195422,124540281,2025
195427,124540850,2024
195428,124541015,2020
195429,124541154,2024
195430,124541337,2024
195431,124541496,2020
195432,124541630,2020
124356938,124541787,2020
195433,124541794,2024
195434,124541979,2024
195435,124542132,2020
195439,124542708,2025
195440,124542874,2025
195442,124543000,2025
195443,124543218,2025
195447,124543668,2025
195449,124543958,2025
195454,124544662,2020
195455,124544792,2024
124357052,124545003,2020
195456,124545011,2024
195460,124545632,2025
195462,124545778,2025
195463,124545936,2025
195465,124546264,2024
195468,124546443,2024
195469,124546589,2025
195477,124547290,2025
195485,124547736,2024
124357112,124548001,2020
14134429,124548901,2020
14134431,124549206,2020
18901743,124549504,2020
42566169,124549514,2024
124357224,124550254,2019
70682232,124550583,2021
84785231,124551797,2025
91209505,124551959,2020
124357844,124552522,2019
124357891,124552527,2019
124396026,124552532,2019
124396124,124552537,2019
124396530,124552542,2019
124396693,124552547,2020
124397220,124552552,2019
124398187,124552557,2020
124398222,124552562,2020
124398312,124552567,2020
124398342,124552572,2020
124552788,124552807,2021
118354732,124556529,2019
11130,124708500,2010
125961121,125963369,2021
125962361,125963399,2021
125979553,125986553,2021
41030,126315225,2025
18214570,126432255,2020
196327,126558966,2019
19488,126673248,2025
126707333,126707337,2019
2811,126813586,2020
62290750,126893184,2018
127827012,127827154,2020
127932540,127932557,2020
127932780,127932792,2020
127933043,127933054,2020
196409,127950640,2020
196410,127950752,2021
154761,127950942,2020
128381671,128386263,2025
128381980,128386268,2025
128383256,128386278,2025
128383298,128386283,2025
128384107,128386298,2025
128384508,128386308,2025
128384635,128386313,2025
128385145,128386318,2025
190068,128526362,2019
190084,128526367,2019
190088,128526372,2019
190112,128526377,2019
190127,128526382,2019
190189,128526387,2019
190234,128526392,2019
190294,128526397,2019
190301,128526402,2019
190322,128526412,2019
190381,128526422,2019
190382,128526427,2019
190396,128526432,2019
190411,128526437,2019
190415,128526442,2019
190439,128526447,2019
190450,128526452,2019
18129312,128526472,2019
67966352,128526494,2019
114156725,128526509,2019
190082,128688186,2019
128706414,128706432,2019
128706509,128706514,2021
128709742,128709747,2020
128710323,128710557,2020
128710885,128710953,2020
166856,128736740,2018
166470,128738324,2018
41008,128958172,2015
4159,128963283,2017
68064111,128977857,2019
71942692,128977914,2019
197277,129040345,2019
197279,129040788,2019
2895,129046818,2019
193081,129052593,2019
193120,129052723,2019
142323988,129052929,2019
123387810,129085998,2019
183945,129115707,2021
67962617,129167441,2019
129302685,129302692,2021
129305725,129305728,2021
129295407,129463899,2019
129295975,129464018,2019
129296277,129464222,2019
133701,129471211,2024
133527,129471526,2022
129494544,129494549,2020
129495269,129495382,2020
129495390,129495471,2020
129495487,129495492,2020
129495645,129495650,2020
129495825,129495847,2020
129495856,129495885,2020
129495899,129495910,2020
129495924,129495933,2020
129512036,129563602,2019
129299545,129563975,2019
129299583,129563984,2019
129299900,129564041,2019
129511248,129564057,2019
129511252,129564065,2019
129511256,129564090,2019
129511300,129564104,2019
129511525,129564116,2019
129511528,129564147,2019
129511555,129564155,2019
129511606,129564172,2019
129511614,129564180,2019
129511745,129564188,2019
129511856,129564196,2019
129511949,129564204,2019
129296993,129564915,2019
129297014,129564923,2019
129297060,129564931,2019
129297075,129564965,2019
129297101,129564973,2019
129297138,129564982,2019
129297200,129564995,2019
129297232,129565003,2019
129298547,129565011,2019
129300105,129565045,2019
129300151,129565116,2019
129300299,129565124,2019
129300330,129565132,2019
129302496,129565148,2019
129388312,129565156,2019
129388760,129565164,2019
129389236,129565190,2019
129389241,129565198,2019
129389418,129565214,2019
129389530,129565222,2019
129389577,129565230,2019
129390126,129565238,2019
129390462,129565254,2019
129390595,129565262,2019
129391378,129565270,2019
129391467,129565278,2019
129391553,129565286,2019
129394062,129565294,2019
129394341,129565302,2019
129394449,129565310,2019
129394511,129565318,2019
129394603,129565326,2019
129394677,129565334,2019
129511241,129565352,2019
129511234,129565360,2019
129511227,129565368,2019
129511220,129565376,2019
129511181,129565384,2019
129511170,129565392,2019
18129278,129565400,2019
129511152,129565571,2019
129511143,129565579,2019
129299170,129565588,2019
184047,129624927,2019
192943,129628295,2019
191108,129638652,2023
133124,129721366,2022
199653,129848016,2019
47269499,129848031,2019
47403227,129848040,2019
199655,129848049,2019
47403212,129848065,2024
199654,129848073,2024
190367,129872251,2019
18179796,129872654,2019
190319,129872938,2019
67962660,129873200,2019
18140823,129873335,2019
68064747,129873500,2019
194999,129873622,2019
198648,129873922,2019
68062225,129874588,2019
190181,129874743,2019
190338,129874885,2019
68064929,129874987,2019
18126112,129875115,2019
22697369,129912906,2018
68062262,129955629,2019
67963784,129955702,2019
191368,130017300,2019
181547,130020921,2019
191747,130033075,2019
181105,130066935,2018
63570,130098475,2020
198706,130099146,2020
155157,130102871,2020
154979,130104892,2020
61334,130105307,2020
22686839,130111276,2018
169353,130111967,2020
155242,130119106,2020
22689032,130158217,2018
154822,130229724,2020
198707,130230194,2020
130389813,130390548,2019
130391495,130392523,2019
130393378,130393975,2019
130263584,130414100,2019
130263812,130414105,2019
130275086,130414110,2019
130275173,130414115,2019
130275223,130414120,2019
130275248,130414125,2019
130275254,130414130,2019
130275315,130414135,2019
130281858,130414140,2019
130282156,130414145,2019
130282200,130414150,2019
130282230,130414155,2019
130282441,130414160,2019
130282725,130414165,2019
130282824,130414170,2019
130283033,130414175,2019
130283639,130414180,2019
130284409,130414185,2019
130284614,130414190,2019
130284836,130414195,2019
130285078,130414200,2019
130285307,130414205,2019
130285744,130414210,2019
130285977,130414215,2019
130286039,130414220,2019
130286297,130414225,2019
130286757,130414230,2019
130286778,130414235,2019
130286787,130414240,2019
130286796,130414245,2019
130286816,130414250,2019
130286847,130414255,2019
130286862,130414260,2019
130338284,130414265,2019
130344486,130414270,2019
130344504,130414275,2019
130344655,130414280,2019
130345331,130414285,2019
130345678,130414290,2019
130346023,130414295,2019
130346041,130414300,2019
130346273,130414305,2019
130346280,130414310,2019
130346283,130414315,2019
130346410,130414320,2019
130346424,130414325,2019
130346459,130414330,2019
130350139,130414335,2019
130350168,130414340,2019
130350177,130414345,2019
130350214,130414350,2019
130350264,130414355,2019
130350272,130414360,2019
130350289,130414365,2019
130350490,130414370,2019
130350493,130414375,2019
130350496,130414380,2019
130350503,130414385,2019
130350508,130414390,2019
130350511,130414395,2019
130350523,130414400,2019
130350534,130414405,2019
130350547,130414410,2019
130350552,130414415,2019
130350565,130414420,2019
130350771,130414425,2019
130350825,130414430,2019
130351028,130414435,2019
130352266,130414440,2019
130352497,130414445,2019
130352723,130414450,2019
130353171,130414455,2019
130353324,130414460,2019
130353354,130414465,2019
130353401,130414470,2019
130353406,130414475,2019
2475,130482064,2018
66296722,130495114,2018
130350312,130540622,2019
130350372,130540627,2019
130350451,130540632,2019
130350484,130540637,2019
130281888,130540943,2019
22680203,130697270,2018
22720722,130854185,2018
183848,130854611,2020
183984,130859679,2020
183864,130859841,2020
183561,130860023,2020
183409,130860142,2020
183478,130860318,2020
183510,130910175,2020
183559,130910580,2020
183778,130911163,2020
183954,130911465,2020
183248,130911661,2020
183686,130911870,2020
183682,130934237,2021
183439,130934491,2020
183996,130934667,2020
154782,130934846,2020
183358,130935249,2020
183901,130935814,2020
183278,130935991,2020
155173,130936182,2020
183580,130936448,2020
154755,130937337,2020
183342,130937638,2020
154704,130938876,2020
155192,130939256,2020
19735,131005753,2019
192929,131006966,2019
184032,131013210,2020
183471,131014088,2020
183386,131014288,2020
183380,131015357,2020
183536,131015851,2020
183648,131027164,2020
183669,131027710,2020
183869,131028089,2020
183989,131028284,2020
183578,131029034,2020
183602,131029324,2020
158886688,131030018,2020
183383,131030530,2020
49186649,131030872,2020
183252,131031401,2020
183812,131067202,2020
183997,131067471,2020
183390,131067673,2020
183350,131067861,2020
183946,131068049,2020
183523,131068278,2020
183995,131068451,2020
183935,131069465,2020
183639,131069662,2020
183581,131069847,2020
183829,131070004,2020
183332,131070188,2020
183356,131070378,2020
183863,131070617,2020
184033,131070752,2020
183444,131071023,2020
49188668,131071220,2020
49217539,131073024,2020
49217590,131073337,2020
49217654,131073629,2020
49217798,131073889,2021
49217962,131074272,2021
49218074,131074600,2020
49218151,131074939,2020
183830,131075644,2020
154864,131075850,2020
183565,131076090,2020
183750,131076324,2020
22696861,131116322,2018
22694585,131118818,2018
183740,131123367,2020
183721,131124193,2020
183501,131124369,2020
154662,131125009,2020
184019,131125311,2020
183569,131125520,2020
183562,131125704,2020
183271,131125970,2020
183911,131126118,2020
183974,131126293,2020
183344,131126477,2020
183588,131126587,2020
183592,131126724,2020
183893,131126903,2020
183843,131127143,2020
198708,131127327,2020
198709,131127681,2020
183388,131128448,2020
183302,131128887,2020
183899,131129077,2020
183744,131129338,2020
198710,131129568,2020
49218712,131129857,2020
183354,131130207,2020
184038,131130336,2020
190094,131339098,2019
114179305,131339623,2019
22683099,131394455,2018
7135,131453913,2019
22683106,131455480,2018
190326,131491584,2019
68063640,131493395,2019
190144,131493527,2019
68064100,131493536,2019
68064271,131494046,2019
190457,131494190,2019
67966167,131494238,2019
22696565,131612478,2018
22696980,131759460,2018
22692418,131875659,2018
22693928,131876706,2018
22694915,131877037,2020
22697789,131879000,2020
22698049,131879320,2018
22718501,131883347,2018
22679753,131906867,2018
22679843,131907524,2018
22679943,131909954,2018
22679958,131910442,2018
22692073,131927305,2018
22692384,131928535,2018
22693868,131930637,2018
22694750,131931677,2022
22694837,131932114,2018
22694924,131933971,2018
22697123,131940696,2018
22697695,131942061,2018
22697829,131942584,2018
22705929,131943991,2018
22716364,131973977,2018
22717629,131977277,2018
22718567,131987689,2018
22718571,131988012,2018
22724178,132027485,2018
102998555,132039889,2018
22678611,132049670,2018
22680021,132052989,2018
22680485,132053220,2018
22680492,132054083,2018
22694629,132065195,2018
22694847,132066134,2018
22696606,132066871,2018
22697203,132067766,2018
22697365,132068236,2018
22710259,132085979,2018
22718770,132120163,2018
22718833,132121323,2018
22724323,132175099,2018
22724326,132175320,2018
103773898,132192232,2018
103817982,132195948,2018
45354718,132254426,2018
22724879,132257623,2018
22694601,132260491,2018
22729000,132305542,2018
62155296,132306811,2018
22734070,132308779,2018
22694299,132335382,2018
22694324,132342572,2018
22698017,132378813,2018
22698310,132397831,2018
123321617,132405231,2019
132341128,132433305,2018
132434704,132434879,2018
132438298,132438484,2018
132441735,132441789,2018
132450926,132452334,2018
132468585,132468877,2018
129302854,132475731,2021
22680038,132524158,2018
22680047,132524587,2018
22680052,132524796,2018
22680398,132525108,2018
22680405,132525971,2018
22680409,132526730,2018
22680415,132527232,2018
22680423,132527785,2018
22680427,132528200,2018
22680441,132528934,2018
22680455,132529366,2018
22694160,132532556,2018
22694210,132533346,2018
22694218,132533643,2018
22694240,132534251,2018
22694245,132535550,2018
22694251,132536719,2018
22694271,132537573,2018
22694279,132537859,2018
22694282,132538076,2018
22694286,132538305,2018
22694289,132538717,2018
22694292,132539083,2018
22694303,132539775,2018
22694317,132541912,2018
22694321,132542511,2018
22694329,132542863,2018
22694334,132543276,2018
22694337,132543621,2018
22694343,132544122,2018
22694362,132544713,2018
22694379,132546308,2018
22694384,132547071,2018
22694387,132547419,2018
22694393,132548041,2018
22694417,132548388,2018
22694420,132548687,2018
22694432,132550875,2018
22694436,132551327,2018
22694452,132552501,2018
22694455,132552784,2018
22694462,132553472,2018
22694469,132554081,2018
22694473,132555020,2018
22694493,132556163,2018
22694502,132557429,2018
22694542,132559155,2018
22694561,132560333,2018
22694571,132561035,2018
22694612,132561758,2018
22694618,132562410,2018
22694641,132564557,2018
22694646,132564836,2018
22694651,132565263,2018
22694673,132567260,2018
22694691,132568135,2018
22694722,132569974,2018
22694805,132575736,2018
22694830,132576654,2018
22694834,132576903,2018
22694841,132577296,2018
22694861,132577878,2018
22694864,132578338,2018
22694867,132578646,2018
22694875,132579315,2018
22694896,132580015,2018
22694899,132580332,2018
22694927,132581443,2018
22696599,132582688,2018
22696610,132584321,2018
22696657,132587285,2018
22696668,132587992,2018
22696675,132588447,2018
22696686,132589026,2018
22696698,132590197,2018
22696743,132591667,2018
22696766,132592007,2018
22696770,132592428,2018
22696779,132592646,2018
22696799,132594150,2018
22696806,132594943,2018
22696901,132595311,2018
22696907,132595530,2018
22697619,132596827,2018
22697728,132597828,2018
22697738,132598822,2018
22697782,132602343,2018
22697834,132606505,2018
22697839,132607134,2018
22697842,132607418,2018
22697847,132607949,2018
22697852,132608499,2018
22697859,132609000,2018
22697866,132609419,2018
22697870,132609920,2018
22697875,132610289,2018
22697879,132610612,2018
22697885,132611127,2018
22697888,132611455,2018
22697896,132611797,2018
22697913,132612218,2018
22697925,132612667,2018
22697935,132613365,2018
22697949,132613763,2018
22697954,132614122,2018
22697957,132614556,2018
22697963,132615071,2018
22697967,132615616,2018
22697970,132615952,2018
22697975,132616449,2018
22697984,132616888,2018
22697987,132617265,2018
22697990,132617737,2018
22698005,132618884,2018
22698012,132619211,2018
22698020,132619647,2018
22698027,132620272,2018
22698030,132620783,2018
22698035,132621225,2018
22698055,132622621,2018
22698062,132622973,2018
22698080,132623309,2018
22698088,132624115,2018
22698092,132624510,2018
22698097,132625182,2018
22698106,132625918,2018
22698114,132626218,2018
22698119,132626620,2018
22698124,132626982,2018
22698128,132627340,2018
22698132,132627626,2018
22698136,132628433,2018
22698140,132628887,2018
22698150,132629374,2018
22698155,132629809,2018
22698172,132630766,2018
22698175,132631353,2018
22698182,132632044,2018
22698195,132633266,2018
22698216,132635686,2018
22698222,132636216,2018
22698226,132636603,2018
22698230,132637221,2018
22698235,132637811,2018
22698249,132638295,2018
22698272,132638930,2018
22698277,132639135,2018
22698288,132639850,2018
22698300,132640347,2018
22698305,132640680,2018
22698314,132641187,2018
22698320,132641638,2018
22698335,132642113,2018
22698365,132643073,2018
22698375,132643647,2018
22698388,132644161,2018
22698393,132644476,2018
22698398,132644834,2018
22698425,132645225,2018
22698431,132645596,2018
22698436,132646007,2018
22698442,132647135,2018
22698448,132647449,2018
22698453,132647873,2018
22698459,132648556,2018
22698465,132649235,2018
22698471,132649758,2018
22698477,132650209,2018
22698485,132650731,2018
22698496,132651043,2018
22698520,132651372,2018
22698530,132651919,2018
22698548,132652969,2018
22698562,132653646,2018
22724845,132655325,2018
22728011,132655668,2018
22728318,132656045,2018
22728323,132656392,2018
22728328,132656798,2018
22728349,132657209,2018
22728364,132657527,2018
22728372,132657962,2018
22728432,132658315,2018
22728437,132659002,2018
22728442,132659355,2018
22728808,132659638,2018
22729148,132660152,2018
22729421,132660464,2018
22729609,132661314,2018
22732244,132661794,2018
22733989,132663224,2018
22734194,132663794,2018
22735624,132665118,2018
22735929,132665415,2018
22736135,132665941,2018
22736173,132666363,2018
45048812,132667191,2018
45048990,132667566,2018
45061132,132667885,2018
45354823,132668660,2018
45959011,132668808,2018
45959182,132669169,2018
45959186,132669815,2018
62021891,132670177,2018
62026537,132671766,2018
62101215,132673655,2018
62289571,132674404,2018
104062546,132674879,2018
132675986,132675995,2019
176746,132780885,2021
195042,132965869,2024
198625,132965928,2019
18139017,132966242,2019
195044,132966285,2019
190110,132966296,2019
190410,132966404,2019
67966314,132966487,2019
18138815,132966644,2019
57452852,132966876,2019
67966246,132967313,2019
22680033,133081668,2018
22733705,133493121,2018
22727746,133493654,2018
22696782,133505223,2025
22696887,133509553,2018
22696894,133538524,2018
22696756,133546087,2018
22696773,133550739,2018
22696776,133552919,2018
22696810,133553624,2018
22729686,133554713,2018
22696813,133555257,2018
22696853,133556225,2018
22696869,133556641,2018
22696840,133556928,2018
22696876,133557244,2018
22696883,133572123,2018
22696898,133572856,2018
22696753,133800026,2018
161456,134193368,2020
161325,134193576,2021
161525,134193835,2020
161558,134194013,2021
176716,134229775,2018
190470,134422333,2015
134554100,134554132,2018
134554171,134672867,2018
182330,134741091,2020
182435,134764699,2020
182093,134767033,2020
163269,134869018,2014
163198,134870557,2014
163369,134871982,2014
182389,134880608,2020
181943,134900872,2020
182725,134902039,2020
182512,134910695,2020
181585,134911666,2020
197043,135014533,2018
181550,135016321,2020
199363,135016671,2020
15622590,135017191,2020
182807,135023507,2020
67964953,135025691,2019
182549,135034555,2020
224,135061929,2022
229,135062806,2022
232,135063140,2022
235,135063465,2022
2761,135083296,2024
10269,135087846,2022
11206,135088436,2024
14214,135089892,2024
14521,135090492,2024
14524,135090645,2024
21257,135092980,2024
40708,135096154,2024
135509,135106413,2024
135525,135106628,2024
135545,135107116,2024
135658,135109488,2024
135660,135109718,2024
135665,135109883,2024
135690,135111216,2024
135708,135112069,2024
170759990,135112220,2024
135719,135112743,2024
249532191,135114077,2024
188115,135114382,2024
188118,135114723,2024
153534,135156882,2016
135446117,135522877,2020
135383783,135578937,2019
135384014,135578942,2019
135384178,135578947,2019
135385234,135578952,2019
135385274,135578957,2019
135385310,135578962,2019
135385511,135578967,2019
135385529,135578972,2019
135385554,135578977,2019
135385583,135578982,2019
135385599,135578987,2019
135385613,135578992,2019
135385638,135578997,2019
135385685,135579002,2019
135386429,135579007,2019
135388190,135579012,2019
135388252,135579017,2019
135388528,135579022,2019
135388689,135579027,2019
135388708,135579032,2019
135388770,135579037,2019
135388809,135579042,2020
135388821,135579047,2019
135388865,135579052,2019
135390246,135579057,2019
135390360,135579062,2019
135390600,135579067,2019
135390761,135579072,2019
135390778,135579077,2019
135391499,135579082,2019
135392230,135579087,2019
135394947,135579102,2019
135396041,135579107,2019
135396104,135579112,2019
135396194,135579117,2019
135396217,135579122,2019
135396264,135579127,2019
135396274,135579132,2019
135396309,135579137,2019
135397502,135579142,2019
135397573,135579147,2019
135400993,135579152,2019
135401024,135579157,2019
135401118,135579162,2019
135401143,135579167,2019
135401158,135579172,2019
135401243,135579177,2019
135401364,135579182,2019
135401381,135579187,2019
135401391,135579192,2019
135401401,135579197,2019
135401421,135579202,2019
135401461,135579207,2019
135402293,135579212,2019
135402378,135579217,2019
135402494,135579222,2019
135402500,135579227,2019
135402647,135579232,2019
135402719,135579237,2019
135402795,135579242,2019
135402834,135579247,2019
135402870,135579252,2019
135402905,135579257,2019
135402922,135579262,2019
135402974,135579267,2019
135403041,135579272,2019
135403070,135579277,2019
135403176,135579282,2019
135403197,135579287,2019
135403239,135579292,2019
135403299,135579297,2019
135403333,135579302,2019
135403373,135579307,2019
135403469,135579312,2019
135403488,135579317,2019
135403510,135579322,2019
135403518,135579327,2019
135403534,135579332,2019
135403650,135579337,2019
135403704,135579342,2019
135403715,135579347,2019
135405142,135579352,2019
135405775,135579357,2019
135405891,135579362,2019
135405941,135579367,2019
135406017,135579372,2019
135406072,135579377,2019
135406116,135579382,2019
135406366,135579387,2019
135406434,135579392,2019
135406539,135579397,2019
135406616,135579402,2019
135406689,135579407,2019
135406728,135579412,2019
135406842,135579417,2019
135407588,135579422,2019
135409876,135579427,2019
135431816,135579432,2019
135431992,135579437,2019
135432051,135579442,2019
135432106,135579447,2019
135432191,135579452,2019
135432447,135579457,2019
135432592,135579462,2019
135432619,135579467,2019
135432657,135579472,2019
135432746,135579477,2019
135432812,135579482,2019
135434080,135579487,2019
135434121,135579492,2019
135434141,135579497,2019
135434162,135579502,2019
135434516,135579507,2019
135434569,135579512,2019
135435256,135579517,2019
135435298,135579522,2019
135435329,135579527,2019
135435430,135579532,2019
135435459,135579537,2019
135435484,135579542,2019
135435494,135579547,2019
135435580,135579552,2019
135435604,135579557,2019
135435617,135579562,2019
135435623,135579567,2019
135435677,135579572,2019
135435733,135579577,2019
135435809,135579582,2019
135435827,135579587,2019
135435872,135579592,2019
135435883,135579597,2019
135435963,135579602,2019
135436007,135579607,2019
135436119,135579612,2019
135436136,135579617,2019
135436148,135579622,2019
135436158,135579627,2019
135436181,135579632,2019
135436207,135579637,2019
135436252,135579642,2019
135436279,135579647,2019
135436328,135579652,2019
135436351,135579657,2019
135436449,135579662,2019
135436488,135579667,2019
135436509,135579672,2019
135436536,135579677,2019
135436556,135579682,2019
135436632,135579687,2019
135436700,135579692,2019
135436746,135579697,2019
135437006,135579702,2019
135437053,135579707,2019
135437114,135579712,2019
135437131,135579717,2019
135437170,135579722,2019
135437203,135579727,2019
125852567,135772808,2024
183171,136078898,2018
42830242,136079155,2018
176708,136257093,2018
176719,136258180,2018
176711,136259318,2018
190074,136537195,2019
155305,136549396,2019
22724311,136662294,2025
22721058,136876593,2021
135437754,136910093,2020
135437799,136910098,2020
135437833,136910103,2020
135437860,136910108,2020
135437933,136910113,2020
135438109,136910118,2020
135438205,136910123,2020
135438398,136910128,2020
135438435,136910133,2020
135438492,136910138,2020
135438789,136910143,2020
135438843,136910148,2020
135438953,136910153,2020
135438973,136910158,2020
135439071,136910163,2020
135441349,136910168,2020
60482607,136951020,2019
180980,136953628,2017
196318,136954531,2017
22679859,136992006,2021
22680163,137010293,2021
22680174,137023072,2021
135644,137217617,2022
135526,137227548,2024
135612,137247549,2024
135622,137247972,2024
225345598,137270465,2024
13232,137279394,2024
40710,137282016,2024
22721836,137315462,2021
135681,137347404,2024
22721046,137357547,2020
22721043,137359271,2025
22721033,137369486,2025
135446364,137379586,2020
135446376,137379591,2020
135446420,137379596,2020
135446685,137379601,2020
135446731,137379606,2020
135446863,137379611,2020
135447285,137379616,2020
135447486,137379621,2020
135447515,137379626,2020
135447519,137379631,2020
135447628,137379636,2020
22718560,137415441,2019
135439270,137454366,2020
135439406,137454371,2020
135439439,137454376,2020
135439455,137454381,2020
135439465,137454386,2020
135439483,137454391,2020
135439487,137454396,2020
135439613,137454401,2020
135439661,137454406,2020
135439731,137454411,2020
135439767,137454416,2020
135439808,137454421,2020
135440284,137454426,2020
135440446,137454431,2020
135440575,137454436,2020
135440669,137454441,2020
135440679,137454446,2020
135440698,137454451,2020
135440702,137454456,2020
135440706,137454461,2020
135440784,137454466,2020
135440838,137454471,2020
135440855,137454476,2020
135440859,137454481,2020
135440869,137454486,2020
135441087,137454491,2020
135441092,137454496,2020
135441259,137454501,2020
135442422,137454506,2020
135442447,137454511,2020
135442457,137454516,2020
135442461,137454521,2020
135442471,137454526,2020
135442485,137454531,2020
135442491,137454536,2020
135442501,137454541,2020
135442511,137454546,2020
135442550,137454551,2020
135442601,137454556,2020
135442607,137454561,2020
135442614,137454566,2020
135442627,137454571,2020
135442660,137454576,2020
135442693,137454581,2020
135442713,137454586,2020
135442768,137454591,2020
135442774,137454596,2020
135442826,137454601,2020
135442862,137454606,2020
135442899,137454611,2020
135442924,137454616,2020
135443047,137454621,2020
135443066,137454626,2020
135443138,137454631,2020
135443161,137454636,2020
135443182,137454641,2020
135443202,137454646,2020
135443218,137454651,2020
135443237,137454656,2020
135443253,137454661,2020
135443356,137454666,2020
135443392,137454671,2020
135443414,137454676,2020
135443456,137454681,2020
135443535,137454686,2020
135443590,137454691,2020
135443770,137454696,2020
135443929,137454701,2020
135444109,137454706,2020
135444113,137454711,2020
135444118,137454716,2020
135444165,137454721,2020
135444212,137454726,2020
135444494,137454731,2020
135444803,137454736,2020
135444821,137454741,2020
135444879,137454746,2020
135444944,137454751,2020
135444957,137454756,2020
135444969,137454761,2020
135444993,137454766,2020
135445065,137454771,2020
135445122,137454776,2020
135445875,137454781,2020
135445918,137454786,2020
135445965,137454791,2020
135446036,137454796,2020
135447951,137454801,2020
135447972,137454806,2020
135447977,137454811,2020
135447989,137454816,2020
135447993,137454821,2020
135447999,137454826,2020
137454006,137454831,2020
137455428,137457529,2020
137455517,137457534,2020
137455534,137457539,2020
137455590,137457544,2020
137455635,137457549,2020
137455671,137457554,2020
137455698,137457559,2020
137455704,137457564,2020
137455708,137457569,2020
137455719,137457574,2020
137458129,137467443,2020
137458789,137467448,2020
137461025,137467453,2020
137461727,137467458,2020
137462266,137467463,2020
137463132,137467468,2020
137463722,137467473,2020
137464293,137467478,2020
137466286,137467483,2020
137468437,137470496,2020
137468866,137470501,2020
137468928,137470506,2020
137468988,137470511,2020
137469030,137470516,2020
137469062,137470521,2020
137469080,137470526,2020
137469231,137470531,2020
137469307,137470536,2020
137469400,137470541,2020
137469425,137470546,2020
137469512,137470551,2020
137469584,137470556,2020
137469612,137470561,2020
137469631,137470566,2020
137469649,137470571,2020
137469661,137470576,2020
137469768,137470581,2020
137469775,137470586,2020
137469788,137470591,2020
137469812,137470596,2020
137469824,137470601,2020
137469850,137470606,2020
137469887,137470611,2020
137469938,137470616,2020
137470743,137471427,2020
137471015,137471432,2020
137471106,137471437,2020
137471309,137471442,2020
137471321,137471447,2020
137471343,137471452,2020
137471371,137471457,2020
137471399,137471462,2020
137471542,137472316,2020
137471864,137472321,2020
137471902,137472326,2020
137471919,137472331,2020
137472082,137472336,2020
137472158,137472341,2020
137472482,137472681,2020
137472568,137472686,2020
137472715,137472950,2020
137472733,137472955,2020
137472775,137472960,2020
137472788,137472965,2020
137472807,137472970,2020
137472890,137472975,2020
137473052,137473795,2020
137473074,137473800,2020
137473173,137473805,2020
137473194,137473810,2020
137473327,137473815,2020
137473683,137473820,2020
137473695,137473825,2020
137474280,137489856,2020
137474579,137489861,2020
137475316,137489866,2020
137475321,137489871,2020
137475427,137489876,2020
137475440,137489881,2020
137475931,137489889,2020
137475952,137489894,2020
137476204,137489899,2020
137476249,137489904,2020
137476260,137489909,2020
137476345,137489914,2020
137476441,137489919,2020
137476465,137489924,2020
137477075,137489929,2020
137478075,137489934,2020
137478884,137489939,2020
137481157,137489944,2020
137481775,137489949,2020
137482694,137489954,2020
137483910,137489959,2020
137484582,137489964,2020
137485159,137489969,2020
137485582,137489974,2020
137486238,137489979,2020
137487256,137489984,2020
137488091,137489989,2020
137488624,137489994,2020
137489033,137489999,2020
137489054,137490004,2020
137489143,137490009,2020
137489179,137490014,2020
137489196,137490019,2020
137489288,137490024,2020
22710886,137493608,2019
137498920,137499215,2020
137498946,137499220,2020
137498955,137499225,2020
137499072,137499230,2020
137499084,137499235,2020
137499153,137499240,2020
137496751,137518110,2020
137496810,137518115,2020
137496824,137518120,2020
137498462,137518125,2020
137498884,137518130,2020
137498902,137518135,2020
137499322,137518140,2020
137499376,137518145,2020
137516825,137518155,2020
137516856,137518160,2020
137516877,137518165,2020
137516940,137518170,2020
137517016,137518175,2020
137517119,137518180,2020
137519294,137522358,2020
137519413,137522363,2020
137521266,137522368,2020
137522233,137522373,2020
137522168,137522618,2020
137546677,137549683,2020
137546680,137549688,2020
137546683,137549693,2020
137546685,137549698,2020
137546688,137549703,2020
137546691,137549708,2020
137546694,137549713,2020
137546697,137549718,2020
137546700,137549723,2020
137546703,137549728,2020
137546706,137549733,2020
137546709,137549738,2020
137546712,137549743,2020
137546715,137549748,2020
137546718,137549753,2020
137546721,137549758,2020
137546724,137549763,2020
137546727,137549768,2020
137546730,137549773,2020
137546733,137549778,2020
137546736,137549783,2020
137546739,137549788,2020
137546742,137549793,2020
137546745,137549798,2020
137546748,137549803,2020
137546751,137549808,2020
137546754,137549813,2020
137546757,137549818,2020
137546760,137549823,2020
137546763,137549828,2020
137546766,137549833,2020
137546769,137549838,2020
137546772,137549843,2020
137546775,137549848,2020
137546778,137549853,2020
137546781,137549858,2020
137546784,137549863,2020
137546787,137549868,2020
137546790,137549873,2020
137546793,137549878,2020
137546981,137549883,2020
137548743,137549888,2020
137549329,137549893,2020
137550044,137563995,2020
137551006,137564015,2019
137551063,137564020,2020
137551066,137564025,2020
137551069,137564030,2020
137551218,137564035,2020
137551236,137564040,2020
137551240,137564045,2020
137551338,137564050,2020
137551353,137564055,2020
137551374,137564060,2020
137551391,137564065,2020
137551403,137564070,2020
137551728,137564075,2020
137551777,137564080,2020
137552007,137564085,2020
137552044,137564090,2020
137552050,137564095,2020
137552145,137564100,2020
137558965,137564105,2020
137558996,137564110,2020
137559051,137564115,2020
137559151,137564120,2020
137563977,137564125,2020
137564171,137566813,2020
137564220,137566818,2020
137565393,137566823,2020
137566072,137566828,2020
137566161,137566833,2020
137566263,137566838,2020
137566286,137566843,2020
137566290,137566848,2020
137566382,137566853,2020
137566428,137566858,2020
137566486,137566863,2020
137566591,137566868,2019
22709707,137567006,2019
137566923,137570719,2020
137568083,137570724,2020
137568123,137570729,2020
137568170,137570734,2020
137568248,137570739,2020
137568477,137570744,2020
137568775,137570749,2020
137568785,137570754,2020
137568863,137570759,2020
137568872,137570764,2020
137568884,137570769,2020
137568888,137570774,2020
137568977,137570779,2020
137569297,137570784,2020
137569340,137570789,2020
137569640,137570794,2020
137569717,137570799,2020
137569775,137570804,2020
137569789,137570809,2020
137569859,137570814,2020
137569875,137570819,2020
137569915,137570824,2020
137569930,137570829,2020
137569933,137570834,2020
137569944,137570839,2020
137569964,137570844,2020
137570216,137570849,2020
137570258,137570854,2020
137570304,137570859,2020
137570319,137570864,2020
137570333,137570869,2020
137570680,137570874,2020
137574113,137579949,2020
137574133,137579954,2020
137574140,137579959,2020
137574172,137579964,2020
137574247,137579969,2020
137574454,137579974,2020
137574462,137579979,2020
137574474,137579984,2020
137574565,137579989,2020
137574584,137579994,2020
137574614,137579999,2020
137574638,137580004,2020
137575141,137580009,2020
137575160,137580014,2020
137575307,137580019,2020
137575412,137580024,2020
137575497,137580029,2020
137575616,137580034,2020
137575642,137580039,2020
137575689,137580044,2020
137575721,137580049,2020
137575782,137580054,2020
137575848,137580059,2020
137575874,137580064,2020
137575992,137580069,2020
137576275,137580074,2019
137576389,137580079,2020
137576396,137580084,2020
137576427,137580092,2020
22711374,137610926,2021
114179309,137683968,2019
22712077,137684127,2025
22717434,137693170,2019
22705993,137723028,2025
22705999,137723522,2020
22705986,137724577,2025
22680229,137731845,2021
22680367,137752425,2021
81909538,137767630,2020
22680462,137784330,2022
22680472,137932133,2021
22680364,137943278,2021
22700321,137976958,2021
138190680,138190717,2025
22693379,138406063,2019
22693178,138413707,2024
22721123,138478974,2021
22728393,138482260,2021
22729706,138951737,2021
44228,139172409,2019
22696634,139348808,2025
22696631,139355294,2019
22680402,139381357,2021
139558003,139558046,2022
161480,139617441,2019
107605014,139653368,2019
22712152,139825589,2025
22712157,139829794,2025
110834677,139929300,2019
195489,139932679,2019
128381793,140238193,2025
128381898,140238198,2025
128382037,140238213,2025
128383053,140238218,2025
128383322,140238223,2025
128383441,140238228,2025
128383477,140238233,2025
128384545,140238248,2025
128385261,140238253,2025
139924892,140322516,2020
139925003,140322521,2020
139927678,140322526,2020
139927766,140322531,2020
139927792,140322536,2020
139927865,140322541,2020
139928515,140322546,2020
139928544,140322551,2020
139928566,140322556,2020
139928642,140322561,2020
139928695,140322566,2020
139928736,140322571,2020
139928740,140322576,2020
139928790,140322581,2020
139928803,140322586,2020
139928929,140322591,2020
139928991,140322596,2020
139928998,140322601,2020
139929006,140322606,2020
139929043,140322611,2020
140199933,140322616,2020
140202403,140322621,2020
140202414,140322626,2020
140202449,140322631,2020
140293395,140322640,2020
140300257,140322655,2020
140300290,140322660,2020
140300323,140322665,2020
140300357,140322670,2020
140300447,140322675,2020
140300461,140322680,2020
140300494,140322685,2020
140300513,140322690,2020
140301383,140322695,2020
140301432,140322700,2020
140301457,140322705,2020
139890267,140322817,2019
139890569,140322822,2019
139890701,140322827,2019
139901305,140322832,2019
139922437,140322837,2019
139922486,140322842,2019
139922898,140322847,2019
139924923,140322852,2019
139929030,140322857,2019
139929862,140322863,2019
139929873,140322868,2019
139929929,140322873,2019
139929968,140322878,2019
139929974,140322883,2019
140024240,140322888,2019
140026414,140322893,2019
140026489,140322898,2019
140026504,140322903,2019
140026535,140322908,2019
140026546,140322913,2019
140026571,140322918,2019
140026656,140322923,2019
140026864,140322928,2019
140026907,140322933,2019
140026985,140322938,2019
140047872,140322943,2019
140048406,140322948,2019
140078353,140322953,2019
140078455,140322958,2019
140078823,140322963,2019
140078829,140322968,2019
140078915,140322973,2019
140079035,140322978,2019
140079075,140322983,2019
140079099,140322988,2019
140079317,140322993,2019
140151138,140322998,2019
140156007,140323003,2019
140162649,140323008,2019
140189271,140323013,2019
140189490,140323018,2019
140191515,140323023,2019
140191559,140323028,2019
140198436,140323033,2019
140198461,140323038,2019
140198472,140323043,2019
140198484,140323048,2019
140198493,140323058,2019
140198504,140323063,2019
140198539,140323068,2019
140198558,140323073,2019
140200539,140323078,2019
140200560,140323083,2019
140200745,140323088,2019
140200969,140323093,2019
140202440,140323098,2019
140202550,140323103,2019
44614,140353520,2019
103054942,140357898,2019
161468,140358808,2019
164513,140382369,2020
191664,140388264,2020
183913,140566341,2020
161617,140575512,2019
161653,140767604,2019
60136,140820271,2019
140348014,140858973,2019
140348039,140858978,2019
140348061,140858983,2019
140348122,140858988,2019
140348234,140858993,2019
140348310,140858998,2019
140348402,140859003,2019
140348411,140859008,2019
140348433,140859013,2019
140348444,140859018,2019
140348478,140859023,2019
140348493,140859028,2019
140348502,140859033,2019
140348512,140859038,2019
140348515,140859043,2019
140348556,140859048,2019
140348577,140859053,2019
140348660,140859058,2019
140348751,140859063,2019
140348760,140859068,2019
140348802,140859073,2019
140348882,140859078,2019
140348915,140859083,2019
140349107,140859088,2019
140349213,140859093,2019
140349330,140859098,2019
140349354,140859103,2019
140349395,140859108,2019
140349409,140859113,2019
140349438,140859118,2019
140349483,140859123,2019
140349486,140859128,2019
140349491,140859133,2019
140349619,140859138,2019
140349791,140859143,2019
140349833,140859148,2019
140349925,140859153,2019
140349938,140859158,2019
140349944,140859163,2019
140349977,140859168,2019
140349995,140859173,2019
140350052,140859178,2019
140330910,140859572,2020
140331012,140859577,2020
140331093,140859582,2020
140331165,140859587,2020
140331238,140859592,2020
140331274,140859597,2020
140331376,140859602,2020
140337605,140859607,2020
140337799,140859612,2020
140340097,140859617,2020
140340236,140859622,2020
140340595,140859627,2020
140340775,140859632,2020
140342538,140859637,2020
140343931,140859642,2020
140346293,140859647,2020
140346319,140859652,2020
140346338,140859657,2020
140346348,140859662,2020
140346387,140859667,2020
140346416,140859672,2020
140346439,140859677,2020
140346488,140859682,2020
140346508,140859687,2020
140346854,140859692,2020
140346909,140859697,2020
140346948,140859702,2020
140346987,140859707,2020
140347020,140859712,2020
140349877,140859717,2020
140349900,140859722,2020
110903105,141001987,2019
141362457,141563158,2019
141362468,141563163,2019
141362646,141563168,2019
141363430,141563173,2019
141481160,141563178,2019
141484017,141563183,2019
141484116,141563188,2019
141363954,141564221,2020
141363974,141564226,2020
141363998,141564231,2020
141364001,141564236,2020
141364025,141564241,2020
141364028,141564246,2020
141364039,141564251,2020
141364061,141564256,2020
141364354,141564261,2020
141364370,141564266,2020
141364373,141564271,2020
141364378,141564276,2020
141364381,141564281,2020
141364384,141564286,2020
141364389,141564291,2020
141364394,141564296,2020
141364397,141564301,2020
141364402,141564306,2020
141364407,141564311,2020
141364412,141564316,2020
141364443,141564321,2020
141364461,141564326,2020
141364466,141564331,2020
141364476,141564336,2020
141364495,141564341,2020
141364518,141564346,2020
141364523,141564351,2020
141364530,141564356,2020
141365104,141564361,2020
141365108,141564366,2020
141366179,141564371,2020
141366232,141564376,2020
141366527,141564381,2020
141366573,141564386,2020
141366592,141564391,2020
141366648,141564396,2020
141366669,141564401,2020
141366683,141564406,2020
141366687,141564411,2020
141366702,141564416,2020
141366732,141564421,2020
141367438,141564426,2020
141367466,141564431,2020
141367524,141564436,2020
141367541,141564441,2020
141367581,141564446,2020
141367596,141564451,2020
141367612,141564456,2020
141367633,141564461,2020
141367648,141564466,2020
141367675,141564471,2020
141367710,141564476,2020
141367751,141564481,2020
141367760,141564486,2020
141367771,141564491,2020
141367781,141564496,2020
141367804,141564501,2020
141367814,141564506,2020
141367822,141564511,2020
141367825,141564516,2020
141367842,141564521,2020
141367864,141564526,2020
141367867,141564531,2020
141367887,141564536,2020
141373335,141564541,2020
141374447,141564546,2020
141374524,141564551,2020
141374570,141564556,2020
141374595,141564561,2020
141374653,141564566,2020
141374775,141564571,2020
141374828,141564576,2020
141374869,141564581,2020
141374944,141564586,2020
141374986,141564591,2020
141375168,141564596,2020
141375242,141564601,2020
141375291,141564606,2020
141375337,141564611,2020
141375385,141564616,2020
141745938,141745944,2020
141747777,141748112,2020
141481104,141781313,2019
141481252,141781353,2020
141481460,141781371,2019
141484154,141781383,2019
141748350,141781502,2019
141375031,141781673,2020
141375077,141781678,2020
141375113,141781683,2020
141748589,141781767,2019
141748635,141781772,2019
141748720,141781777,2019
141363164,141796299,2019
190236,141807188,2020
199648,141807193,2020
47270244,141807198,2020
47388190,141807203,2020
47389014,141807208,2020
47389495,141807213,2020
47389858,141807218,2020
47390205,141807223,2020
47390220,141807228,2020
47392828,141807233,2020
47392945,141807238,2020
47393536,141807243,2020
47665073,141807248,2020
137471008,141807253,2020
141357100,141807258,2020
141357127,141807263,2020
141357143,141807268,2020
141357194,141807273,2020
141357317,141807278,2020
141357344,141807283,2020
141357490,141807288,2020
141357500,141807293,2020
141357618,141807298,2020
141357666,141807303,2020
141357698,141807308,2020
141357740,141807313,2020
141357755,141807318,2020
141357849,141807323,2020
141357860,141807328,2020
141357878,141807333,2020
141357925,141807338,2020
141357934,141807343,2020
141357963,141807348,2020
141357972,141807353,2020
141357986,141807358,2020
141357989,141807363,2020
141358008,141807368,2020
141358057,141807373,2020
141358087,141807378,2020
141358103,141807383,2020
141358112,141807388,2020
141358121,141807393,2020
141358181,141807398,2020
141358203,141807403,2020
141358240,141807408,2020
141358263,141807413,2020
141358455,141807418,2020
141358472,141807423,2020
141358501,141807428,2020
141358516,141807433,2020
141358557,141807438,2020
141358568,141807443,2020
141358741,141807448,2020
141358790,141807453,2020
141358837,141807458,2020
141358857,141807463,2020
141358889,141807468,2020
141358949,141807473,2020
141359674,141807478,2020
141359722,141807483,2020
141359749,141807488,2020
141359772,141807493,2020
141359788,141807498,2020
141359863,141807503,2020
141359877,141807508,2020
141359951,141807513,2020
141359957,141807518,2020
141359967,141807523,2020
141359981,141807528,2020
141359992,141807533,2020
141360036,141807538,2020
141360076,141807543,2020
141360079,141807548,2020
141360110,141807553,2020
141360223,141807558,2020
141360235,141807563,2020
141360252,141807568,2020
141360403,141807573,2020
141360419,141807578,2020
141360674,141807583,2020
141360692,141807588,2020
141360763,141807593,2020
141360814,141807598,2020
141360861,141807603,2020
141360898,141807608,2020
141747748,141807613,2020
141363194,141857441,2019
141363377,141859681,2019
141363399,141860694,2019
141481612,141861585,2019
143613507,143613509,2019
143613723,143613733,2020
143614057,143614162,2020
143614074,143614167,2020
143614772,143614891,2020
143615567,143615572,2020
143615229,143615878,2020
143615596,143615883,2020
143615692,143615888,2020
143615727,143615893,2020
143615764,143615898,2020
143615833,143615903,2020
143615840,143615908,2020
143615852,143615913,2020
143615865,143615918,2020
143616007,143616622,2020
143616254,143616627,2019
143616537,143616632,2020
143616581,143616637,2020
143616584,143616642,2020
143616677,143617139,2020
143616873,143617144,2020
143617069,143617154,2020
143617239,143619495,2020
143618198,143619520,2020
143619704,143620177,2019
143620010,143620187,2019
143620236,143621124,2025
143620640,143621134,2021
143620739,143621144,2021
143620778,143621149,2021
143621380,143621629,2021
143621420,143621634,2021
143621599,143621639,2021
143621618,143621644,2021
154723,143828466,2018
154792,143828705,2018
155280,143828915,2018
166863,143829091,2018
166910,143829403,2018
172456,143829888,2018
180141,143830318,2018
181215,143831051,2018
183347,143831586,2018
183670,143831937,2018
183742,143832105,2018
183885,143832286,2018
187944,143832449,2018
198583,143833310,2018
201999,143833948,2018
202000,143834068,2018
15522003,143834207,2018
16466246,143834492,2018
46075248,143834681,2018
46075339,143835102,2018
75153777,143835471,2018
75153870,143835703,2018
75154011,143835908,2018
75154879,143836046,2018
75155918,143836308,2018
75156473,143836648,2018
91350867,143837083,2018
91350886,143837195,2018
91351231,143837382,2018
97758877,143837966,2018
97759908,143838102,2018
98470072,143838245,2018
98471289,143838562,2018
98471433,143838795,2018
98735411,143839790,2018
98842673,143840186,2018
98893713,143840408,2018
98894402,143840543,2018
98895427,143840780,2018
98897391,143841031,2018
98899338,143841186,2018
98899826,143841310,2018
98953869,143841463,2018
98962403,143841628,2018
98969433,143841777,2018
98990237,143841979,2018
99079982,143842202,2018
99080026,143842351,2018
99085827,143842486,2018
99086293,143842621,2018
99086953,143842944,2018
99167147,143843183,2018
99167321,143843370,2018
99167483,143843487,2018
114164094,143843587,2018
123361228,143843708,2018
143819109,143844377,2020
143819132,143844382,2020
143819237,143844387,2020
143819267,143844392,2020
143819319,143844397,2020
143819428,143844402,2020
143819432,143844407,2020
143819473,143844412,2020
143819484,143844417,2020
143819504,143844422,2020
143819526,143844427,2020
143819535,143844432,2020
143819551,143844437,2020
143819655,143844442,2020
143819673,143844447,2020
143819705,143844452,2020
143819743,143844462,2020
143819776,143844467,2020
143819799,143844472,2020
143819808,143844477,2020
143819821,143844482,2020
143819884,143844487,2020
143819918,143844492,2020
143820044,143844497,2020
143820074,143844502,2020
143820125,143844507,2020
143820171,143844512,2020
143820315,143844522,2020
143820459,143844527,2020
143820481,143844532,2020
143820504,143844537,2020
143820549,143844542,2020
143820674,143844547,2020
143820719,143844552,2020
143820764,143844557,2020
143820839,143844562,2020
143820882,143844567,2020
143820976,143844572,2020
143821071,143844577,2020
143825261,143844582,2020
143825390,143844587,2020
143825410,143844592,2020
143825464,143844597,2021
143825748,143844607,2020
143825819,143844612,2021
143825838,143844617,2021
143825997,143844622,2021
143826089,143844627,2021
143826195,143844637,2020
143826326,143844642,2020
143826377,143844647,2021
143827893,143844652,2020
143827988,143844657,2020
143828203,143844662,2021
143828232,143844667,2020
143828274,143844672,2020
143838560,143844677,2020
143844058,143844682,2020
143844102,143844687,2020
143844125,143844692,2020
143844209,143844697,2020
143844248,143844702,2020
143844258,143844707,2020
143844300,143844712,2021
143844335,143844718,2020
196673,143863055,2018
18124888,143863493,2018
46075359,143863711,2018
196674,143863981,2018
167946,143864190,2020
143868505,143868519,2025
143868639,143868653,2025
143868920,143868938,2025
195085,144065480,2021
144135467,144136436,2020
144137478,144137594,2020
144151831,144151864,2021
144152304,144152973,2020
144153067,144153610,2020
144161826,144161921,2021
144162359,144162621,2020
144163683,144164959,2020
144201289,144201789,2019
181359,144232542,2018
136623,144790120,2019
198732,144938884,2021
198731,144939322,2021
198730,144939913,2021
198729,144940278,2021
155066,144940631,2021
155070,144940855,2021
141483768,145080318,2019
141483785,145084911,2020
141483795,145090629,2019
196336,145197949,2021
145199567,145199718,2019
145199903,145199769,2019
195409,145206345,2018
75555966,145222278,2021
145337546,145338143,2019
145337626,145338148,2019
145337758,145338153,2019
145337921,145338158,2019
18596,145357488,2018
145379801,145380574,2019
145380159,145380579,2019
145380180,145380584,2019
145380214,145380589,2019
145380245,145380594,2019
145380272,145380599,2019
145380421,145380604,2019
145380484,145380609,2019
145380559,145380614,2019
22696628,145837361,2019
18428,146104283,2022
10268,146104292,2022
22693388,146637675,2019
146946489,146946603,2021
146946513,146946608,2021
146946542,146946613,2021
146946640,146951566,2021
146946645,146951571,2021
146946654,146951576,2021
146946663,146951581,2020
146946679,146951586,2019
146946690,146951591,2020
146946722,146951596,2021
146946732,146951606,2021
146946735,146951611,2021
146946749,146951616,2021
146946774,146951636,2021
146946888,146951651,2020
146946895,146951656,2021
146946915,146951661,2021
146946919,146951666,2021
146946922,146951671,2021
146947088,146951676,2021
146947112,146951681,2019
146947121,146951686,2019
146947137,146951691,2021
146947149,146951696,2021
146947164,146951706,2020
146947167,146951711,2021
146947291,146951716,2021
146947936,146951721,2021
146947943,146951726,2020
146947989,146951736,2021
146948008,146951741,2021
146948812,146951746,2021
146948841,146951751,2021
146948845,146951756,2021
146948857,146951761,2021
146948866,146951766,2021
146948875,146951771,2023
146948887,146951776,2019
146948897,146951781,2021
146948906,146951786,2021
146948943,146951791,2021
146948957,146951796,2019
146948961,146951801,2021
146948989,146951806,2021
146948998,146951811,2021
146949785,146951816,2021
146949792,146951826,2021
146951381,146951831,2021
146951392,146951836,2021
146951396,146951841,2021
146951416,146951851,2021
146951436,146951856,2021
146951447,146951861,2021
146951450,146951866,2021
146951460,146951871,2021
146951463,146951876,2021
146951485,146951886,2021
146951488,146951891,2021
141483816,147275210,2019
195501,147518452,2021
193318,147519230,2021
196438,147522147,2021
193092,147526312,2021
180682,147526600,2021
196332,147532111,2021
196337,147532252,2021
180866,147532379,2021
181048,147532537,2021
196350,147532916,2021
196356,147533425,2021
196379,147534018,2021
196380,147534131,2021
196383,147534243,2021
196385,147534364,2021
196387,147534482,2021
196390,147534624,2021
196400,147534729,2021
196407,147534999,2025
184723,147656376,2020
148802388,147656527,2020
184732,147656710,2020
147657796,147657810,2020
147658057,147658384,2020
147658654,147658677,2020
147658697,147658713,2020
18546,147757428,2020
172416,147760777,2021
198132,147794954,2013
10097,148035632,2022
18227054,148037259,2022
141483916,148450941,2019
114175970,148495439,2019
154795,148510308,2021
195084,148773496,2021
184745,148801909,2020
184544,148802908,2020
141484010,148866056,2019
141481850,148877877,2019
183475,149120958,2025
149249824,149252632,2020
149255832,149275898,2020
141482209,149297492,2019
141482238,149300955,2020
141482274,149302079,2019
141482311,149303433,2019
141482327,149305945,2019
141482452,149306865,2019
141482455,149307730,2019
141482554,149608852,2019
141482634,149609087,2019
141482650,149609506,2019
141482736,149610315,2019
141482833,149611117,2019
141482867,149612079,2019
141482900,149612410,2019
141482930,149615782,2019
141483105,149618100,2019
141483137,149619752,2019
141483196,149622643,2019
21309,149768986,2019
141483311,149839886,2019
141483319,149840889,2019
141483336,149841436,2019
141483352,149842148,2019
141483379,149842716,2019
141483498,149843145,2019
123431369,149850136,2019
141481752,149851777,2020
141483511,149855214,2019
141483531,149859101,2020
141483551,150063887,2019
141483580,150064399,2019
141483602,150423658,2020
141483717,150425810,2019
61213,150839020,2019
196351,150839275,2019
149844673,150839789,2019
218631185,150869114,2024
218650505,150884499,2024
14051,150898663,2023
175138,151134791,2020
160702103,151136809,2020
165380,151137817,2020
175136,151138150,2020
165778,151142317,2020
14627,151142801,2020
165780,151143024,2020
165803,151149734,2020
165769,151150411,2020
175140,151150627,2020
165779,151150879,2020
199656,151597394,2020
18177504,151597428,2020
154731,151597449,2019
60324,151598011,2019
60181,151858712,2019
44575,152015479,2020
170501,152041284,2019
233987400,152068879,2024
152501278,152501317,2020
22693414,152588591,2022
22680373,152620862,2019
22697997,152684668,2019
22698084,152715347,2019
22698252,152719059,2019
132467692,152723568,2019
22696649,152726109,2019
60344,152845178,2020
153198442,153199019,2020
195086,153477070,2021
190188,153477078,2021
114175910,153485702,2019
114176003,153488002,2019
114176047,153792295,2019
47407523,153794491,2019
22694064,153819832,2020
62026481,153842241,2019
22729692,153869809,2025
22680247,153875944,2019
22693862,153879900,2019
22680301,153882797,2019
62154828,154019363,2025
22696916,154076472,2020
22693363,154080160,2024
155158,154091368,2020
114177251,154232118,2019
114178923,154237073,2019
114179083,154237942,2019
114179126,154241880,2019
22696602,154250080,2019
22692667,154256374,2019
22692913,154269531,2019
22694764,154303423,2025
22735615,154437862,2023
22698209,154440143,2019
22693356,154445909,2024
22693727,154464259,2025
22718556,154480081,2021
22718379,154492004,2019
22735995,154497836,2025
22716971,154503146,2025
22696453,154505853,2021
22694591,154517364,2019
22694357,154521947,2021
62030970,154522526,2019
22696993,154525233,2019
114179176,154537043,2019
114179201,154540908,2019
114179226,154541762,2019
114179260,154543764,2019
114180338,154545070,2019
22680024,154560262,2019
22680391,154567456,2025
22694428,154570382,2019
22694443,154572305,2019
22679770,154611660,2019
22693369,154671400,2024
230026276,154673176,2023
22694730,154676367,2019
22717424,154685992,2025
22697568,154689773,2025
22693289,154695285,2024
22696977,154698211,2025
22693150,154733209,2025
22693452,154738156,2021
114192219,154750974,2019
195502,154801652,2019
196303,154801946,2019
197276,154802213,2019
156749008,154804916,2024
22680313,154807983,2025
114192231,154811282,2019
22697031,154816177,2019
22693207,154826903,2025
22693216,154829987,2025
22694705,154834019,2019
114192240,154837623,2019
114192251,154840697,2019
114192254,154841792,2019
114176141,154862486,2025
22679978,154877439,2025
141363454,154921745,2020
141363488,154921778,2020
141363565,154921827,2020
22693613,154998347,2019
11533,155057916,2019
22698535,155161970,2019
155187257,155188651,2019
155187102,155188668,2019
22693632,155215731,2019
22718575,155437845,2019
22686815,155463151,2019
22698188,155469189,2019
22694656,155476219,2019
22694666,155479775,2019
22694787,155491450,2019
22694524,155509311,2019
22696792,155523636,2019
22696802,155525071,2019
22693490,155525960,2019
22697360,155527405,2019
22698267,155532631,2019
22694623,155537726,2019
22694308,155576460,2019
22729877,155595584,2019
62030590,155596462,2019
22710051,155610899,2019
22694497,155617539,2019
22694607,155620380,2019
22694635,155620911,2019
22694685,155621597,2019
22728950,155630943,2019
22698039,155656440,2019
135567,155662225,2024
22696637,155736224,2019
199660,156100692,2020
155249960,156122335,2019
183656,156257581,2021
184042,156257834,2022
183834,156257977,2022
183797,156258085,2022
154847,156258202,2022
183988,156258377,2022
183645,156258591,2022
183362,156258822,2022
183316,156334525,2022
183537,156334606,2021
183428,156334757,2022
183374,156334947,2022
183761,156335124,2021
155058,156335252,2022
183933,156335416,2021
183547,156336315,2021
183687,156336485,2021
183823,156336650,2021
183268,156336902,2021
22698567,156372027,2019
22698543,156377889,2019
244,156718817,2022
156754995,156755086,2020
156755140,156755201,2020
156755278,156755320,2020
156755653,156755659,2020
156755702,156755728,2020
156755866,156755972,2020
156756575,156756602,2020
156756692,156756750,2020
156756871,156756908,2020
156757038,156757112,2020
156757703,156757793,2020
156758702,156758728,2020
156758973,156759008,2020
156761759,156761841,2020
156761995,156762095,2020
156763140,156763185,2020
20861,156765490,2020
2477,156923585,2018
20733,156927622,2018
22563,156932432,2019
157247863,157247867,2021
22694479,157413905,2020
22693983,157424014,2025
22697822,157428850,2020
22679896,157448765,2021
22692425,157453571,2025
22680683,157474468,2025
155149,157641456,2020
155225,157641650,2020
183862,157641969,2020
154833,157642216,2020
155137,157642752,2020
183467,157642923,2020
183232,157643647,2021
183903,157643862,2020
154977,157644072,2021
183514,157644765,2022
154845,157645178,2021
183665,157645444,2022
183346,157645540,2022
183696,157645629,2022
155183,157645737,2021
22697752,157658053,2020
22697758,157660553,2020
22697755,157664581,2020
157702758,157703041,2021
157702812,157703051,2021
157703016,157703061,2021
157703119,157703240,2020
157703231,157703255,2021
157715403,157715739,2020
157715467,157715744,2020
157715642,157715754,2020
157715686,157715759,2020
157715716,157715764,2020
157718171,157733549,2021
157718687,157733554,2021
157720147,157733559,2021
157720831,157733564,2021
157722538,157733569,2020
157722679,157733574,2020
157722768,157733579,2020
157732028,157733589,2021
157733480,157733594,2021
157734512,157735691,2021
157734651,157735696,2021
157734945,157735701,2021
157735154,157735706,2021
157772408,157787059,2020
157772443,157787064,2020
157772501,157787069,2021
157772605,157787074,2021
157772803,157787079,2021
157777615,157787089,2021
157778795,157787094,2020
157781173,157787104,2020
157782070,157787109,2021
157783266,157787114,2021
157783956,157787119,2020
157786353,157787124,2021
157786883,157787129,2021
157786893,157787134,2021
157786976,157787139,2021
157846127,157857048,2021
157846146,157857053,2021
157846164,157857058,2021
157846171,157857063,2020
157846178,157857068,2021
157846281,157857073,2021
157846332,157857078,2021
157846409,157857083,2021
157846490,157857088,2021
157850651,157857108,2021
157850657,157857113,2021
157850677,157857118,2021
157850705,157857123,2021
157858690,157858808,2021
157861471,157861749,2021
157861491,157861759,2021
157861594,157861764,2021
157861604,157861769,2021
157861608,157861774,2021
157861649,157861784,2021
157861655,157861789,2021
157861694,157861794,2021
157861722,157861799,2021
157866176,157867093,2021
157866229,157867103,2021
157866293,157867108,2021
157866309,157867113,2021
157866313,157867118,2021
157866633,157867123,2021
157866709,157867128,2021
157867007,157867133,2021
157867042,157867138,2021
157867061,157867143,2021
157856812,157867425,2021
157856815,157867430,2021
157867188,157867435,2021
157867208,157867440,2021
157867255,157867445,2021
157867259,157867450,2021
157867269,157867455,2021
157867298,157867460,2021
157867328,157867470,2021
157867341,157867475,2021
157867345,157867480,2021
157867377,157867485,2021
157867387,157867490,2021
157867391,157867495,2021
157867399,157867500,2021
157867417,157867510,2021
157867421,157867515,2021
157857023,157910274,2021
157857026,157910279,2021
157857029,157910284,2021
157909867,157910289,2021
157909880,157910294,2021
157909995,157910299,2021
157910032,157910309,2021
157910046,157910319,2021
157910197,157910344,2021
157910230,157910349,2021
157910258,157910354,2021
157910264,157910359,2021
157910270,157910364,2021
157910369,157910373,2021
157910494,157910503,2021
157715572,158153271,2020
158152945,158153277,2021
158153228,158153282,2020
184711,158394409,2020
175139,158395067,2020
184686,158395483,2020
158395702,158395998,2020
158396340,158396395,2020
184626,158564301,2020
158568370,158564718,2020
158620785,158623820,2021
158620855,158623825,2021
158620915,158623830,2021
158621105,158623835,2021
158621132,158623840,2021
158621217,158623845,2021
158621286,158623850,2021
158621313,158623855,2021
158621580,158623860,2021
158621882,158623870,2021
158621929,158623875,2021
158622072,158623880,2021
158622102,158623885,2021
158622377,158623890,2021
158622475,158623895,2021
158622495,158623900,2021
158622617,158623905,2021
158622621,158623910,2021
158622936,158623915,2021
158623105,158623920,2021
158623350,158623925,2021
158623410,158623930,2021
158623455,158623935,2021
158623522,158623940,2021
158623542,158623945,2021
158623643,158623950,2021
158624465,158637921,2021
158624557,158637926,2021
158624714,158637931,2021
158624882,158637941,2021
158625076,158637946,2021
158625197,158637951,2021
158625391,158637956,2021
158625557,158637961,2021
158625570,158637966,2021
158625603,158637971,2021
158625653,158637976,2021
158625699,158637981,2021
158625914,158637986,2021
158625941,158637991,2021
158626318,158638001,2021
158631336,158638006,2021
158631442,158638011,2021
158631782,158638016,2021
158631806,158638021,2021
158631834,158638026,2021
158631929,158638031,2021
158632011,158638036,2021
158632105,158638041,2021
158632261,158638046,2021
158632357,158638051,2021
158632464,158638056,2021
158632595,158638061,2021
158632688,158638066,2021
158632774,158638071,2021
158632797,158638076,2024
158632875,158638081,2021
158632931,158638086,2021
158633070,158638091,2021
158633085,158638096,2021
158633105,158638101,2021
158633166,158638106,2021
158637142,158638111,2021
158637179,158638116,2021
158637216,158638121,2021
158637499,158638126,2021
158637575,158638131,2021
158637880,158638136,2021
158638809,158639341,2021
158638897,158639346,2021
158638924,158639351,2021
158638929,158639356,2021
158638938,158639361,2021
158638945,158639366,2021
158638981,158639371,2021
158639034,158639376,2021
158639066,158639381,2021
158639146,158639386,2021
158639825,158673977,2021
158640029,158673982,2021
158644366,158673987,2021
158644441,158673992,2021
158644577,158673997,2021
158644596,158674002,2021
158645678,158674007,2021
158646101,158674022,2022
158646470,158674032,2021
158646489,158674037,2021
158646632,158674042,2020
158646729,158674047,2021
158671558,158674052,2021
158671571,158674057,2021
158671587,158674062,2021
158671675,158674067,2021
158671849,158674072,2021
158671895,158674077,2021
158671917,158674082,2021
158672448,158674087,2021
158672475,158674092,2020
158672506,158674097,2021
158672576,158674102,2021
158672829,158674107,2020
158673049,158674112,2021
158673195,158674117,2021
158673225,158674122,2021
158673307,158674127,2021
158673458,158674132,2021
158673884,158674137,2021
158673917,158674142,2021
158674561,158881309,2021
158674616,158881314,2020
158674637,158881319,2021
158674672,158881324,2021
158674694,158881329,2021
158674751,158881334,2021
158674774,158881339,2020
158876675,158881344,2021
158876758,158881349,2021
158876789,158881354,2021
158876908,158881359,2021
158877016,158881364,2021
158877156,158881369,2020
158877194,158881374,2021
158877202,158881379,2021
158877295,158881384,2020
158877329,158881389,2020
158877343,158881394,2021
158877477,158881399,2021
158877494,158881404,2021
158877513,158881409,2021
158877542,158881414,2021
158877552,158881419,2021
158877672,158881424,2021
158877695,158881429,2021
158877733,158881434,2021
158877787,158881439,2021
158877800,158881444,2021
158878027,158881449,2021
158878123,158881454,2020
158878136,158881459,2020
158878192,158881464,2021
158878297,158881469,2021
158878334,158881479,2021
158878443,158881494,2021
158878486,158881499,2021
158878674,158881514,2021
158878734,158881519,2021
158878778,158881524,2021
158878846,158881529,2020
158879314,158881549,2021
158879329,158881554,2020
158879365,158881559,2021
158879553,158881569,2021
158879635,158881574,2021
158879668,158881579,2021
158879977,158881594,2021
158879993,158881599,2021
158880053,158881604,2021
158880150,158881609,2021
158880240,158881614,2021
158880285,158881619,2021
158880573,158881629,2020
158880612,158881634,2021
158880677,158881639,2021
158880751,158881644,2021
158880824,158881649,2021
158880874,158881654,2021
158880934,158881659,2021
158880956,158881664,2021
158881003,158881669,2021
158881014,158881674,2021
158881030,158881679,2020
158881036,158881684,2021
158881129,158881689,2021
158881166,158881694,2021
158881223,158881699,2021
158881297,158881709,2021
158882395,158883833,2021
158882453,158883838,2020
158882544,158883843,2020
158882686,158883848,2021
158882723,158883853,2021
158882810,158883863,2024
158882918,158883883,2024
158883246,158883898,2020
158883594,158883903,2020
154739,159026030,2022
183810,159026398,2021
183227,159026606,2021
183796,159026751,2021
183601,159026933,2021
183376,159027121,2021
183803,159027307,2021
183432,159027486,2021
183892,159027687,2021
183906,159027909,2021
183806,159028115,2021
183683,159028272,2021
183606,159028494,2021
183210,159028768,2021
183215,159028979,2021
183881,159029221,2021
159099689,159100591,2021
159099721,159100609,2024
159099770,159100631,2024
159099804,159100661,2022
159099835,159100713,2024
159099958,159100727,2022
159097220,159100735,2024
159099353,159100752,2020
159098975,159100778,2020
159099200,159100789,2020
159099258,159100814,2020
159099284,159100822,2020
159025755,159100838,2022
159100532,159100855,2025
159099095,159100879,2020
159145434,159145478,2021
159145430,159145486,2021
159145278,159145494,2020
159145282,159145502,2020
159145286,159145510,2020
159145290,159145518,2020
159145294,159145526,2020
159145298,159145534,2020
159145302,159145542,2020
159145308,159145550,2020
159145312,159145558,2020
159145316,159145566,2020
159145320,159145574,2020
159145324,159145582,2020
159145328,159145590,2020
159145332,159145599,2020
159145336,159145607,2020
159145340,159145615,2020
159145386,159145663,2020
159145390,159145672,2020
159145398,159145680,2020
159145394,159145688,2020
159145402,159145704,2020
159145406,159145712,2020
159145410,159145720,2020
159145751,159145756,2020
159100452,159404825,2020
195021,159405008,2020
195023,159405500,2020
159100515,159406918,2020
159145356,159409537,2020
195078,159411261,2020
159629490,159629519,2021
159630073,159630092,2022
159633608,159633666,2022
159636718,159636733,2024
159638212,159638218,2022
159639612,159639639,2021
166144,159639767,2025
23259,159640411,2025
181137,159666916,2022
159667176,159667188,2022
159667348,159667396,2021
159667568,159667575,2022
159667609,159667613,2022
159667628,159667634,2022
159667650,159667658,2021
159667690,159667695,2022
198667,159667715,2022
198668,159668101,2022
169646,159668704,2022
159668848,159668852,2022
159668860,159668897,2023
159708848,159708904,2022
159708969,159709057,2022
159709497,159709571,2022
159715311,159715348,2022
159715391,159715398,2021
19014407,159717244,2021
159717665,159717711,2022
169628,159719339,2024
159719717,159719745,2024
159720395,159720438,2024
159721589,159721604,2024
159721834,159721865,2024
159722086,159722092,2024
159723084,159723115,2024
159723134,159723138,2024
159752331,159752335,2024
166951,159753933,2022
183860,159787129,2021
160075998,160081499,2019
122183815,160482349,2021
154936,160572324,2020
155283,160587133,2020
6909,160756767,2019
160966744,160966804,2020
196312,160969457,2021
160969723,160969754,2021
161063461,161063503,2021
161064099,161064184,2021
161064452,161064514,2021
161068798,161068826,2021
161068903,161068930,2021
161069045,161069049,2021
161069326,161069471,2020
161069594,161069613,2021
161069818,161069854,2021
161070284,161070308,2021
161070702,161070731,2021
161071454,161071464,2021
161071479,161071584,2021
161071738,161071773,2021
161071940,161071962,2020
161076417,161076441,2021
161077247,161077318,2020
161077447,161077455,2020
161077712,161077718,2020
161077896,161077942,2020
12416,161245983,2016
161303416,161303422,2021
161303437,161303441,2021
161303579,161303628,2020
161303645,161303660,2020
161334052,161334075,2021
180706,161490997,2021
183928,161497758,2021
183389,161909946,2021
178064,161954874,2019
183574,162029821,2022
183292,162030132,2022
183331,162030344,2022
183663,162030571,2022
183920,162030821,2022
183942,162031471,2021
154886,162034302,2022
162154636,162155066,2020
162160049,162160065,2021
162160686,162160690,2022
162160716,162160772,2021
162161861,162161891,2021
162161923,162161940,2022
162162010,162162083,2025
15239,162162864,2025
15939,162163071,2021
169359,162163572,2021
169362,162163729,2021
187987,162163986,2021
196334,162164108,2021
196396,162164240,2021
196419,162164358,2021
162209137,162209190,2020
162209242,162209305,2020
162209351,162209370,2020
162209834,162209852,2020
162209907,162209939,2020
162209990,162210017,2020
162215361,162215417,2020
162215534,162215566,2020
162215596,162215618,2020
162215695,162215709,2020
162215720,162215757,2020
162215803,162215808,2020
162215826,162215848,2020
162215884,162215965,2020
162216008,162216074,2020
162216137,162216188,2020
162481387,162481415,2020
162693357,162693388,2022
162693427,162693431,2022
162702131,162702261,2021
162702544,162702567,2021
162702813,162702826,2021
18214757,162704857,2022
18214783,162705101,2022
18227047,162705396,2021
17710,162705687,2022
162705679,162705762,2023
162708774,162709367,2020
183674,162779675,2020
18238431,162868444,2021
198733,162868728,2021
162207827,162870102,2020
162917734,162917746,2020
162917776,162917787,2020
162917796,162917807,2020
162917863,162917900,2020
162917933,162917936,2020
162918261,162918284,2020
162918363,162918382,2020
162919068,162919107,2020
162918625,162919167,2020
162918514,162919183,2020
162918438,162919202,2020
162919274,162919316,2020
162919600,162919609,2020
162922914,162922918,2024
162922945,162922951,2024
47406930,162923033,2025
162923089,162923121,2022
162923149,162923180,2022
162923192,162923196,2022
162923259,162923267,2022
162923287,162923308,2022
162923448,162923507,2022
162923551,162923679,2022
162923857,162923918,2022
162924045,162924070,2022
162924353,162924367,2022
162924385,162924407,2022
162924447,162924479,2022
162924490,162924494,2022
162924758,162924770,2022
162924863,162924882,2022
162924936,162924945,2022
162925027,162925040,2022
162925085,162925137,2022
162925161,162925208,2022
162925217,162925224,2022
162925240,162925255,2022
162925305,162925340,2022
162925652,162925678,2022
162925980,162926048,2022
162926133,162926298,2022
154771,162979119,2020
163021569,163021572,2024
41793,163155089,2020
22683649,163588964,2020
22683658,163591832,2020
22733979,163618430,2021
22693842,163622696,2020
22728990,163626479,2021
22697733,163770613,2020
22728182,163804848,2022
22694799,163885644,2020
22696645,163887639,2020
22696641,163889221,2020
164506963,164506986,2022
164527512,164527655,2023
12302,164577078,2021
12421,164579488,2021
12427,164579961,2021
44166,164580923,2021
164691422,164691551,2020
195089,165017727,2020
195087,165017890,2020
195088,165017950,2020
158621613,165018013,2020
195090,165018080,2020
132859,165601249,2024
132860,165601707,2024
132861,165602178,2024
132862,165602471,2024
132864,165603395,2024
132865,165604003,2024
132866,165604370,2024
132867,165604940,2024
132868,165605308,2024
132869,165605719,2024
132870,165606366,2024
132871,165606797,2024
132872,165607253,2024
132873,165607737,2024
132874,165608221,2022
132875,165608701,2024
132876,165609071,2024
132877,165609445,2024
132878,165609789,2024
132879,165610408,2024
132880,165610882,2024
132881,165611581,2024
132882,165612189,2024
132883,165612520,2024
132884,165613226,2022
132885,165613734,2024
132886,165614468,2024
132887,165614853,2024
132888,165615514,2024
132889,165616226,2024
132890,165616621,2024
132891,165617213,2024
132892,165617520,2024
132893,165617944,2024
132894,165618387,2024
132895,165619009,2024
132896,165619481,2024
132897,165619975,2024
132898,165620560,2024
132899,165620922,2024
132900,165621309,2024
132901,165621966,2024
132902,165622349,2024
132903,165622722,2024
132904,165623343,2024
132905,165623860,2024
132907,165624892,2024
132909,165625869,2024
132910,165626293,2024
132911,165626973,2024
132912,165627743,2024
132913,165628045,2024
132915,165628797,2022
132916,165629123,2024
132917,165629690,2024
132918,165630512,2024
132919,165630875,2024
132920,165631341,2024
132921,165631742,2022
132922,165632130,2024
132923,165632860,2024
132924,165633450,2024
132925,165633835,2024
132926,165634271,2024
132927,165634585,2024
132928,165634982,2024
132929,165635581,2024
132930,165636075,2024
132931,165636494,2024
132932,165637028,2024
132933,165637500,2024
132934,165638004,2024
132935,165638309,2024
132936,165638727,2024
132937,165639490,2024
132938,165639808,2024
132939,165640304,2024
132940,165640708,2024
132941,165641367,2024
132942,165641665,2024
132943,165641988,2024
132944,165642301,2024
132945,165642934,2022
132947,165643655,2024
132948,165644153,2024
132949,165644842,2024
132951,165645666,2024
132953,165646500,2024
132954,165646838,2024
132955,165647468,2024
132956,165647817,2024
132957,165648357,2024
132958,165648805,2024
132959,165649275,2024
132960,165649609,2024
132961,165650102,2022
132962,165650385,2024
132963,165650783,2022
132964,165651273,2024
132965,165651626,2024
132967,165652599,2024
132968,165653082,2024
132969,165653423,2024
132970,165654031,2022
132971,165654536,2024
132972,165654932,2024
132973,165655511,2024
132974,165655965,2024
132976,165656362,2024
132977,165657060,2024
132978,165657527,2024
132979,165658214,2024
132980,165658961,2024
132981,165659729,2024
132982,165660260,2024
132983,165660540,2024
132984,165661203,2024
132985,165661605,2024
132986,165662053,2024
132987,165662727,2024
132988,165663454,2024
132990,165664392,2024
132991,165664826,2024
254273303,165665320,2024
132993,165666081,2024
132994,165666520,2024
132995,165667049,2024
132996,165667642,2024
132997,165668021,2024
254415904,165668656,2024
133001,165669804,2024
133002,165670311,2024
133003,165670818,2024
133004,165671331,2024
133005,165671676,2024
133006,165672016,2022
133007,165672515,2024
133008,165672949,2024
133009,165673322,2024
133010,165673689,2024
133011,165674276,2024
133012,165674689,2022
133013,165675210,2024
133014,165675861,2024
133015,165676294,2024
133016,165676950,2024
133019,165678288,2024
254262414,165678669,2024
213491657,165679447,2024
133022,165680173,2024
133023,165680666,2024
133024,165681375,2024
133025,165681978,2024
133026,165682630,2024
133027,165683146,2022
133028,165683704,2024
133029,165684388,2024
133031,165685629,2024
133032,165686230,2024
133033,165686669,2024
133034,165687321,2024
133036,165688368,2024
133037,165688948,2022
133038,165689419,2024
133039,165690124,2024
133040,165690443,2024
133041,165691041,2024
133043,165691785,2024
133044,165692410,2024
133045,165692786,2024
133046,165693190,2024
133047,165693666,2022
133048,165694150,2024
133049,165694719,2024
133051,165695877,2024
133052,165696340,2024
133053,165696681,2022
133054,165697188,2024
133055,165697872,2024
133056,165698564,2024
133057,165698939,2024
133058,165699351,2024
133059,165700065,2024
133060,165700566,2024
133063,165702047,2024
133064,165702608,2024
133066,165703003,2024
133067,165703712,2024
133068,165704156,2024
133069,165704867,2024
133070,165705441,2024
133071,165705966,2024
133072,165706737,2024
133074,165707387,2024
133075,165707827,2024
133076,165708290,2024
133077,165708880,2024
133078,165709206,2024
133079,165709672,2024
213547584,165710104,2024
133081,165710754,2024
133082,165711249,2024
133083,165712038,2024
133084,165712503,2024
133085,165713140,2022
133086,165713524,2024
133087,165713957,2024
133088,165714474,2024
133089,165715206,2024
254419719,165715651,2024
133091,165716421,2024
133092,165717174,2024
133093,165717596,2024
219646279,165718107,2024
133095,165718756,2024
133096,165719401,2024
133098,165720249,2024
133099,165720916,2024
133100,165721489,2022
133101,165721893,2024
133102,165722422,2022
133104,165723402,2024
133105,165723711,2024
133107,165725082,2024
133108,165725564,2024
133109,165725923,2024
133110,165726302,2024
133111,165726862,2024
133112,165727222,2024
133113,165727645,2024
133114,165728077,2024
133115,165728440,2024
133116,165729005,2024
133117,165729527,2024
133118,165730042,2024
133119,165730534,2024
133120,165730834,2024
133122,165731761,2024
133123,165732154,2024
133125,165732581,2024
133126,165732942,2024
133127,165733442,2024
133128,165734114,2024
133129,165734457,2024
133131,165735311,2024
133132,165735814,2024
133134,165736431,2022
133136,165737524,2024
133137,165737977,2024
133139,165738739,2024
133141,165739394,2022
133142,165739749,2022
133145,165740301,2024
133146,165740712,2024
133147,165741378,2024
133148,165741961,2024
133149,165742568,2024
133150,165742931,2024
133151,165743390,2024
133152,165743786,2024
133153,165744304,2022
133154,165744796,2024
133155,165745174,2022
133156,165745706,2024
133157,165746333,2024
133158,165746937,2024
254277149,165747988,2024
133161,165748675,2024
133162,165749214,2024
133163,165749678,2024
133164,165749986,2024
133165,165750403,2022
133166,165750907,2024
133167,165751494,2024
133168,165752260,2024
133169,165752586,2024
133170,165752937,2024
133171,165753265,2024
133172,165753848,2024
133173,165754593,2024
133174,165755091,2024
133175,165755570,2024
133176,165756324,2024
133177,165756828,2024
133178,165757369,2024
133179,165758026,2024
133180,165758540,2024
133181,165758979,2024
133182,165759263,2024
133183,165759783,2024
133184,165760474,2022
133185,165760768,2024
133186,165761359,2024
133187,165762016,2024
133188,165762414,2024
133190,165763432,2024
133191,165763867,2024
133192,165764300,2024
133194,165764784,2024
133195,165765369,2024
133196,165765776,2024
254422741,165766340,2024
133198,165767147,2024
133199,165767649,2024
133200,165767969,2024
133201,165768683,2024
133202,165769373,2024
133203,165769711,2024
133204,165770143,2024
133205,165770576,2024
133206,165771027,2024
254274183,165771425,2024
219646070,165772142,2024
133209,165772891,2024
133210,165773606,2024
133211,165774338,2024
133212,165774759,2022
133213,165775250,2024
133215,165776091,2024
133216,165776769,2024
133217,165777617,2022
133218,165778125,2024
133219,165778453,2024
133220,165778853,2024
133222,165779794,2024
133223,165780624,2024
133224,165781180,2022
133225,165781677,2024
133226,165782131,2024
133227,165782523,2024
133228,165783157,2024
133229,165783544,2024
133230,165783877,2024
133231,165784545,2024
133232,165785235,2024
133233,165785672,2024
133234,165786112,2024
133235,165786456,2024
133236,165786839,2024
133237,165787295,2022
133238,165787902,2024
133239,165788565,2024
133240,165789360,2024
133241,165790116,2024
133242,165790417,2024
133243,165791132,2024
133244,165791635,2024
133245,165792388,2024
133246,165793039,2024
133247,165793790,2024
254271535,165794325,2024
133249,165795034,2024
254415453,165795607,2024
133251,165796339,2024
133252,165796730,2024
133253,165797170,2024
133254,165797724,2024
133255,165798056,2022
133256,165798540,2024
133257,165799250,2022
133258,165799761,2024
133259,165800471,2024
133260,165801011,2024
133261,165801601,2024
133262,165802059,2024
133263,165802663,2024
133264,165803072,2024
133267,165804470,2024
133268,165805130,2024
133269,165805530,2024
133270,165805995,2024
254416531,165806333,2024
133272,165806860,2024
133277,165808657,2024
133281,165810746,2022
133282,165811223,2024
133283,165811526,2024
254265312,165811948,2024
133285,165812738,2024
133287,165813463,2024
133288,165813918,2022
133289,165814415,2024
133290,165814899,2024
133291,165815669,2024
254416750,165816150,2024
254348980,165816927,2024
133294,165817711,2024
133295,165818143,2024
133296,165818538,2024
133297,165818946,2024
133298,165819304,2024
133299,165820019,2024
133301,165820585,2024
133302,165820987,2024
133303,165821593,2024
133304,165822226,2024
133305,165822856,2024
133306,165823210,2024
133307,165823684,2024
133308,165824266,2024
133309,165824914,2024
133310,165825255,2024
133311,165825770,2024
133312,165826101,2024
133313,165826487,2024
133314,165827190,2024
133315,165827961,2024
133316,165828598,2024
133317,165828969,2024
133318,165829438,2024
254351183,165829820,2024
133320,165830562,2024
133321,165831106,2024
133322,165831606,2024
133323,165832151,2024
254412648,165832731,2024
133325,165833420,2024
133326,165834123,2024
133327,165834566,2024
133329,165835390,2024
133330,165835971,2024
133332,165836622,2024
133333,165837338,2024
133334,165837944,2024
133335,165838299,2024
133336,165838683,2024
133337,165839023,2024
254371879,165839718,2024
133339,165840219,2024
133340,165840645,2024
133341,165840972,2024
133342,165841530,2024
133343,165841953,2024
133344,165842678,2024
133345,165843018,2024
133346,165843783,2024
133347,165844177,2024
133348,165844477,2024
133349,165844864,2024
133350,165845190,2024
133351,165845498,2024
133352,165846244,2024
133354,165847190,2024
133356,165848265,2022
133357,165848778,2024
133358,165849241,2024
133359,165849704,2024
133360,165850309,2024
133361,165850939,2024
133363,165851328,2024
133364,165851619,2024
133365,165852156,2024
133366,165852855,2024
133367,165853431,2024
133368,165853863,2024
133369,165854341,2024
133370,165854714,2024
133371,165855137,2024
133372,165855418,2024
133373,165855828,2022
133374,165856362,2024
133375,165856842,2024
133376,165857343,2024
133377,165857974,2022
133378,165858474,2024
133380,165859552,2024
133381,165860142,2022
133382,165860653,2024
133383,165861409,2024
133384,165861904,2024
133386,165862540,2024
133387,165863098,2024
133389,165863977,2022
133390,165864447,2024
133391,165865165,2024
133392,165865677,2024
133393,165866311,2024
133394,165866808,2024
133395,165867224,2022
133396,165867805,2024
133397,165868205,2024
133398,165868649,2024
133399,165869455,2024
133400,165869793,2022
133401,165870296,2024
133402,165870722,2024
133403,165871137,2024
133404,165871806,2024
133405,165872280,2024
133406,165872871,2024
133408,165874417,2024
133409,165875049,2024
133410,165875475,2024
254420754,165876173,2024
133412,165876702,2024
133413,165877096,2024
133414,165877760,2024
133415,165878497,2024
133416,165879022,2024
133417,165879397,2024
133418,165879990,2024
133419,165880675,2024
133420,165881406,2024
133422,165882264,2024
133423,165882767,2024
133424,165883439,2024
133425,165884086,2022
133426,165884568,2024
133427,165885146,2024
133428,165885556,2024
133429,165886309,2024
133430,165886797,2024
133431,165887190,2024
133432,165887620,2024
133433,165888181,2024
133434,165888706,2024
133437,165889999,2024
133438,165890614,2024
133439,165891280,2022
133440,165891689,2024
133441,165892366,2024
133442,165892728,2024
133443,165893439,2024
133444,165894026,2022
133445,165894357,2024
133446,165894783,2022
133447,165895199,2024
133448,165895601,2024
133449,165896307,2024
133450,165896700,2024
133451,165897161,2024
254266197,165897873,2024
133453,165898571,2024
133454,165899212,2024
133455,165899515,2024
133456,165899764,2024
133457,165900464,2022
133458,165900942,2024
133459,165901709,2024
133460,165902415,2024
133461,165902902,2022
133462,165903212,2024
133463,165903510,2024
133464,165904170,2024
133465,165904591,2024
133467,165904877,2024
133468,165905286,2024
133469,165906044,2024
133470,165906434,2024
133471,165906998,2024
133472,165907396,2024
133473,165907905,2024
133474,165908439,2024
133476,165909511,2022
133477,165909854,2022
133478,165910183,2024
218764304,165910938,2024
133480,165911704,2024
133481,165912070,2024
133482,165912495,2024
133483,165913234,2024
133484,165913732,2024
133485,165914197,2024
133486,165914709,2024
133487,165915254,2024
133488,165915546,2024
133489,165915941,2024
133490,165916345,2024
133491,165916731,2024
133492,165917195,2024
133493,165917942,2024
133494,165918560,2024
133495,165918994,2024
133496,165919505,2024
133497,165920165,2024
133498,165920635,2024
133499,165921329,2024
133500,165921753,2024
133501,165922148,2024
133503,165923380,2024
133504,165924110,2022
133505,165924603,2024
133506,165924962,2024
133508,165925644,2024
133509,165926192,2024
133510,165926708,2024
133511,165927352,2022
133512,165927357,2024
133513,165927627,2024
133515,165928575,2024
133516,165928982,2024
133517,165929534,2024
133519,165930262,2022
133520,165930746,2024
133521,165931015,2022
133522,165931505,2022
133523,165931994,2024
133524,165932643,2024
133525,165933017,2024
133526,165933739,2024
133528,165934170,2024
133529,165934801,2024
133530,165935170,2024
133531,165935749,2024
133532,165936343,2024
133533,165936978,2022
133534,165937264,2024
133535,165937610,2022
133537,165938129,2024
133538,165938612,2024
133539,165939306,2024
133540,165939967,2024
133541,165940359,2024
133542,165940670,2024
133543,165941105,2024
133544,165941449,2022
133545,165941741,2024
133546,165942238,2024
133547,165942828,2024
133548,165943420,2024
133549,165944097,2024
133550,165944388,2024
133551,165944911,2024
133552,165945595,2024
133554,165945908,2024
133555,165946324,2024
133556,165946810,2024
133557,165947495,2024
133558,165948083,2024
133559,165948837,2024
133560,165949527,2024
133561,165950178,2024
133562,165950504,2024
133563,165950846,2024
133564,165951503,2022
133565,165952004,2024
133566,165952413,2024
133567,165952872,2024
133568,165953311,2024
133569,165953718,2024
219646182,165954474,2024
133571,165955210,2024
133572,165955751,2024
133573,165956187,2024
133574,165956641,2024
133575,165956941,2022
218764849,165957417,2024
133577,165958092,2024
133579,165959060,2024
133581,165959800,2024
133582,165960247,2024
133583,165960779,2024
133584,165961166,2022
133585,165961655,2024
133586,165962303,2022
133587,165962600,2024
133588,165963163,2024
133589,165963739,2024
133590,165964348,2024
133591,165964921,2022
133592,165965422,2024
133593,165965886,2024
133594,165966638,2022
133596,165967260,2022
133597,165967617,2024
133598,165967972,2024
133599,165968337,2024
133600,165968946,2024
133601,165969353,2024
213549931,165970008,2024
133604,165970329,2024
133605,165970711,2022
133606,165971191,2024
133608,165972520,2024
133609,165972861,2024
133610,165973423,2024
133611,165973722,2022
133613,165974201,2024
133614,165974960,2024
133615,165975396,2024
133616,165975949,2024
133617,165976712,2024
133618,165977116,2022
133619,165977631,2024
133620,165978151,2024
133621,165978585,2024
133622,165979277,2024
133623,165979810,2024
133624,165980294,2024
133625,165980760,2024
133628,165981948,2024
133629,165982453,2024
133630,165982914,2024
133632,165983792,2024
133633,165984095,2024
133634,165984849,2024
133635,165985544,2024
133636,165986316,2024
133637,165986859,2024
133638,165987207,2024
133639,165987858,2024
133640,165988289,2024
133641,165988916,2024
133642,165989615,2024
133643,165990243,2024
133645,165991415,2024
133646,165991842,2024
133647,165992609,2024
133648,165993231,2024
219410503,165994001,2024
133650,165994710,2024
133651,165995266,2024
133652,165995994,2024
133654,165997083,2024
133656,165998133,2024
133657,165998525,2022
133659,165999492,2024
133660,165999850,2024
133661,166000487,2024
133662,166001042,2024
133664,166002271,2024
133665,166002589,2024
218761650,166002970,2024
133667,166003607,2024
133668,166003906,2024
133669,166004576,2024
133670,166005049,2024
133671,166005473,2024
133673,166006326,2024
133674,166006972,2024
133675,166007653,2024
133679,166009564,2024
133680,166010213,2022
133682,166011138,2024
133683,166011779,2024
133684,166012188,2024
133685,166012479,2024
133686,166013197,2022
133687,166013672,2024
133688,166014103,2024
133689,166014493,2024
133690,166014935,2024
133691,166015343,2024
133693,166016059,2024
133694,166016550,2024
133695,166016989,2024
133696,166017474,2024
133697,166017946,2024
133698,166018690,2024
133699,166019286,2024
133700,166019596,2024
133702,166020214,2024
195215,166021306,2024
195218,166021321,2024
195222,166021347,2024
50149087,166021387,2024
154980,167005357,2020
156661882,167656200,2021
22694906,168849515,2020
22694921,168850125,2020
22694918,168850776,2020
22694931,168851705,2020
22694934,168852266,2020
22683634,168873464,2020
22683652,168876516,2020
22694476,168884321,2020
22694340,168885266,2020
22694794,168889812,2020
22694740,168895142,2020
22698201,168963992,2021
22698572,168979865,2020
22698557,168981163,2020
22697724,168982712,2020
22696683,168988087,2021
22696694,168988714,2021
169229426,169229869,2020
169231349,169231615,2020
169232559,169232602,2021
169233669,169233911,2020
169234837,169234849,2021
169234885,169234948,2021
169236848,169237207,2020
169755340,169766323,2021
169836996,169837118,2020
184044,169971190,2019
144162654,169992506,2020
20047,170082489,2024
21858,170082633,2021
154946,170082871,2023
170306,170083106,2023
170308,170083979,2023
170309,170084118,2022
170315,170084988,2023
170318,170085723,2023
170319,170085969,2023
170320,170086293,2023
170321,170086480,2023
170324,170086625,2023
170325,170086853,2023
170326,170087060,2023
170330,170087386,2023
170332,170087548,2023
170337,170087692,2023
170341,170087840,2021
170342,170088172,2023
170343,170088593,2023
170346,170088828,2023
170347,170088978,2023
170348,170089099,2023
170352,170089277,2023
170353,170089442,2023
170354,170089639,2023
170356,170090130,2023
170358,170090300,2023
168962425,170647178,2020
170765178,170765289,2020
170766737,170767007,2020
170254007,170779329,2022
170254095,170779335,2022
170254118,170779341,2022
170254493,170779346,2022
170254610,170779352,2022
170254989,170779357,2022
170255047,170779363,2022
170255203,170779369,2022
170255263,170779374,2022
170255324,170779379,2022
170255367,170779384,2022
170256591,170779389,2022
170256727,170779400,2021
170256742,170779405,2021
170257097,170779410,2021
170257477,170779416,2021
170257837,170779422,2021
170258948,170779427,2024
170259010,170779432,2021
170259073,170779438,2021
170259224,170779443,2021
170259267,170779449,2021
170259364,170779454,2021
170276778,170779460,2021
170277078,170779465,2021
170277278,170779471,2025
170277379,170779476,2021
170277508,170779482,2021
170277559,170779487,2021
170277598,170779493,2021
170277637,170779499,2021
170277741,170779504,2021
170278160,170779510,2024
170278276,170779515,2022
170278369,170779520,2025
170278421,170779525,2022
170278464,170779530,2025
170278545,170779535,2025
170278556,170779540,2025
170292970,170779550,2025
170293101,170779555,2022
170293252,170779560,2025
170293285,170779565,2022
170293288,170779570,2025
170293297,170779575,2022
170293309,170779580,2022
170293402,170779585,2022
170293451,170779590,2022
170293501,170779595,2022
170293556,170779600,2025
170293622,170779605,2022
170293642,170779610,2025
170293656,170779615,2022
170293690,170779620,2025
170293719,170779625,2022
170293733,170779630,2022
170293812,170779635,2022
170293954,170779640,2025
170293977,170779645,2025
170294044,170779650,2025
170294149,170779655,2025
170294200,170779660,2022
170294207,170779665,2025
170294238,170779670,2022
170294254,170779675,2022
170294263,170779680,2022
170294285,170779685,2025
170294343,170779690,2025
170294478,170779695,2025
170294553,170779700,2025
170669595,170779705,2025
170669604,170779710,2025
170669607,170779715,2022
170669641,170779720,2025
170669666,170779725,2025
170669704,170779730,2025
170669722,170779735,2022
170669894,170779740,2025
170669943,170779745,2025
170669988,170779750,2025
170670130,170779755,2025
170730081,170779760,2022
170730117,170779765,2025
170730152,170779770,2025
170730229,170779775,2025
170730327,170779780,2022
170730371,170779785,2022
170730460,170779790,2022
170730505,170779795,2025
170730561,170779800,2025
170730602,170779805,2025
170730626,170779810,2025
170730654,170779815,2020
170730663,170779820,2020
170730674,170779825,2020
170730685,170779830,2020
170730698,170779835,2020
170730708,170779840,2020
170730723,170779845,2020
170753998,170779850,2021
170754059,170779855,2021
170754096,170779860,2021
170754156,170779865,2024
170754182,170779870,2021
170754344,170779875,2021
170757195,170779925,2024
170771638,170780030,2020
170872509,170872605,2020
170873188,170873251,2020
168626955,171198906,2020
171339401,171342135,2020
171339305,171342153,2020
171729462,171729471,2020
171729431,171729482,2020
39337,171964644,2019
18510,172041327,2022
152783714,172115852,2020
47407485,172696028,2025
47407516,172696036,2025
47407572,172696045,2025
47407553,172696183,2025
47407557,172696231,2025
173140885,173141325,2023
39365,173433550,2020
39366,173434051,2021
41737,173434501,2021
161376,173434793,2021
41831,173435173,2021
41836,173435545,2021
41851,173435874,2021
39384,173436715,2020
41835,173437098,2021
161695,173437577,2021
161506,173437966,2021
161501,173438349,2021
183158,173723091,2020
22695115,174556979,2020
133300,174746646,2024
3381,174777708,2017
14562,174780174,2019
166138,174784154,2019
166446,174784505,2012
166992,174788717,2019
167006,174789028,2014
172443,174793337,2017
180926,174794313,2019
185968,174795720,2019
191823,174796143,2019
196313,174796892,2019
197036,174797333,2014
19513675,174797952,2019
68325526,174798268,2016
151066406,174798726,2019
107605000,175219173,2021
161566,175219648,2020
104166988,175220257,2021
104208524,175220678,2020
161547,175221157,2020
195474,175221403,2021
22698159,175348962,2021
22727255,175530482,2020
11146,175604493,2019
188621,175757624,2020
154967,175789071,2020
175970827,175970838,2021
175979454,175979489,2021
225345695,176077275,2024
2644,176084546,2020
176092140,176092145,2021
176108239,176108244,2021
178062,176136628,2020
191831,176137241,2020
178067,176137729,2020
193742,176157249,2020
193650,176220100,2020
193631,176222417,2020
176485629,176485653,2021
176485916,176485947,2021
176486023,176486027,2021
176486152,176486163,2021
176486201,176486211,2020
176486224,176486231,2021
176486239,176486247,2021
176486255,176486260,2021
176486271,176486288,2021
166184,176493270,2020
166189,176493885,2020
166894,176494582,2020
183155,176495218,2020
195503,176495568,2020
196301,176495962,2020
196302,176496284,2020
198972,176496665,2020
198973,176496889,2020
18435966,176497159,2020
61668607,176497430,2020
1866,176549381,2022
176549691,176549801,2022
230406023,176558676,2023
176559231,176559237,2024
13852,176561424,2023
185152,176626567,2020
197019,176734706,2020
89808701,176831024,2020
15350832,176961098,2020
176988285,176988299,2022
22694413,176994991,2020
170011,177068099,2020
22697590,177120498,2021
22693712,177125045,2021
19896,177143139,2020
198747,177149605,2020
163228,177249178,2020
177301951,177302177,2020
177429528,177429532,2024
165866,177436288,2020
1086,177552193,2020
161660,178201355,2021
161545,178201678,2021
161445,178201830,2021
22732425,178236617,2021
178144049,178243993,2021
178144352,178244160,2021
178146202,178244411,2022
178145699,178244807,2021
178145340,178245004,2022
178144625,178245033,2022
178146049,178245185,2022
41712,178589687,2020
22731577,178663850,2020
178756893,178756918,2020
20738,178929751,2019
22694296,178958787,2020
22694716,178964431,2020
22694552,178970750,2020
22694870,178976917,2020
62101249,178995789,2020
22694887,179078444,2020
22693814,179176196,2021
22694262,179400911,2021
22694699,179473845,2021
169229923,179510767,2021
132975,179617703,2024
132999,179618448,2022
133042,179618755,2022
228542038,179619219,2024
133143,179619810,2022
133276,179620663,2024
133362,179621403,2022
133466,179621708,2022
228540293,179622080,2024
133553,179622579,2024
133595,179623155,2024
133612,179624354,2024
179927344,179927347,2022
179938931,179941003,2025
179941082,179941119,2022
179941433,179941820,2022
179942022,179942040,2022
179943800,179943808,2022
179942127,179943816,2022
179944196,179944214,2022
179944047,179944222,2022
179944289,179944293,2022
179944541,179944738,2024
179945365,179945878,2024
179946548,179946563,2024
179946647,179946660,2022
179946688,179946695,2022
22698280,179971538,2020
180023022,180023226,2022
22694140,180116686,2021
22680459,180118783,2020
22680178,180126280,2025
22694537,180171504,2020
22680412,180227232,2020
22693845,180230226,2020
180502386,180503121,2021
22693431,180593985,2024
22693836,180753097,2025
22694903,180893939,2020
22721016,181093139,2020
22692156,181242855,2020
181244306,181246271,2020
22697641,181325230,2020
22693182,181357867,2020
22725033,181360276,2020
190309,181458617,2016
181500967,181565357,2020
181501221,181566064,2020
22698102,181599271,2020
22693627,181606594,2021
22696730,181721741,2021
22727668,181757896,2020
22698350,181896323,2020
22693811,182083944,2020
22697776,182279725,2020
127826787,182525770,2020
22697800,182703046,2020
22697817,182714418,2020
22697825,182729677,2020
22735250,182762377,2020
22728303,182985187,2020
22698001,183088698,2022
22697651,183200130,2023
22718588,183206258,2021
22694313,183584708,2020
161691,183779320,2024
39399,183779744,2024
39400,183780223,2025
63146,183780480,2024
161425,183780918,2024
61408,183781512,2024
183782506,183782544,2021
183783325,183783649,2022
183784866,183784887,2021
22724836,183801134,2020
163144,184253216,2014
22697748,184637776,2020
60138,184670902,2020
22734408,184698049,2020
22697793,184720991,2020
22697761,184807209,2020
46103983,185166576,2020
185198377,185198553,2021
185495181,185495230,2021
22693839,185618684,2021
185662806,185662898,2022
22689714,189010894,2021
22679946,189780266,2021
22697143,189949320,2021
190552041,190552056,2021
103670944,192074027,2021
64411,192479585,2018
200790,192731977,2020
200849,192732152,2020
157720198,192732312,2020
157721219,192732481,2020
157786766,192732633,2020
157850735,192732821,2020
157856804,192732973,2020
157856808,192733128,2020
157856823,192733317,2020
157856995,192733469,2020
157857019,192733672,2020
157857032,192733860,2020
157857035,192734030,2020
157857039,192734198,2020
157857179,192734388,2020
157857313,192734556,2020
157857564,192734726,2020
157858181,192734897,2020
157858210,192735049,2020
157910741,192735218,2020
22695909,194428673,2021
22678576,194673255,2021
4292,194720078,2021
170873445,194765137,2020
161454,194883934,2021
157857014,195044052,2021
22678632,195133155,2021
195277206,195295679,2021
195278682,195295692,2021
195278941,195295701,2021
195295153,195295711,2021
195277242,195295727,2021
195279688,195295735,2021
195277464,195295743,2021
195279947,195295769,2021
195280222,195295782,2021
195277166,195295821,2021
195295180,195295832,2021
195295356,195295840,2021
195278125,195295848,2021
195278428,195295857,2021
195294984,195295865,2021
195280319,195295874,2021
195280342,195295884,2021
195280380,195295893,2021
195276406,195295902,2021
195276867,195295910,2021
195277000,195295922,2021
157866233,195685405,2021
157866713,195723004,2021
22678588,195820544,2021
157877009,196522247,2021
22680252,196544442,2022
22731855,196574917,2021
157856975,196751458,2021
157866722,196751473,2021
157857425,196751484,2021
157857480,196751495,2021
49145276,196838582,2020
49145710,196839706,2020
49145872,196839883,2020
49167164,196840001,2020
49167992,196840154,2020
49169558,196840311,2020
49169667,196840480,2020
49177273,196840677,2020
49177958,196840840,2020
49178121,196840950,2020
49181204,196841210,2020
49181248,196841371,2020
49181363,196841527,2020
49181447,196841709,2020
49181520,196841906,2020
49181824,196842128,2020
49182018,196842274,2020
49182073,196842484,2020
49182775,196842675,2020
49186882,196842832,2020
49187023,196842975,2020
49187192,196843147,2020
49187516,196843402,2020
49188278,196843611,2020
49188296,196843780,2020
49188448,196843955,2020
49188506,196844124,2020
49188621,196844440,2020
91602885,196844609,2020
143617001,196844798,2020
2762,197190014,2021
197258416,197258455,2021
197258574,197258666,2021
197258874,197258972,2021
22734928,197335248,2021
157867031,197735314,2021
157909980,197735322,2021
178290276,197818455,2021
157846892,197888350,2021
192795,198269696,2021
198291781,198355362,2021
198290445,198356945,2021
198284208,198356953,2021
104062579,198532259,2022
60246,198818101,2021
198361338,198880476,2024
198361668,198880484,2024
198361985,198880557,2024
198361988,198880565,2024
198362208,198880909,2024
198362244,198881182,2022
199932,198884880,2021
195436,198885260,2021
176486052,198885632,2021
195437,198885960,2021
195438,198886371,2021
41819,198886746,2021
157717977,199047220,2020
198362478,199197092,2024
198362496,199200369,2024
198362499,199200383,2024
198362786,199327159,2024
198362795,199327177,2024
176683,199526207,2024
144159779,199743048,2021
198362821,199787601,2024
199825464,199825466,2022
198363108,199947950,2024
198363275,199948040,2024
198363412,199977957,2024
198363429,199977989,2024
198363471,199990435,2024
198363572,199990450,2024
198363645,199990460,2024
198363890,199990489,2024
198364145,199990530,2024
198364266,199990538,2024
198364412,199990583,2024
198364599,199990616,2024
198364897,199990686,2024
198364951,199990717,2024
198365053,199990726,2024
198365118,199990742,2024
198373224,199990814,2024
198373241,199990822,2022
198373278,199990840,2024
198373312,199990848,2024
198373386,199990862,2024
198373896,199990878,2024
198374163,199990920,2024
198374729,199990994,2024
198374788,199991007,2022
198375209,199991045,2024
198375460,199991053,2024
198376833,199991168,2022
198376939,199991196,2024
198376964,199991209,2024
198377073,199991236,2024
198377635,199991286,2024
198377670,199991294,2024
67968687,200001278,2022
67997188,200001286,2024
67997267,200001295,2024
67997476,200001308,2024
68056442,200001319,2024
47270129,200001327,2024
69126056,200001991,2024
69126456,200002084,2024
7035,200286264,2022
63111,200320565,2020
63106,200321345,2020
63117,200321617,2020
60228,200321910,2020
44641,200322152,2020
200322937,200322952,2021
197733990,200404613,2025
198113266,200405856,2023
198113620,200405861,2023
198113679,200405866,2023
198113763,200405871,2023
198376039,200405981,2023
198376692,200405986,2023
198376847,200405991,2023
198376892,200405996,2023
198377156,200406001,2023
198377161,200406006,2023
198585824,200406011,2023
198585903,200406016,2023
198585954,200406021,2023
198585996,200406026,2023
198586015,200406031,2023
198586435,200406036,2023
198586503,200406041,2023
198586652,200406046,2023
198586953,200406051,2023
198586964,200406056,2023
198586978,200406061,2023
198587032,200406066,2023
198587177,200406071,2023
198587185,200406076,2023
192983,200661034,2022
192994,200661039,2022
193026,200661044,2022
193045,200661049,2022
193083,200661054,2022
193138,200661059,2022
193165,200661064,2022
193210,200661069,2022
193480,200661074,2022
161568,201183089,2021
42564343,201613657,2021
161686,201614906,2021
201621105,201621664,2021
201629258,201629674,2021
22697805,202126091,2020
22689535,202174205,2021
61709141,203625947,2021
63128,203720849,2021
22696495,204182473,2021
170334,204737590,2023
22695147,204871862,2021
22680358,205288455,2021
39387,205765567,2021
39370,205782570,2021
22693621,205917399,2021
22680339,205917761,2022
22694856,205919631,2021
22693949,205921412,2025
22693185,205993110,2025
206067914,206068087,2022
206073989,206073991,2022
206073999,206074001,2022
206074009,206074011,2022
206074019,206074021,2022
206074029,206074031,2022
206074039,206074041,2022
206074049,206074051,2022
206074059,206074062,2022
206074070,206074072,2022
206074080,206074082,2022
206074090,206074092,2022
206074100,206074102,2022
206074110,206074112,2022
206074120,206074122,2022
206074130,206074132,2022
206074140,206074142,2022
206074150,206074152,2022
206074160,206074162,2022
206074170,206074172,2022
206074180,206074182,2022
206074190,206074192,2022
206074200,206074202,2022
206074210,206074212,2022
206074220,206074222,2022
206074230,206074232,2022
206074240,206074243,2022
206074251,206074253,2022
206074261,206074263,2022
206074271,206074273,2022
206074281,206074284,2022
206074292,206074294,2022
206074302,206074304,2022
206074312,206074314,2022
206074322,206074325,2022
206074333,206074335,2022
206074343,206074345,2022
206074353,206074355,2022
206074373,206074376,2022
206074398,206074400,2022
206074408,206074410,2022
206074418,206074420,2022
206074428,206074430,2022
206074438,206074441,2022
206074449,206074451,2022
206074459,206074461,2022
206074469,206074471,2022
206074479,206074482,2022
206074490,206074492,2022
206074500,206074502,2022
206074510,206074512,2022
45354964,206217909,2021
22696500,206261845,2021
62030608,206585142,2021
181568721,206588554,2021
22694938,206628879,2021
161481,206645380,2021
60109,206646540,2021
41747,206647387,2021
152781911,206648306,2021
22695137,206723035,2021
152784569,206762759,2021
60170,207283191,2021
123423283,207621852,2021
207613727,207680695,2022
60175,207731709,2021
47269927,207755583,2022
207614261,207760296,2022
47270031,207760565,2022
39327,207778564,2021
47270059,207798447,2022
47270062,207811111,2022
207614384,207902865,2022
208103114,208103138,2022
22693235,208218115,2024
215823373,208496244,2022
22695368,208808382,2025
67969378,210104478,2022
81916633,210117094,2022
75545589,210117263,2022
13250,210428691,2022
14363,210612474,1996
22697797,210894343,2022
210901113,210901391,2024
210901439,210901442,2024
210901499,210901508,2024
210901532,210901535,2024
210901568,210901600,2024
210901624,210901627,2024
210901651,210901654,2024
210901679,210901690,2024
210901737,210901762,2024
210901799,210901808,2024
210902736,210902841,2024
210903074,210903099,2024
210903121,210903129,2024
210903161,210903164,2024
210903182,210903199,2024
210903291,210903295,2024
210903327,210903336,2024
210903370,210903377,2024
210903404,210903408,2024
210903459,210903464,2024
210903484,210903487,2024
210903513,210903525,2024
210903579,210903586,2024
210903609,210903614,2024
210903635,210903638,2024
210903664,210903670,2024
210903765,210903770,2024
210903803,210903809,2024
22698042,210914793,2022
22697742,210923623,2022
169234201,210944208,2021
211039125,211039130,2024
176769,211491360,2022
211665303,211665305,2022
211665334,211665442,2022
211665591,211665605,2022
211714426,211715722,2023
211715807,211716453,2022
211716547,211716832,2022
211717877,211718111,2022
211718188,211718843,2022
211718882,211718943,2022
22694373,211737029,2019
22683249,212490546,2022
104167028,212575008,2022
104167083,212575659,2022
3855,212629880,2022
39339,212641186,2022
5659,212805700,2022
22735692,212815091,2022
212866460,212871020,2024
212943123,212943276,2024
213319691,213319694,2022
213319754,213319757,2022
133065,213466130,2024
22692167,213488064,2021
22729604,213489185,2022
22679881,213839615,2022
179944416,214000324,2022
22693656,214047293,2022
22693899,214215381,2022
214365805,214365807,2022
214365815,214365817,2022
214365825,214365827,2022
214365846,214365849,2022
214365857,214365861,2022
214365869,214365871,2022
214365879,214365882,2024
214365890,214365893,2022
214365901,214365903,2022
214365911,214365913,2022
214365921,214365923,2022
214365931,214365934,2022
214365942,214365949,2022
214365957,214365959,2022
214365967,214365976,2022
214365984,214365988,2022
214365996,214365999,2022
214366007,214366013,2022
214366021,214366024,2022
214366032,214366038,2022
214366046,214366048,2022
214366056,214366062,2022
214366070,214366072,2022
214366080,214366083,2022
214366091,214366096,2022
214366104,214366107,2022
214366115,214366117,2022
214366125,214366129,2022
214366137,214366140,2022
214366148,214366153,2022
214366161,214366164,2022
214366172,214366174,2022
214366182,214366184,2022
214366192,214366195,2022
214366203,214366206,2022
214366214,214366217,2022
214366225,214366227,2022
214366246,214366250,2022
214366258,214366260,2022
214366269,214366276,2022
214366284,214366286,2022
214366294,214366300,2022
214366308,214366310,2022
214366318,214366320,2022
214366328,214366330,2022
214366338,214366341,2022
214366349,214366351,2022
214366359,214366361,2022
214366369,214366371,2022
214366379,214366381,2022
214366389,214366393,2022
214366401,214366404,2022
214366412,214366416,2022
214366424,214366427,2022
214366435,214366443,2022
214366451,214366458,2022
214366466,214366469,2022
214366477,214366480,2022
214366488,214366490,2022
41832,214376402,2022
195459,214395983,2022
198921,214397182,2022
126710128,214399766,2022
161439,214405747,2022
60198,214407880,2022
214417427,214417808,2024
214418407,214418413,2022
212814626,214530127,2025
17028,214541137,2022
12303,215395045,2022
61404,215496848,2022
215686170,215686195,2022
215764369,215764444,2024
215824818,215824841,2022
60166,215829219,2022
39302,216183565,2022
137516649,216215459,2022
22678620,216251541,2021
22695097,216253643,2020
22683213,216618193,2022
22683310,216636478,2022
190210,217254745,2024
195096,217254750,2024
68379228,217254755,2024
62291168,217256873,2022
22697353,217377735,2022
15184,217446244,2023
154791,217446431,2023
154990,217446602,2023
183300,217446807,2023
183307,217446895,2023
183395,217447046,2023
183407,217447187,2023
183441,217447324,2023
183445,217447463,2023
183476,217447652,2023
183534,217447769,2023
183690,217447911,2023
183702,217448019,2023
183720,217448166,2023
183745,217448342,2023
183769,217448475,2023
183782,217448636,2023
183784,217448744,2023
183805,217448857,2023
183820,217449015,2023
183842,217449131,2023
183884,217449258,2023
183925,217449385,2023
183937,217449487,2023
184017,217449660,2023
184025,217449794,2023
196025,217449992,2023
196028,217450084,2023
196033,217450174,2023
196047,217450267,2023
47137303,217450376,2023
123359232,217450512,2023
140293642,217450784,2023
140299898,217450869,2023
183259,217630476,2023
183305,217630632,2023
183372,217630750,2023
183462,217630895,2023
183563,217631054,2023
183768,217631170,2023
183821,217631260,2023
183908,217631347,2023
22696846,217914197,2023
12419,218069689,2022
218630658,218630752,2024
218630847,218630876,2024
22692920,218635331,2023
218755974,218755987,2024
218756059,218756129,2024
218756142,218756167,2024
218756449,218756459,2024
218756506,218756509,2024
218756497,218756523,2024
218756772,218756777,2024
218756802,218756805,2024
218756814,218756817,2024
218756835,218756838,2024
218756864,218756907,2024
218757170,218757175,2024
218757183,218757189,2024
218757223,218757226,2024
218867596,218867631,2022
218867639,218867644,2022
218867652,218867661,2022
236,219152605,2022
219308115,219308122,2023
219308246,219308278,2023
219308371,219308377,2023
75545675,219315625,2023
75547064,219315771,2023
219317214,219317243,2023
219317378,219317392,2023
197735582,219317411,2023
219317955,219317964,2023
219318011,219318020,2023
197733737,219318039,2023
218521889,219326075,2018
219328070,219328093,2023
7750,219377647,2021
219443795,219443810,2023
219676264,219679713,2025
219537746,219768047,2024
219536496,219768057,2024
219535691,219768062,2024
219535329,219768067,2024
219535297,219768072,2024
219535194,219768088,2024
219555536,219768179,2024
219534949,219768215,2024
219555553,219768220,2024
219538684,219768231,2024
219555671,219768241,2024
219556110,219768271,2024
219555896,219768276,2024
219555864,219768281,2024
219555893,219768286,2024
219555890,219768291,2024
219555846,219768301,2024
219556082,219768317,2024
219556079,219768333,2024
219645876,219768338,2024
219645937,219768343,2024
219645964,219768367,2024
219556728,219768372,2024
219556725,219768377,2024
219556732,219768382,2024
219556705,219768424,2024
219556335,219768429,2024
219556124,219768465,2024
219556748,219768562,2024
219556745,219768567,2024
219645759,219768576,2024
219556702,219768594,2024
219556679,219768599,2024
219645765,219768604,2024
219645763,219768609,2024
219646107,219768614,2024
219646681,219768622,2024
216558801,219774358,2022
219803038,219803082,2024
219372935,219836613,2024
219362305,219836618,2024
219360406,219836623,2024
219405448,219836628,2024
219360420,219836633,2024
219362504,219836638,2024
219406091,219836643,2024
219379520,219836648,2024
219379503,219836653,2024
219379539,219836658,2024
219379542,219836663,2024
218756974,219836668,2024
219361189,219836673,2024
219360762,219836678,2024
219405797,219836683,2024
219360746,219836688,2024
219360796,219836693,2024
219358778,219836698,2024
219360834,219836703,2024
219406010,219836708,2024
219358889,219836713,2024
219361557,219836718,2024
219361627,219836723,2024
219361603,219836728,2024
219361656,219836733,2024
219404671,219836738,2024
219361692,219836743,2024
219365839,219836748,2024
219379763,219836753,2024
219379838,219836758,2024
219360074,219836763,2024
219360115,219836768,2024
218755947,219836773,2024
219360100,219836778,2024
219360097,219836783,2024
219378635,219836788,2024
219361780,219836793,2024
219404791,219836798,2024
219646684,219836810,2024
78771575,220107536,2022
220639457,220639541,2023
220639634,220639767,2023
220640000,220640043,2023
220640169,220640175,2023
220640473,220640564,2023
220640707,220640715,2023
220640824,220640827,2023
220640876,220640897,2023
220641049,220641057,2023
220641082,220641098,2023
220641121,220641125,2023
220641231,220641240,2023
220641262,220641267,2023
220641282,220641323,2023
220641682,220641687,2023
220641754,220641757,2023
220641817,220641831,2023
220641852,220641860,2023
220641916,220641931,2023
220642551,220642557,2023
220658844,220658853,2023
220658973,220659021,2023
220659050,220659073,2023
220659161,220659221,2023
220659266,220659312,2023
220659359,220659363,2023
220659626,220659642,2023
220660370,220660378,2023
220718350,220718360,2023
220719673,220719689,2023
220725256,220725272,2023
220733176,220733179,2023
220733384,220733456,2023
220736273,220736279,2023
220736883,220736892,2023
220738215,220738232,2023
220751777,220751780,2023
220752695,220752706,2023
220752772,220752778,2023
220753752,220753852,2023
220754052,220754069,2023
220754328,220754338,2023
220640319,220777772,2023
220640845,220779270,2023
220641177,220779697,2023
220740050,220779705,2023
196090,220801375,2022
196091,220836478,2022
155140,220837966,2022
196088,220840021,2022
196087,220840616,2022
196086,220841825,2022
196085,220843040,2022
196084,220844245,2022
196083,220844961,2022
196082,220845467,2022
196081,220846703,2022
196080,220847576,2022
196079,220848677,2022
196078,220851925,2022
22680418,221212367,2023
22695105,221426607,2023
39369,221513674,2021
22680199,221561950,2023
22693225,223484923,2024
225469534,225189538,2025
225274149,225274152,2023
225274038,225274160,2023
225469363,225469368,2025
18160537,225525524,2024
22725672,226250634,2023
154898,226778363,2024
22696750,226827998,2023
22680496,226964244,2023
133193,227494364,2024
241,227578157,2022
225,227579266,2022
22697658,228020407,2023
198291337,228249869,2024
233304336,228250245,2024
22679869,228564177,2023
22680153,228594770,2024
22679919,228668766,2023
22694852,228697220,2021
62289271,229059793,2023
152781715,229331924,2024
60095,229337053,2023
82031633,230253271,2023
22692708,230580264,2023
227121966,230580931,2024
227121877,230580936,2024
227121901,230604912,2024
227122209,230604917,2024
230025395,230864868,2023
227121688,230948319,2024
227122183,230948709,2024
231060954,231061140,2024
22693780,231072418,2023
3854,232113997,2025
22697713,232128569,2023
198291114,232359213,2024
179946888,232590171,2024
233303616,233303969,2024
233304000,233304042,2024
22693570,233933855,2023
135673,234016559,2024
230027154,234712764,2023
234768980,234769079,2024
234769150,234769191,2024
207613857,235097813,2024
246011694,236040013,2024
246014055,236057213,2024
18237880,236069255,2024
246009782,236197724,2024
47386437,237161377,2024
68397750,237161461,2024
68398158,237161472,2024
246003888,237355416,2024
154996,238327009,2024
166171,238327298,2025
154714,238327473,2025
183435,238327710,2025
183792,238327898,2025
183800,238328080,2025
154786,238328211,2024
154621,238328388,2025
155297,238328584,2025
183345,238328764,2025
154758,238328889,2025
183979,238329069,2025
184011,238329201,2025
154846,238329382,2024
183545,238329827,2025
154657,238329993,2025
183649,238330148,2025
183947,238330338,2025
183463,238330475,2025
183900,238330589,2025
183451,238330737,2025
183672,238330892,2025
154840,238331067,2025
183816,238331250,2025
154835,238331430,2025
155050,238331593,2024
183958,238331793,2025
183785,238331966,2025
183325,238332098,2025
183369,238332237,2025
183492,238332361,2025
183421,238332510,2025
154784,238332668,2024
183871,238332838,2025
166598,238333049,2025
154976,238333217,2025
183517,238333346,2025
181029,238333691,2024
183914,238333831,2025
183987,238333994,2025
183708,238334110,2025
183627,238334315,2025
154917,238334553,2025
183722,238334934,2025
154641,238335080,2024
183594,238335349,2025
183223,238335481,2025
168438,238335654,2025
155223,238335866,2025
183415,238336040,2025
183454,238336227,2025
183748,238336371,2025
183490,238336537,2025
183540,238336702,2025
183832,238337391,2025
183323,238337549,2025
183916,238337727,2025
183668,238337888,2025
154874,238338060,2025
183570,238338257,2025
183242,238338413,2025
154861,238338543,2024
169590,238338780,2025
183915,238338956,2025
183902,238339122,2025
183243,238339224,2025
183363,238339325,2025
183950,238339513,2025
183335,238339631,2025
183417,238339779,2025
184002,238339977,2025
184029,238340070,2025
183218,238340177,2025
183983,238340332,2025
183975,238340522,2025
183459,238340695,2025
183285,238340827,2025
155278,238341031,2025
181269,238341418,2025
154699,238341558,2025
155272,238341788,2025
155319,238341986,2025
196338,238342185,2024
169636,238342314,2025
183560,238342488,2025
183960,238342600,2025
183831,238342750,2025
184013,238342924,2025
154963,238343742,2025
169496,238343912,2025
155284,238344123,2025
183723,238344345,2025
183926,238344494,2025
154862,238344658,2025
154823,238344825,2025
154769,238345033,2025
154857,238345213,2024
183458,238345504,2025
183673,238345640,2025
183573,238345761,2025
183589,238345915,2025
154746,238346061,2025
154690,238346563,2025
183770,238346770,2025
178081,238346957,2025
178082,238347138,2025
178084,238347289,2025
178086,238347496,2025
178087,238347681,2025
178088,238347865,2025
178089,238348062,2025
178090,238348191,2025
178091,238348285,2025
178092,238348424,2025
178093,238348543,2025
178094,238348718,2025
155229,238348905,2024
196339,238349286,2024
196341,238349472,2025
196342,238349577,2025
196343,238349714,2024
196344,238349863,2024
154863,238350013,2024
196347,238350188,2025
183650,238350278,2025
154692,238350434,2025
154836,238350601,2025
182712,238350953,2025
194862,238351522,2025
18159126,238351736,2025
56779782,238351949,2025
155226,238352121,2025
194863,238352381,2025
194865,238352575,2025
5675,238352793,2025
198654,238352947,2025
198655,238353315,2025
194867,238353598,2025
194868,238353727,2025
194869,238353900,2025
194871,238354308,2025
182165,238354828,2025
194872,238355113,2025
198657,238355366,2025
274985026,238355649,2025
198659,238356067,2025
155214,238356371,2025
18159556,238356585,2025
194874,238356799,2025
194875,238357177,2025
198663,238357469,2025
194877,238357667,2025
155282,238357934,2025
198664,238358375,2025
18159823,238358598,2025
194879,238359062,2025
194881,238359517,2025
194882,238359744,2025
18159817,238359931,2025
194883,238360174,2025
18160573,238360330,2025
198552,238360549,2025
274985417,238360795,2025
194884,238361087,2025
194885,238361289,2025
18160456,238361491,2025
18160468,238361668,2025
274985841,238361844,2025
194887,238362076,2025
194889,238362317,2025
198669,238362474,2025
194891,238362794,2025
18161514,238362996,2025
194893,238363136,2025
13653,238637039,2023
81916148,238822392,2024
69130223,238996041,2025
69130217,238996046,2024
69130256,238996066,2025
69181494,238996086,2025
69128239,238996091,2025
69130284,238996096,2025
69181507,238996101,2025
67903613,238996106,2025
198771,238996111,2025
67903629,238996116,2025
68326549,238996121,2025
67903666,238996126,2025
67903681,238996131,2025
68326644,238996136,2024
67903734,238996141,2025
67903731,238996146,2025
67903759,238996151,2025
67903756,238996156,2025
67903781,238996161,2025
68001090,238996172,2025
67903851,238996177,2025
118353525,238996182,2024
68001143,238996187,2025
118353540,238996192,2025
69179788,238996197,2025
118354194,238996208,2025
68377363,238996222,2025
68377366,238996232,2025
69127937,238996242,2025
68377412,238996247,2025
56780975,238996252,2025
118354091,238996262,2025
56780905,238996269,2025
69130196,238996274,2025
47394785,240636838,2024
47395413,240884845,2024
81916521,240884986,2024
81916170,240884999,2024
240973336,241132469,2024
241131980,241132474,2024
241132565,241132568,2024
241132577,241132580,2024
241132588,241132590,2024
241132598,241132600,2024
241132608,241132611,2024
241132619,241132622,2024
241132630,241132632,2024
241132640,241132642,2024
241132650,241132652,2024
241132660,241132665,2024
241132673,241132675,2024
241132683,241132686,2024
241132694,241132697,2024
241132705,241132708,2024
241132716,241132719,2024
241132727,241132729,2024
241132737,241132739,2024
241132747,241132749,2024
241132757,241132759,2024
241132767,241132769,2024
241132777,241132779,2024
241132787,241132789,2024
241132797,241132799,2024
241132807,241132810,2024
241132819,241132822,2024
241132830,241132832,2024
241132840,241132842,2024
241132850,241132852,2024
241132860,241132862,2024
241132871,241132873,2024
241132883,241132886,2024
241132895,241132897,2024
241132905,241132926,2024
241132944,241132947,2024
241132955,241132958,2024
241132966,241132969,2024
241132977,241132980,2024
241132989,241132992,2024
241133000,241133004,2024
241133012,241133015,2024
241133023,241133028,2024
241133036,241133039,2024
241133047,241133050,2024
241133058,241133061,2024
241133069,241133072,2024
241133080,241133085,2024
241133093,241133095,2024
241133103,241133106,2024
241133114,241133136,2024
241133144,241133146,2024
241133155,241133158,2024
241133167,241133169,2024
241133178,241133181,2024
241133189,241133191,2024
241133199,241133202,2024
241133212,241133217,2024
241133225,241133227,2024
241133235,241133237,2024
241133245,241133247,2024
241133255,241133257,2024
241133265,241133267,2024
241133275,241133277,2024
241133288,241133290,2024
241133298,241133300,2024
241133308,241133310,2024
241133318,241133320,2024
241133328,241133330,2024
241133338,241133340,2024
241133348,241133350,2024
241133358,241133361,2024
241133369,241133371,2024
241133379,241133381,2024
241133389,241133391,2024
241133399,241133401,2024
241133409,241133411,2024
241133419,241133421,2024
241133429,241133432,2024
241133440,241133442,2024
241133450,241133452,2024
241133460,241133462,2024
241133470,241133472,2024
241133480,241133482,2024
241133490,241133493,2024
241133501,241133503,2024
241133511,241133513,2024
241133521,241133524,2024
241133532,241133536,2024
241133544,241133546,2024
241133554,241133556,2024
241133564,241133567,2024
241133575,241133578,2024
241133586,241133588,2024
241133596,241133598,2024
241133606,241133608,2024
241133616,241133620,2024
241133628,241133630,2024
241133638,241133640,2024
241133648,241133651,2024
241133659,241133662,2024
241133670,241133672,2024
241133680,241133682,2024
241133693,241133695,2024
241133703,241133705,2024
241133713,241133716,2024
241133724,241133727,2024
241133735,241133737,2024
241133745,241133747,2024
241133755,241133758,2024
241133766,241133768,2024
241133776,241133779,2024
241133787,241133791,2024
241133799,241133801,2024
241133809,241133812,2024
241133820,241133823,2024
241133831,241133833,2024
241133841,241133844,2024
241133852,241133854,2024
241133862,241133865,2024
241133873,241133877,2024
241133885,241133888,2024
241133896,241133898,2024
241133906,241133910,2024
241133918,241133921,2024
241133929,241133933,2024
241133941,241133944,2024
241133952,241133954,2024
241133962,241133964,2024
241133972,241133976,2024
241133984,241133987,2024
241133996,241133999,2024
241134007,241134010,2024
241134018,241134022,2024
241134030,241134032,2024
241134041,241134044,2024
241134052,241134054,2024
241134063,241134065,2024
241134073,241134076,2024
241134085,241134088,2024
241134097,241134099,2024
241134108,241134111,2024
241134120,241134123,2024
241134131,241134134,2024
241134142,241134145,2024
241134153,241134156,2024
241134164,241134167,2024
241134175,241134177,2024
241134185,241134188,2024
241134196,241134198,2024
241134206,241134209,2024
241134217,241134220,2024
241134229,241134232,2024
241134240,241134242,2024
241134250,241134253,2024
241134261,241134264,2024
241134272,241134275,2024
241134283,241134285,2024
241134293,241134295,2024
241134303,241134305,2024
241134313,241134315,2024
241134323,241134325,2024
241134333,241134335,2024
241134343,241134345,2024
241134353,241134355,2024
241134363,241134365,2024
241134373,241134375,2024
241134383,241134386,2024
241146973,241146975,2025
241146983,241146985,2025
241146993,241146995,2025
241147008,241147011,2025
241147019,241147021,2025
241147040,241147043,2025
241147051,241147053,2025
241147061,241147063,2025
241147071,241147073,2025
241147081,241147084,2025
241147092,241147094,2025
241147112,241147114,2025
241147122,241147124,2025
241147142,241147144,2025
241147152,241147155,2025
241147163,241147165,2025
241147173,241147180,2025
241147188,241147191,2025
241147199,241147201,2025
241147209,241147211,2025
241147219,241147221,2025
241147229,241147231,2025
241147239,241147241,2025
241147249,241147251,2025
241147259,241147261,2025
241147269,241147272,2024
241147280,241147282,2025
241147290,241147292,2025
241147300,241147302,2025
241147310,241147312,2025
241147320,241147322,2025
241147330,241147332,2025
241147340,241147342,2025
241147350,241147352,2025
241147360,241147362,2025
241147370,241147372,2025
241147380,241147382,2025
241147396,241147398,2025
241147406,241147408,2025
241147416,241147418,2025
241147426,241147428,2025
241147436,241147439,2025
241147447,241147450,2025
241147458,241147460,2025
241147468,241147470,2025
241147478,241147480,2025
241147488,241147490,2025
241147498,241147500,2025
241147508,241147510,2025
241147518,241147520,2025
241147528,241147530,2025
241147538,241147540,2025
241147548,241147551,2025
241147559,241147562,2025
241147570,241147573,2025
241147581,241147583,2025
241147591,241147594,2025
241147602,241147604,2024
241147612,241147614,2025
241147622,241147624,2025
241147632,241147634,2025
241147642,241147644,2025
241147652,241147654,2025
241147662,241147664,2025
241147672,241147675,2025
241147683,241147685,2025
241147693,241147695,2025
241147703,241147705,2024
241147713,241147716,2024
241147724,241147726,2024
241147734,241147736,2024
241147744,241147746,2025
241147754,241147757,2025
241147765,241147768,2025
241147776,241147778,2025
241147786,241147788,2025
241147796,241147798,2025
241147815,241147817,2025
241147825,241147827,2024
241147835,241147837,2025
241147845,241147847,2025
241147855,241147857,2025
241147865,241147867,2025
241147875,241147878,2025
241147886,241147888,2025
241147896,241147898,2025
241147906,241147912,2025
241147920,241147922,2025
241147930,241147932,2025
241147940,241147942,2025
241147950,241147952,2025
241147960,241147962,2025
241147970,241147972,2025
241147980,241147982,2025
241147990,241147992,2025
241148000,241148003,2025
241148021,241148023,2025
241148031,241148033,2025
241148041,241148043,2025
241148051,241148054,2025
241148062,241148064,2025
241148072,241148074,2025
241148082,241148084,2025
241148092,241148094,2025
241148112,241148114,2025
241148122,241148124,2025
241148132,241148134,2025
241148142,241148144,2025
241148152,241148155,2025
241148163,241148166,2025
241148189,241148193,2025
241148201,241148203,2025
241148211,241148214,2024
241148222,241148224,2025
241148232,241148234,2025
241148242,241148245,2025
241148253,241148255,2025
241148263,241148265,2025
241148276,241148278,2025
241148286,241148288,2025
241148296,241148298,2024
241148310,241148313,2025
241148321,241148325,2024
241148333,241148335,2025
241148343,241148346,2024
241148354,241148356,2025
241148364,241148366,2025
241148374,241148376,2025
241148384,241148386,2024
241148394,241148396,2024
241148404,241148406,2024
241148414,241148416,2024
241148424,241148426,2024
241148434,241148437,2024
241148445,241148447,2024
241148455,241148457,2024
241148465,241148468,2024
241148476,241148478,2024
241148486,241148488,2024
241148496,241148499,2024
241148507,241148509,2024
241148517,241148519,2025
241148527,241148530,2024
241148538,241148540,2024
241148548,241148550,2025
241148558,241148560,2025
241148568,241148570,2025
241148578,241148580,2025
241148588,241148591,2025
241148599,241148601,2025
241148609,241148611,2025
241148619,241148621,2025
241148629,241148631,2025
241148639,241148644,2025
241148652,241148654,2025
241148662,241148665,2025
241148674,241148676,2025
241148684,241148686,2025
241148694,241148696,2025
241148704,241148707,2025
241148715,241148719,2025
241148727,241148729,2025
241148737,241148739,2025
241148747,241148749,2025
241148757,241148759,2025
241148767,241148769,2025
241148777,241148779,2025
241148787,241148789,2025
241148797,241148799,2025
241148807,241148809,2025
241148817,241148819,2025
241148827,241148829,2025
241148837,241148840,2025
241148848,241148850,2025
241148859,241148861,2025
241148870,241148872,2025
241148880,241148882,2025
241148890,241148894,2025
241148902,241148904,2025
241148912,241148914,2025
241148923,241148925,2025
241148933,241148935,2025
241148946,241148949,2025
241148957,241148959,2025
241148967,241148969,2025
241148977,241148982,2025
241148990,241148995,2025
241149003,241149006,2025
241149025,241149027,2024
241149035,241149037,2024
241149045,241149047,2024
241149055,241149057,2024
241149065,241149067,2024
241149075,241149077,2024
241149085,241149089,2024
241149097,241149099,2024
241149107,241149110,2025
241149118,241149121,2025
241149129,241149133,2025
241149141,241149144,2025
241149152,241149155,2025
241149163,241149165,2025
241149173,241149175,2025
241149183,241149185,2025
241149193,241149195,2025
241149203,241149206,2025
241149214,241149218,2025
241149226,241149228,2025
241149236,241149239,2025
241149247,241149250,2025
241149261,241149264,2025
241149272,241149274,2025
241149300,241149302,2025
241149310,241149312,2025
241149320,241149323,2025
241149331,241149333,2025
241149344,241149346,2025
241149355,241149358,2025
241149378,241149380,2025
241149389,241149391,2025
241149401,241149403,2025
241149412,241149415,2025
241149424,241149427,2025
241149436,241149439,2025
241149447,241149449,2025
241149457,241149459,2025
241149467,241149469,2025
241149477,241149479,2025
241149488,241149490,2025
241149499,241149501,2025
241149509,241149511,2025
241149520,241149523,2025
241149531,241149533,2025
241149541,241149543,2025
241149551,241149554,2025
241149563,241149566,2025
241149575,241149577,2025
241149606,241149608,2025
241149616,241149619,2025
241149627,241149629,2025
241149637,241149639,2025
241149647,241149649,2025
241149659,241149661,2025
241149669,241149671,2025
241149679,241149681,2025
241149689,241149691,2025
241149699,241149701,2025
241149719,241149721,2025
241149729,241149731,2025
241149739,241149741,2025
241149749,241149751,2025
241149759,241149761,2025
241149769,241149771,2025
241149779,241149781,2025
241149789,241149791,2025
241149799,241149801,2025
241149809,241149811,2025
241149819,241149821,2025
241149829,241149833,2025
241149841,241149844,2025
241149852,241149854,2025
241149862,241149866,2025
241149874,241149877,2025
241149885,241149887,2025
241149895,241149897,2025
241149905,241149907,2025
241149915,241149917,2025
241149925,241149927,2025
241149935,241149938,2025
241149946,241149954,2025
241149962,241149965,2025
241149973,241149976,2025
241149984,241149987,2025
241149995,241149998,2025
241150006,241150008,2025
241150016,241150018,2025
241150026,241150028,2025
241150036,241150038,2025
241150047,241150050,2025
241150058,241150060,2025
241150068,241150070,2025
241150079,241150081,2025
241150089,241150091,2025
241150193,241150196,2025
241150204,241150206,2025
241150214,241150216,2025
241150224,241150226,2025
241150234,241150241,2025
241150249,241150251,2025
241150259,241150261,2025
241150269,241150271,2025
241150279,241150281,2025
241150289,241150292,2025
241150312,241150314,2025
241150322,241150325,2025
241150333,241150335,2025
241150343,241150345,2025
241150360,241150362,2025
241150370,241150373,2025
241150381,241150383,2025
241150391,241150393,2025
241150401,241150404,2025
241150412,241150414,2025
241150422,241150424,2025
241150433,241150435,2025
241150443,241150445,2025
241150455,241150457,2025
241150466,241150468,2025
241150477,241150480,2025
241150488,241150491,2025
241150499,241150501,2025
241150509,241150511,2025
241150519,241150521,2025
241150529,241150531,2024
241150539,241150541,2025
241150550,241150552,2025
241150560,241150562,2025
241150570,241150577,2025
241150585,241150587,2025
241150595,241150597,2025
241150605,241150607,2025
241150615,241150617,2025
241150625,241150627,2025
241150635,241150640,2025
241150648,241150650,2025
241150658,241150660,2025
241150668,241150670,2025
241150678,241150680,2025
241150688,241150690,2025
241150698,241150700,2025
241150708,241150712,2025
241150720,241150722,2025
241150730,241150732,2025
241150740,241150743,2025
241150751,241150753,2025
241150761,241150764,2025
241150772,241150774,2025
241150782,241150784,2025
241150792,241150794,2025
241150813,241150815,2025
241150823,241150825,2025
241150833,241150836,2025
241150844,241150846,2025
241150854,241150856,2024
241150864,241150866,2024
241150874,241150876,2024
241150884,241150887,2024
241150895,241150898,2024
241150906,241150908,2024
241150919,241150921,2024
241150929,241150931,2024
241150939,241150941,2024
241150949,241150951,2024
241150959,241150961,2024
241150969,241150971,2024
241150979,241150983,2024
241150991,241150993,2025
241151001,241151003,2025
241151011,241151013,2024
241151021,241151023,2025
241151031,241151033,2025
241151041,241151043,2025
241151051,241151055,2025
241151063,241151065,2024
241151073,241151075,2024
241151083,241151085,2024
241151093,241151095,2024
241151103,241151105,2024
241151113,241151115,2024
241151123,241151125,2025
241151133,241151135,2025
241151143,241151145,2025
241151157,241151159,2025
241151167,241151169,2025
241151177,241151179,2025
241151187,241151189,2025
241151197,241151200,2025
241151208,241151210,2025
241151218,241151221,2025
241151229,241151232,2025
241151240,241151242,2025
241151260,241151262,2025
241151270,241151273,2025
241151292,241151294,2025
241151323,241151326,2025
241151562,241151565,2025
241151589,241151591,2025
241151623,241151626,2025
241151634,241151637,2025
241151645,241151647,2025
241151667,241151669,2025
241151677,241151679,2025
241151687,241151689,2025
241151697,241151699,2025
241151707,241151710,2025
241151718,241151721,2025
241151729,241151732,2025
241151740,241151742,2025
241151750,241151752,2025
241151762,241151764,2025
241151778,241151780,2025
241151788,241151790,2025
241151799,241151801,2025
241151810,241151818,2025
241151827,241151829,2025
241151838,241151840,2025
241151848,241151850,2025
241151858,241151860,2025
241151868,241151870,2025
241151878,241151880,2025
241151888,241151890,2025
241151898,241151900,2025
241151908,241151910,2025
241151918,241151920,2025
241151928,241151930,2025
241151938,241151940,2025
241151948,241151950,2025
241151958,241151960,2025
241151971,241151973,2025
241151981,241151983,2025
241151991,241151993,2025
241152001,241152003,2025
241152011,241152013,2025
241152021,241152023,2025
241152031,241152033,2025
241152075,241152079,2025
241152087,241152089,2025
241152100,241152103,2025
241152111,241152114,2025
241152122,241152124,2025
241152132,241152134,2025
241152142,241152145,2025
241152161,241152164,2025
241152172,241152174,2025
241152182,241152184,2024
241152202,241152204,2025
241152212,241152214,2025
241152222,241152224,2025
241152232,241152234,2025
241152242,241152244,2025
241152252,241152254,2025
241152262,241152264,2025
241152272,241152274,2025
241152282,241152284,2025
241152292,241152294,2024
241152303,241152306,2024
241152314,241152316,2025
241152324,241152327,2025
241152335,241152339,2024
241152347,241152350,2024
241152358,241152360,2025
241152368,241152370,2025
241152378,241152380,2025
241152388,241152390,2025
241152398,241152400,2025
241152408,241152410,2025
241152418,241152420,2025
241152429,241152432,2025
241152440,241152442,2024
241152450,241152454,2025
241152462,241152464,2025
241152472,241152474,2025
241152482,241152485,2025
241152493,241152495,2025
241152503,241152505,2025
241152514,241152516,2025
241152524,241152526,2025
241152534,241152536,2025
241152544,241152547,2025
241152555,241152557,2024
241152565,241152568,2025
241152597,241152600,2025
198291571,241313304,2024
242121080,242122261,2024
242158594,242163476,2024
242222668,242224493,2024
230,242530547,2022
47728610,242659051,2025
243924606,243924625,2024
258684981,244489836,2025
50015694,244807135,2024
50015525,244873443,2024
244917651,244936871,2024
244921024,244936876,2024
244921272,244936881,2024
244921675,244936886,2024
244922366,244936896,2024
244923296,244936901,2024
244923659,244936906,2024
244924692,244936911,2024
244925843,244936926,2024
244931668,244936941,2024
244932290,244936946,2024
244932671,244936951,2024
244933041,244936956,2024
244933209,244936961,2024
244936659,244936971,2024
50014335,245139426,2024
50013368,245139779,2024
22693883,246087452,2025
62289108,246202198,2024
18159121,246424736,2025
198656,246541245,2025
198658,246542295,2025
198666,246548419,2025
274979439,246550801,2025
56781081,246555480,2025
252564031,246653066,2025
192286,246857823,2025
9461,247625936,2025
17027,247632759,2023
41716,247789834,2024
41797,248153151,2025
274981827,249156717,2025
274981122,249167634,2025
18584848,249880242,2022
18175,249881355,2022
22693199,250045646,2024
192432,250218202,2025
192556,250218313,2025
192687,250218760,2025
192535,250219066,2025
192878,250219321,2025
192350,250219481,2025
15307967,250219607,2025
192358,250219868,2025
192388,250219995,2025
192487,250220131,2025
192438,250220429,2025
192823,250220572,2025
192437,250220988,2025
192768,250221120,2025
192541,250221255,2025
192406,250221517,2025
192354,250221686,2025
192643,250221822,2025
192485,250222102,2025
192698,250222501,2025
192785,250222624,2025
192658,250222774,2025
192514,250223043,2025
192748,250223568,2025
192492,250223720,2025
192532,250223975,2025
192412,250224230,2025
250270380,250270389,2024
10060,250508253,2024
250588960,250591963,2025
250584055,250593104,2024
250584194,250593109,2024
250584311,250593114,2024
250584632,250593119,2024
250585368,250593124,2025
250587627,250593139,2025
47401641,250683978,2025
47407576,250684049,2025
114161459,250684125,2025
114161707,250684195,2025
103707538,250684263,2025
199124,250684351,2025
199077,250684441,2025
90985567,250684534,2025
90985687,250684625,2025
199327,250684718,2025
199011,250684810,2025
192481,250977986,2025
192491,250978709,2025
15307973,250979380,2025
192507,250980854,2025
192537,250986223,2025
192542,250986695,2025
192546,250987374,2025
192568,250991699,2025
192593,250998061,2025
192597,250999240,2025
192606,251000847,2025
192640,251006691,2025
192668,251010718,2025
192675,251011630,2025
192682,251013965,2025
192685,251014267,2025
192695,251015129,2025
192716,251019576,2025
192718,251020986,2025
192723,251021168,2025
192730,251023777,2025
192737,251024783,2025
278225291,251027259,2025
192756,251027961,2025
192765,251029814,2025
192782,251032791,2025
192791,251033359,2025
192801,251036053,2025
192815,251038196,2025
192820,251039618,2025
192821,251040342,2025
192828,251040732,2025
192833,251042064,2025
192842,251044280,2025
192859,251046853,2025
192868,251048133,2025
192865,251048286,2025
192866,251048407,2025
192876,251049843,2025
192255,251051201,2025
192254,251051418,2025
285010645,251051545,2025
192265,251052738,2025
192275,251053251,2025
192299,251056729,2025
192301,251058382,2025
192312,251059791,2025
192319,251061280,2025
192320,251061416,2025
192359,251067991,2025
192365,251069986,2025
192372,251070390,2025
192369,251070519,2025
192384,251073377,2025
192387,251073612,2025
192385,251073723,2025
192391,251074428,2025
192395,251075199,2025
192400,251075941,2025
192423,251079681,2025
192451,251083782,2025
192476,251087254,2025
192477,251087963,2025
252730581,251700400,2025
258689628,251702233,2025
252245735,252245758,2024
252245812,252245925,2024
252246191,252246205,2024
252246435,252246460,2024
169566,252571616,2025
252732460,252734717,2025
252732614,252734722,2025
252733172,252735252,2025
252730062,252735257,2025
252732832,252735262,2025
252732869,252735267,2025
252732999,252735272,2025
252732105,252735277,2025
252732354,252735282,2025
252732783,252735287,2025
252732406,252735292,2025
252731041,252735297,2025
252731062,252735302,2025
252730089,252735307,2025
252731796,252735312,2025
252732948,252735317,2025
252732710,252735322,2025
252732664,252735327,2025
252732806,252735332,2025
252731894,252735337,2025
252562934,252735342,2025
252566898,252735347,2025
252567062,252735352,2025
252733159,252735357,2025
252732348,252735362,2025
252731079,252736046,2025
253117160,253117341,2024
68399092,253390478,2025
68399507,253390483,2025
68399123,253390488,2025
68400306,253390493,2025
68399473,253390498,2025
68399409,253390503,2025
68400155,253390508,2025
68400068,253390513,2025
68399203,253390518,2025
68399399,253390523,2025
68399949,253390528,2025
22693720,253973476,2024
22693709,253974448,2024
22692680,253975408,2024
22679836,253979434,2024
22693663,253979793,2024
22679830,253981736,2024
22704604,253988805,2024
22704600,253990290,2024
22680277,253990498,2024
22706033,253995149,2024
22704484,253997645,2024
22696589,254007779,2024
22685200,254009755,2024
60235,254241038,2020
254257555,254315757,2024
254256661,254315767,2024
254256613,254315772,2024
254254010,254315777,2024
254256760,254315782,2024
254257010,254315787,2024
254253765,254315792,2024
254252554,254315797,2024
254251669,254315802,2024
254253943,254315807,2024
254253956,254315812,2024
133144,254316326,2024
133062,254316966,2024
22693749,254375039,2024
22693740,254411509,2024
22693336,254413189,2024
190165,254462745,2022
199652,254541895,2025
47270198,254541900,2025
47270201,254541905,2025
181449,254541910,2025
67969128,254541915,2025
190386,254541920,2025
183681,254550289,2025
22693359,254641184,2025
254657167,254662282,2025
254661670,254662287,2025
254562118,254662292,2025
254661607,254662297,2025
254561505,254662302,2025
254661633,254662307,2025
254562178,254662312,2025
254662276,254662317,2025
254657182,254662322,2025
254656958,254662327,2025
254656446,254662332,2025
254656669,254662337,2025
254661663,254662342,2025
254657119,254662347,2025
254655894,254662357,2025
254661624,254662362,2025
254562225,254662367,2025
254661651,254662372,2025
254656659,254662377,2025
18258153,254662389,2025
18258256,254662542,2025
161677,254715330,2024
219409385,254871105,2024
162293947,254964078,2024
162292832,254971919,2024
41871,254975849,2024
41745,254988584,2024
161551,255043036,2024
133655,255279299,2024
132950,255283316,2024
22697012,255372663,2025
216558622,255380997,2022
65134886,255442847,2025
22693158,255455690,2025
185131,255699161,2025
185129,255699715,2025
185140,255701916,2025
185138,255702341,2025
185144,255702975,2025
185141,255703180,2025
185145,255704418,2025
185151,255705022,2025
185153,255706411,2025
185160,255707194,2025
185163,255708222,2025
185166,255710112,2025
185172,255710750,2025
185170,255711237,2025
185177,255713126,2025
185178,255713510,2025
185183,255713741,2025
185184,255713972,2025
185187,255714919,2025
185186,255715809,2025
189750,255730647,2025
7778,255741628,2025
48342414,255749304,2025
22693399,255764059,2024
22693351,255765537,2025
22693396,255801668,2024
22693373,255806237,2024
22693408,255807787,2024
22693154,255829868,2024
22693427,255846610,2024
22697810,256021744,2024
274982836,256194032,2025
22693777,256247816,2024
274984062,256254726,2025
203364219,256580832,2024
18903491,256581177,2024
22693348,256610578,2024
274987900,257016762,2025
22693464,257323525,2024
257332767,257332828,2024
257333306,257333317,2024
252730037,258819206,2025
252728509,258819214,2025
252729986,258819220,2025
252573085,258819225,2025
252571901,258819230,2025
252729924,258819235,2025
252573146,258819240,2025
252573010,258819245,2025
252728430,258819250,2025
60144,259023171,2024
18258202,259203477,2025
22693162,259771021,2024
22693344,260758243,2024
261543157,261552640,2025
261540853,261552645,2025
261543926,261552650,2025
261544051,261552655,2025
261540595,261552660,2025
261542779,261552665,2025
261542652,261552670,2025
261542906,261552675,2025
261540328,261552680,2025
261544293,261552685,2025
261543781,261552690,2025
261541094,261552695,2025
261548259,261552700,2025
261547235,261552705,2025
261540707,261552710,2025
261545828,261552715,2025
261544036,261552720,2025
261541476,261552725,2025
261546465,261552730,2025
261541217,261552735,2025
261544162,261552740,2025
261542893,261552745,2025
261541226,261552750,2025
261542680,261552755,2025
261546132,261552760,2025
261541009,261552765,2025
261539473,261552770,2025
261546527,261552775,2025
261545246,261552780,2025
261541022,261552785,2025
261541017,261552790,2025
261544346,261552795,2025
261543943,261552800,2025
261542280,261552805,2025
261546757,261552810,2025
261546630,261552815,2025
261541251,261552820,2025
261543940,261552825,2025
261542665,261552830,2025
261548471,261552835,2025
261541943,261552840,2025
261542454,261552845,2025
261549492,261552850,2025
261541812,261552855,2025
261543998,261552860,2025
261541051,261552865,2025
261546408,261552870,2025
261546661,261552875,2025
261546149,261552880,2025
261542305,261552885,2025
261540909,261552890,2025
261544238,261552895,2025
261543726,261552900,2025
261543980,261552905,2025
261540652,261552910,2025
261544105,261552915,2025
261542185,261552920,2025
261541929,261552925,2025
261547306,261552930,2025
261542826,261552935,2025
261542487,261552940,2025
261548248,261552945,2025
261541976,261552950,2025
261544277,261552955,2025
261546582,261552960,2025
261551188,261552965,2025
261542484,261552970,2025
261542356,261552975,2025
261541204,261552980,2025
261542865,261552985,2025
261542226,261552990,2025
261540832,261552995,2025
261542235,261553000,2025
261544028,261553005,2025
261542618,261553010,2025
261541466,261553015,2025
261541082,261553020,2025
261542725,261553025,2025
261542598,261553030,2025
261542851,261553035,2025
261542594,261553040,2025
261541199,261553045,2025
261542861,261553050,2025
261543758,261553055,2025
261542348,261553060,2025
261548746,261553065,2025
261551436,261553070,2025
261551502,261553075,2025
261551526,261553080,2025
261551529,261553085,2025
261551539,261553090,2025
261551562,261553095,2025
261551608,261553100,2025
261551618,261553105,2025
261551620,261553110,2025
261551652,261553115,2025
261551675,261553120,2025
261551679,261553125,2025
261551699,261553130,2025
261551770,261553135,2025
261551906,261553140,2025
261551942,261553145,2025
261552034,261553150,2025
261552481,261553155,2025
261557012,261557017,2025
22693231,261626967,2024
261710965,261710992,2024
261711018,261711040,2025
22693376,261733225,2024
22693404,261755965,2024
22693690,261945463,2025
22693717,262144636,2024
22693764,262195475,2024
22728800,262222743,2024
22728804,262268997,2024
22693341,262324770,2024
22693424,262351933,2024
22693420,262353424,2024
22693472,262488394,2024
22693494,262609165,2024
22693277,262691229,2024
22693305,262948509,2024
22693319,263047127,2024
285107889,263072010,2025
170247,263072015,2025
170183,263072020,2025
170184,263072025,2025
12137,263072030,2025
170256,263072035,2025
170221,263072040,2025
170225,263072045,2025
170226,263072050,2025
170194,263072055,2025
170231,263072060,2025
170200,263072065,2025
170204,263072070,2025
170170,263072075,2025
170208,263072080,2025
170173,263072085,2025
170206,263072090,2025
17177,263199517,2025
206074520,263255757,2025
22724271,263302102,2024
22683982,263601321,2024
22681885,263610287,2024
22725908,263611626,2024
22725900,263612362,2024
22696354,263619384,2024
22683042,263619844,2024
22683045,263620120,2024
22683093,263621853,2024
22695363,263624138,2024
22696391,263625315,2024
22683033,263629591,2024
22683037,263629882,2024
22683710,263633491,2024
61650582,263637688,2024
22689972,263648579,2024
22695094,263649661,2024
22725856,263653822,2024
22689985,263657177,2024
22689906,263663023,2024
22686831,263665421,2024
22683368,263681710,2024
22683422,263682907,2024
22696719,263684970,2024
22683399,263685424,2024
22683616,263688022,2024
22736215,263698247,2024
22683230,263702194,2024
22683117,263710268,2024
22693567,263717271,2024
22693556,263718124,2024
22713615,263720209,2024
103798407,263726250,2024
22700442,263743540,2024
22702487,263745647,2024
22702107,263757579,2024
22702103,263758123,2024
22700216,263763623,2024
22713519,263765477,2024
22715501,263781546,2024
22700142,263783413,2024
103800445,263800024,2024
103773966,263815630,2024
22712294,263837548,2024
22717336,263852577,2024
104006526,263855415,2024
22702649,263857609,2024
103799817,263873518,2024
22714859,263877263,2024
22712068,263892652,2024
22712065,263893862,2024
103795069,263894149,2024
22712071,263894824,2024
103727557,263896783,2024
22712266,263908253,2024
22712198,263915215,2024
22733311,263922444,2024
22718414,263944945,2024
22718371,263946173,2024
22718375,263946517,2024
22718187,263947638,2024
22718194,263948564,2024
103818044,263950804,2024
22725660,264028275,2024
61634940,264077440,2025
22683112,264133585,2024
22683265,264164648,2024
22712305,264193083,2024
22705499,264278237,2024
103727590,264280673,2024
103709532,264332458,2024
63571,264483873,2025
4592,264488576,2025
22710333,264528960,2024
22716976,264535453,2024
22683740,264543074,2024
22706016,264543876,2024
22705916,264549459,2024
22717383,264572635,2024
22713491,264588377,2024
22683027,264589271,2024
22695144,264598530,2024
22727271,264932814,2025
22727471,264970343,2024
22697008,264971450,2024
22692643,264972343,2024
22693669,264973588,2024
22679846,264973801,2024
22697564,264974451,2025
22697561,264974915,2025
22693978,264975180,2024
22696788,264975511,2024
22680145,264976185,2024
22697037,264977849,2024
22680387,264978663,2024
22697028,264978926,2024
22680130,264979985,2024
22694144,264980263,2024
22727677,264980648,2024
22694132,264981548,2024
22693879,264982230,2024
22680310,264982969,2024
22693872,264983669,2024
22693102,264984029,2024
22692640,264986925,2024
22692883,264987391,2024
22696725,264988570,2024
22680086,264989167,2024
22693392,264990411,2024
22727683,264991189,2024
22697219,264991688,2024
22696705,264992332,2024
22694152,264993071,2024
22680243,264994587,2024
22697654,264995790,2025
22680236,264997001,2024
22692778,264997298,2024
22680240,264997658,2024
22697133,264998112,2024
22679981,264998491,2024
62015238,264998702,2024
22697128,265000155,2024
22693852,265000639,2024
22680287,265001129,2024
22680029,265001829,2024
22696926,265002412,2024
22693589,265004492,2024
22680011,265004964,2024
22680271,265005922,2024
22680015,265006165,2024
22693584,265006359,2024
22692560,265006720,2024
22679758,265006900,2024
22693828,265007237,2024
22694081,265007778,2024
22735810,265008190,2024
22693832,265009426,2024
22694086,265009638,2024
22697595,265010010,2024
22692723,265012784,2024
22697334,265013707,2024
22680170,265015093,2024
22727265,265016540,2025
22692705,265017021,2024
22680217,265017939,2024
22693536,265018254,2024
22680221,265018629,2024
22696596,265019242,2024
22693528,265020215,2024
22694038,265020637,2024
22694791,265022100,2024
22697608,265022422,2024
22694021,265023151,2024
22692146,265333107,2025
80671020,266349445,2025
266886187,266886228,2025
266886596,266886710,2025
266886335,266886724,2025
266886290,266886732,2025
267134970,267136939,2025
161384,267274043,2024
44563,267274929,2024
162292301,267275997,2024
42838,267277845,2024
41798,267283710,2024
161635,267298077,2024
116856245,267959643,2018
22680214,268091408,2025
278016856,268401245,2025
5668,268788998,2021
39324,268790096,2020
22697702,269382422,2025
254257301,269630571,2024
133627,269635056,2024
133663,269645634,2022
133135,269646882,2022
133435,269720727,2024
22728621,270025993,2025
22693383,270814378,2025
271051712,271051716,2025
22692151,271223574,2025
13654,272355581,2025
15106,272356023,2025
164432,274201706,2011
180326,274961922,2025
63572,274966962,2025
22693767,275471448,2025
22693774,276826293,2025
103670928,276927608,2025
22680306,276941603,2025
22692687,277160047,2025
232574182,277323052,2025
61399,277727182,2025
278195117,278195129,2025
278195236,278195251,2025
278195259,278195387,2025
278195426,278195459,2025
278195536,278195594,2025
278195602,278195676,2025
278197624,278197716,2025
278197724,278198087,2025
22692476,278258462,2025
278439928,278440195,2025
110847130,279075986,2025
60199,279077133,2025
60200,279078290,2025
8010,279175908,2025
6204,279892432,2025
219555879,280384359,2025
41671,280391816,2025
22727481,280894502,2025
22727487,280894711,2025
22697211,280905252,2025
22694148,280916881,2025
22693793,280924976,2025
22694782,280933820,2025
22697017,280943528,2025
22692907,280945700,2025
22683227,280948270,2025
22683744,280948777,2025
22697043,280949218,2025
22683645,280954102,2025
103709500,280960732,2025
22692535,280965869,2025
22725846,280970968,2025
22695021,280976348,2025
22683442,280986198,2025
22680395,280990245,2025
22694127,280994521,2025
22693647,280997918,2025
22693759,281003741,2025
22697004,281012837,2025
104006414,281013668,2025
22686806,281015715,2025
22696938,281021507,2025
22692880,281025974,2025
22695091,281027154,2025
22692521,281028305,2025
62169677,281035771,2025
22693468,281468100,2025
22693211,281472318,2025
22693264,281834262,2025
22679872,281837234,2025
22693770,281838575,2025
22679839,281844289,2025
22696944,281845065,2025
22696974,281845566,2025
22696931,281846090,2025
62120190,281847787,2025
62120280,281849066,2025
22693644,281849747,2025
22727969,281850195,2025
22697314,281851669,2025
22693133,281852490,2025
22680157,281853446,2025
22680465,281854675,2025
22696734,281855387,2025
22697648,281855989,2025
22697611,281856383,2025
22697555,281857155,2025
22697422,281858334,2025
22692792,281860045,2025
22694256,281864060,2025
22696545,281865439,2025
22693220,281868802,2025
22693251,281870102,2025
22693735,282528168,2025
22693195,282644679,2025
1793,283511258,2021
4615,285108125,2025
134817215,286179278,2025
