sciname,aphia_id
Lampetra fluviatilis,101172
Thaleichthys pacificus,282959
Eleutheronema tetradactylum,280639
Dichistius capensis,221426
Helicolenus dactylopterus,127251
Haliotis diversicolor,445319
Lamna nasus,105841
Hypomesus pretiosus,279422
Centropristis striata,159348
Mullus surmuletus,126986
Paralichthys olivaceus,275816
Pteria penguin,208448
Priacanthus tayenus,273768
Aythya fuligula,159164
Notarius bonillai,1014484
Pemmatoporella marginata,174358
Oceanites oceanicus,137190
Acanthicus hystrix,1022676
Ageneiosus dentatus,NA
Amblyrhynchote honckenii,1805560
Abantennarius analis,315963
Argyrocottus zanderi,279689
Atopochilus chabanaudi,1014984
Luciobarbus sclateri,1020754
Belonepterygion fasciolatum,279890
Fenestraja atripinna,275414
Callichthys callichthys,1023061
Catostomus tahoensis,1020100
Alburnus chalcoides,307757
Chlamydogobius gloveri,1010862
Clinitrachus argentatus,126844
Coryphaenoides cinereus,272326
Cyclocheilichthys apogon,1015573
Danio dangila,1026565
Dionda diaboli,1013950
Tigrigobius janssi,1012362
Epinephelus polyphekadion,218197
Atherinella eriarcha,279800
Gasteropelecus levis,1526040
Gogolia filewoodi,280911
Gymnura zonura,NA
Hemiemblemaria simula,402646
Brevitrygon walga,1042826
Hypopterus macropterus,281123
Johnius amblycephalus,218638
Lachnolaimus maximus,158822
Lepidotrigla carolae,274888
Liparis coheni,159525
Lycodapus derjugini,279386
Melanostomias biseriatus,127360
Monacanthus chinensis,276256
Myxocyprinus asiaticus,1389902
Neocyttus helgae,127423
Notropis bairdi,1015952
Opisthonema bulleri,275503
Pachyurus adspersus,1020053
Paralonchurus elegans,NA
Insentiraja laxipella,712393
Chrosomus eos,567541
Plectropomus punctatus,218268
Potamotrygon constellata,881721
Pseudobalistes flavimarginatus,219884
Pterophyllum altum,1018251
Raja miraletus,105886
Acroteriobatus ocellatus,1016275
Salarias fasciatus,219340
Scomberoides tol,218433
Serranus atrobranchus,273891
Sparisoma chrysopterum,273774
Sternopygus astrabes,1010948
Synodontis schall,581717
Thynnichthys sandkhol,1022519
Trachycorystes trachycorystes,1026294
Apteronotus magdalenensis,1525066
Vomeridens infuscipinnis,234750
Nototheniops nybelini,234594
Stenocionops ovatus,442136
Panulirus echinatus,107705
Eualus leptognathus,515229
Dichelopandalus bonnieri,107643
Rimapenaeus constrictus,158340
Solenocera algoensis,210416
Benthoecetes tanneri,1391797
Bathyteuthis abyssicola,138848
Pholidoteuthis adami,342247
Larkinia multicostata,504444
Pinctada sugillata,596390
Donax rugosus,224557
Chlamys rubida,254460
Ensis siliqua,140735
Cyclina sinensis,367957
Naticarius hebraeus,720569
Cellana rota,707486
Bursa bufonia,216967
Rapana rapiformis,140415
Chiton articulatus,386770
Zalophus californianus,255003
Holothuria fuscopunctata,NA
Mastocarpus pacificus,372248
Lithodes aequispinus,550622
Leucocarbo atriceps,1603882
Lethrinus obsoletus,212085
Cottoperca gobio,280409
Clupeichthys goniognathus,1021475
Munida rugosa,107160
Gonostoma atlanticum,127293
Echelus pachyrhynchus,271935
Prognathodes marcellae,126838
Cirripectes filamentosus,219257
Megaleporinus elongatus,1418661
Parapercis alboguttata,219153
Chromis viridis,212811
Goniosupradens hawaiensis,1462330
Parachela siamensis,1020729
Muraena augusti,299565
Oryzias latipes,281941
Marthasterias glacialis,123803
Pseudoplatystoma punctifer,1419317
Stercorarius pomarinus,137173
Nyctiphanes couchii,254316
Cuspidaria cuspidata,139442
Ulva clathrata,156078
Cheilopogon arcticeps,272151
Praunus flexuosus,120177
Rhodoglossum pulchrum,648617
Cyphocharax saladensis,1015646
Trionyx triunguis,397354
Hexanchus griseus,105833
Coregonus oxyrinchus,154238
Galeoides decadactylus,126997
Drepane punctata,220046
Chelidonichthys lucerna,127262
Turbo cornutus,413379
Carcharodon carcharias,105838
Glossanodon semifasciatus,272908
Diplectrum formosum,159350
Mullus barbatus,126985
Paralichthys dentatus,158826
Ostrea chilensis,397160
Spicara smaris,126830
Aythya marila,159172
Stephanocyathus platypus,NA
Lageneschara lyrulata,472488
Catharacta skua,NA
Acanthobrama lissneri,1013097
Ageneiosus marmoratus,1013553
Ameca splendens,1013148
Abantennarius nummifer,1605260
Argyropelecus aculeatus,127306
Atopocottus tribranchius,279819
Enteromius trimaculatus,1416216
Belonesox belizanus,279891
Neoraja caerulea,105879
Callionymus lyra,126792
Caulolatilus affinis,367211
Chalceus erythrurus,1014767
Chlamydoselachus anguineus,105831
Clinocottus acuticeps,280218
Coryphaenoides delsolari,272327
Cyclocheilos enoplos,1717283
Devario devario,1026569
Dionda episcopa,1021387
Elachocharax geryi,1383689
Hyporthodus quernus,475080
Eustomias braueri,127341
Gasterosteus aculeatus,126505
Gollum attenuatus,280912
Gyrinocheilus aymonieri,1026903
Hemigaleus microstoma,281024
Hime japonica,318485
Hypoptopoma guianense,1383652
Johnius belangerii,276099
Laciris pelagica,1015749
Lepidotrigla cavillone,127264
Liparis fabricii,127218
Lycodes adolfi,127102
Melanostomias melanopogon,127362
Pseudorinelepis genibarbis,1020240
Myxodagnus belone,281622
Neoditrema ransonnetii,281688
Notropis boops,1019858
Opisthonema medirastre,275505
Pachypops fourcroi,1026862
Paralticus amboinensis,282069
Pavoraja nitida,282181
Chrosomus erythrogaster,1020289
Plectrypops lima,217937
Potamotrygon histrix,1495472
Pseudobarbus asper,1017779
Pteropsaron evolans,277643
Dipturus nasutus,271555
Pseudobatos productus,1043469
Salminus brasiliensis,1016624
Scombrolabrax heterolepis,127030
Serranus psittacinus,273904
Sparodon durbanensis,218627
Sternopygus macrurus,1021709
Synodontis zambezensis,1021696
Thynnichthys thynnoides,1015067
Trachydoras steindachneri,1016374
Ucla xenogrammus,283080
Wallago attu,283161
Pseudotrematomus pennellii,NA
Ucides occidentalis,445001
Panulirus ornatus,107706
Eualus macilentus,158359
Procletes levicarina,515527
Daphnia occidentalis,NA
Sicyonia affinis,377621
Glyphocrangon alata,515684
Brachioteuthis picta,341795
Pholidoteuthis massyae,410388
Tegillarca nodifera,504472
Pteria sterna,464505
Hecuba scortum,1602278
Mimachlamys sanguinea,393737
Pharella acutidens,413602
Paphia semirugata,507801
Naticarius stercusmuscarum,720574
Cellana testudinaria,325464
Tutufa bubo,216998
Tylothais aculeata,1048566
Chiton stokesii,386784
Actinia cari,100801
Pearsonothuria graeffei,210772
Chondrus elatus,371697
Erimacrus isenbeckii,440405
Acanthopagrus bifasciatus,218589
Lethrinus ornatus,278636
Melamphaes microps,127268
Tenualosa macrura,278569
Pachygrapsus marmoratus,107455
Cyclothone obscura,127287
Dalophis boulengeri,271931
Chaetodon speculum,218740
Hypleurochilus langi,276315
Hemibagrus wyckioides,1014275
Parapercis clathrata,276987
Pycnochromis dimidiatus,1551089
Charybdis hellerii,NA
Schizothorax molesworthi,1017390
Ophichthus frontalis,271952
Pagurus bernhardus,107232
Crossaster papposus,124154
Platystomatichthys sturio,1021343
Velella velella,117832
Atlantopandalus propinqvus,158351
Nucula nucleus,140590
Tetraselmis suecica,163447
Aulostomus chinensis,217964
Trachysalambria malaiana,377688
Saccharina angustata,377078
Copella nattereri,1017556
Notorynchus cepedianus,217628
Coregonus artedi,158725
Pentanemus quinquarius,282202
Pentaceros richardsoni,313240
Lepidotrigla dieuzeidei,127265
Turbo sarmaticus,413374
Rhincodon typus,105847
Coregonus albula,127178
Acanthistius brasilianus,278720
Pseudupeneus prayensis,126987
Hippoglossus hippoglossus,127138
Ostrea edulis,140658
Rochia nilotica,1251282
Branta bernicla,159175
Pyrosoma atlanticum,137250
Isosecuriflustra angusta,471921
Daption capense,212640
Mirogrex terraesanctae,1014158
Ageneiosus polystictus,1017152
Ameiurus brunneus,1020249
Antennatus flagellatus,279162
Argyrosomus amoyensis,273781
Atractosteus tristoechus,405353
Labeobarbus tropidolepis,1014241
Belonoglanis brieni,1012369
Breviraja colesi,275411
Callochromis macrops,1015838
Caulolatilus microps,159404
Chalinochromis brichardi,1011560
Chlidichthys bibulus,218312
Clinoporus biporosus,219193
Coryphaenoides guentheri,158958
Cyclopharynx fwae,1014298
Danio rerio,1026595
Diplacanthopoma japonicum,400667
Leiuranus versicolor,310967
Epinephelus quoyanus,218252
Eustomias furcifer,127343
Gasterosteus crenobiontus,1013999
Gomphosus varius,218975
Gyrinomimus andriashevi,234811
Hemiglyphidodon plagiometopon,212961
Hintonia candens,234733
Hypopygus lepturus,1013661
Johnius coitor,276104
Lactophrys trigonus,158931
Lepidotrigla microptera,274905
Liparis gibbus,159526
Lycodes reticulatus,127112
Melanostomias tentaculatus,127364
Monocentris japonica,221357
Myxodes cristatus,281627
Neoepinnula americana,159712
Notropis dorsalis,1017717
Monacoa grimaldii,319394
Pachypops trifilis,281965
Paraluteres prionurus,220065
Brochiraja spinifera,279997
Chrosomus neogaeus,1020838
Plesienchelys stehmanni,282286
Potamotrygon magdalenae,881606
Pseudoblennius zonostigma,282412
Pterotolithus lateoides,282506
Dipturus nidarosiensis,105871
Rhinobatos punctifer,213641
Salmo carpio,1016172
Scombrops boops,220088
Serranus hepatus,127042
Spathodus erythrodon,1018956
Stethojulis albovittata,219058
Synodus evermanni,272124
Thyrsitoides marleyi,219698
Trachyglanis ineac,1014081
Uegitglanis zammaranoi,1016613
Wattsia mossambica,218586
Eusphyra blochii,280757
Arenaeus mexicanus,442764
Panulirus penicillatus,210358
Eualus sinensis,515236
Heterocarpus dorsalis,210445
Daphnia nivalis,NA
Sicyonia aliaffinis,377622
Glyphocrangon spinulosa,515719
Octopus selene,342026
Alloteuthis africana,225555
Anadara reinharti,504328
Semele radiata,216510
Donax semistriatus,139601
Fragum fragum,207666
Pharella javanica,413603
Periglypta exclathrata,1391128
Neverita josephinia,140549
Astralium calcar,413386
Tutufa rubeta,216999
Mancinella alouina,714168
Acanthopleura granulata,386270
Actinia equina,100803
Stichopus horrens,210914
Chondrus ocellatus,371694
Austromegabalanus psittacus,535006
Dajaus monticola,1042835
Lethrinus xanthochilus,212079
Pagetopsis maculata,234796
Cyclocheilichthys armatus,1418417
Paralomis longipes,550585
Manducus maderensis,281518
Dalophis cephalopeltis,271932
Chaetodon trifascialis,218719
Microlipophrys velifer,1014185
Hemibagrus guttatus,1021012
Parapercis hexophtalma,219159
Cheilinus chlorourus,218941
Charybdis miles,NA
Schizothorax progastus,1026849
Echiophis brunneus,275475
Pisidia longicornis,107188
Luidia ciliaris,123920
Exallodontus aguanai,1011238
Rhynchobatus cooki,1022441
Deosergestes henseni,514121
Nucula nitidosa,140589
Tetraselmis chui,345528
Apricaphanius baeticus,1605353
Caridina cantonensis,586158
Sargassum horneri,494853
Nannostomus marginatus,1017913
Cetorhinus maximus,105837
Stenodus leucichthys,127189
Channa argus,594763
Oreochromis mossambicus,218777
Eutrigla gurnardus,150637
Buccinum undatum,138878
Galeus melastomus,105812
Coregonus lavaretus,127180
Siniperca chuatsi,1021545
Kyphosus cinerascens,218708
Pleuronectes platessa,127143
Striostrea denticulata,506738
Turbo marmoratus,216369
Branta canadensis,159176
Cnemidocarpa bicornuta,250333
Carbasea ovoidea,173750
Calonectris diomedea,137194
Acanthobunocephalus nicoi,1010242
Tympanopleura rondoni,1525896
Ameiurus platycephalus,1021283
Anthias anthias,127031
Argyrosomus japonicus,218633
Atrophacanthus japonicus,219866
Enteromius unitaeniatus,1423448
Belonoperca chabanaudi,218173
Fenestraja cubensis,275415
Callogobius amikami,278873
Caulolatilus princeps,276217
Chalixodytes tauensis,278671
Chlopsis dentatus,221382
Clinostomus elongatus,1020946
Coryphaenoides longifilis,272336
Cyclopsetta panamensis,275702
Danionella translucida,1011849
Diplecogaster bimaculata,126513
Elassoma boehlkei,1011681
Epinephelus rivulatus,218216
Eustomias longibarba,127344
Gasterosteus wheatlandi,159437
Gonialosa manmina,280913
Hadropareia middendorffii,280970
Hemigobius melanurus,NA
Hiodon tergisus,590492
Hyporhamphus affinis,213170
Johnius dussumieri,367241
Lactophrys triqueter,158932
Lepidotrigla vanessa,274921
Liparis liparis,127219
Lycodichthys antarcticus,234759
Melanostomias valdiviae,127365
Monochirus hispidus,127155
Myxus elongatus,276971
Neoepinnula orientalis,159713
Notropis girardi,1015954
Opisthoproctus soleatus,126733
Pachystomias microdon,127367
Parambassis altipinnis,1012228
Pectenocypris balaena,1011541
Phoxinus phoxinus,154326
Plesiobatis daviesi,220089
Potamotrygon motoro,882142
Pseudocaranx chilensis,273281
Pterotolithus maculatus,282507
Dipturus olseni,271556
Rhinobatos rhinobatos,105898
Salmo ferox,1021730
Scopelarchoides danae,158755
Serranus scriba,127043
Spatuloricaria phelpsi,1014499
Stichaeopsis epallax,282887
Synodus lucioceps,272132
Thysanactis dentex,282973
Trachypoma macracanthus,283033
Aspidophoroides olrikii,309268
Mugilogobius amadi,1017457
Pseudotrematomus loennbergii,NA
Callinectes arcuatus,442766
Projasus bahamondei,382904
Exhippolysmata oplophoroides,421776
Heterocarpus ensifer,107644
Daphnia lumholtzi,NA
Metapenaeopsis beebei,377479
Glyphocrangon sicaria,515716
Octopus tehuelchus,342032
Alloteuthis subulata,153131
Anadara tuberculosa,504313
Sinonovacula constricta,413600
Donax striatus,494732
Lunulicardia hemicardium,381513
Siliqua alta,413689
Periglypta reticulata,714811
Euspira catena,140528
Turbo bruneus,413428
Chicoreus brunneus,208143
Mancinella armigera,396999
Tonicia schrammi,386334
Anemonia sulcata,NA
Thelenota anax,210915
Chondrus pinnulatus,371693
Girella tricuspidata,280870
Archosargus rhomboidalis,159239
Eumegistus illustris,280749
Paraliparis devriesi,234658
Epalzeorhynchos kalopterus,NA
Percnon gibbesi,107458
Argyropelecus affinis,127307
Dalophis multidentatus,271933
Chaetodon collare,273330
Parablennius dialloi,273128
Channa asiatica,1018804
Parapercis nebulosa,219154
Chaetodon auriga,218730
Polycheles typhlops,107696
Schizothorax plagiostomus,1022183
Mastacembelus armatus,281527
Poecilia sphenops,275351
Luidia sarsii,123922
Pimelodina flavipinnis,1019756
Rhynchobatus immaculatus,835233
Robustosergia robusta,1056517
Opisthoteuthis calypso,NA
Laminaria ochroleuca,145728
Hoplobrotula armata,277593
Macrobrachium assamense,587105
Sargassum obtusifolium,495309
Thoracocharax stellatus,1419701
Carcharias taurus,105843
Maurolicus muelleri,127312
Channa micropeltes,743381
Oreochromis aureus,279196
Chelidonichthys cuculus,127259
Aliger gigas,1429769
Scyliorhinus stellaris,105815
Coregonus clupeaformis,158726
Paralabrax humeralis,282056
Drepane africana,277898
Parophrys vetulus,254393
Magallana gigas,836033
Xanthichthys caeruleolineatus,219898
Branta leucopsis,159177
Astrothorax waitei,214611
Galeopsis bullatus,173411
Catharacta maccormicki,NA
Acanthocepola abbreviata,278762
Ageneiosus ucayalensis,1017606
Ameiurus serracanthus,1013317
Antigonia capros,127418
Argyrosomus thorpei,218629
Atropus atropos,279823
Opsarius bakeri,1605364
Belonophago hutsebouti,1015937
Breviraja spinosa,158547
Calloplesiops altivelis,218340
Caulophryne jordani,126534
Champsocephalus esox,234719
Chlorophthalmus acutifrons,272050
Clinus acuminatus,219199
Coryphaenoides macrolophus,272337
Cyclopsetta querna,275703
Dannevigia tusca,280485
Diplectrum macropoma,276181
Elates ransonnettii,398454
Hyporthodus septemfasciatus,475102
Eustomias obscurus,127347
Gastrocyathus gracilis,280817
Gonialosa modesta,1020658
Hadropogonichthys lindbergi,280972
Garra kemali,1525643
Hippichthys cyanospilos,218017
Hyporhamphus gilli,272181
Johnius trachycephalus,276124
Lactoria cornuta,219904
Lepidozygus tapeinosoma,212793
Liparis montagui,127220
Lycodonus flagellicauda,127119
Melanotaenia affinis,1526121
Monocirrhus polyacanthus,1016832
Naevochromis chrysogaster,1015431
Neoeucirrhichthys maydelli,1011807
Notropis heterodon,1420801
Opisthopterus tardoore,281923
Pachyurus bonariensis,1013991
Misgurnus dabryanus,NA
Pegasus volitans,218163
Phoxocampus belcheri,218031
Pleurogrammus monopterygius,282289
Potamotrygon scobina,1017360
Pseudocaranx wrighti,273282
Pterycombus brama,126785
Okamejei pita,NA
Acroteriobatus salalah,1043598
Salmo fibreni,1011410
Scopelarchus analis,126367
Serranus subligarius,159236
Spectrolebias semiocellatus,1384099
Stichaeopsis nana,282888
Synodus saurus,126372
Thysanichthys crossotus,282974
Trachyrhamphus bicoarctatus,218045
Atropus aurochs,1803661
Wertheimeria maculata,1020177
Schedophilus velaini,219742
Callinectes bellicosus,442767
Projasus parkeri,246440
Exhippolysmata ensirostris,220260
Heterocarpus gibbosus,210449
Daphnia similis,NA
Metapenaeopsis kishinouyei,377497
Glyphocrangon vicaria,515722
Octopus tetricus,342036
Alloteuthis media,153134
Lamarcka avellana,1548265
Tagelus dombeii,507364
Donax trunculus,139602
Fragum unedo,381510
Siliqua radiata,413615
Pitar citrinus,507842
Euspira fusca,140529
Lunella cinerea,413413
Chicoreus ramosus,558787
Purpura bufo,208642
Boreochiton ruber,386411
Condylactis aurantiaca,100822
Ciona intestinalis,103732
Hypnea charoides,220806
Pterygotrigla picta,277049
Caranx bartholomaei,302312
Cephalopholis aurantia,218177
Pogonophryne macropogon,234756
Henicorhynchus siamensis,1014537
Plagusia depressa,107459
Argyropelecus gigas,127308
Myrichthys pardalis,275488
Chaetodon gardineri,273340
Parablennius goreensis,273129
Brycon insignis,1020168
Parapercis robinsoni,219156
Chaetodon lunula,218733
Emerita austroafricana,210318
Salmo letnica,1016491
Mastacembelus favus,1016504
Semibalanus balanoides,106210
Ciona edwardsi,103728
Pterygoplichthys multiradiatus,1022731
Rhynchobatus laevis,278218
Oplophorus spinosus,107602
Securiflustra securifrons,111374
Ecklonia radiata,214344
Lepophidium microlepis,275622
Cambarellus (Cambarellus) patzcuarensis,885124
Zonaria tournefortii,145397
Acestrorhynchus pantaneiro,1008679
Alopias vulpinus,105836
Heterotis niloticus,581703
Monopterus albus,281590
Oreochromis spilurus,293645
Pleurogrammus azonus,282288
Anadara broughtonii,504357
Carcharhinus plumbeus,105797
Esox lucius,154210
Bidyanus bidyanus,1019959
Oreochromis niloticus,293639
Atheresthes stomias,279792
Crassostrea rhizophorae,420777
Benthosema pterotum,217680
Bucephala clangula,159197
Bathypectinura heros,124814
Caberea darwinii,173077
Sterna vittata,225766
Acanthochaenus luetkenii,127280
Ageneiosus militaris,1013570
Amia calva,157877
Antigonia malayana,275292
Arhynchobatis asperrimus,279690
Atrosalarias fuscus,293549
Barilius barila,1026471
Belontia hasselti,1022646
Brevoortia smithi,158690
Callorhinchus callorynchus,278468
Cebidichthys violaceus,280053
Champsochromis caeruleus,1015841
Chloroscombrus orqueta,276245
Clupeichthys aesarnensis,1012164
Coryphaenoides marginatus,272338
Eumicrotremus lindbergi,1803735
Daruma sagamia,280486
Diplectrum maximum,276182
Elattarchus archidium,280633
Epinephelus sexfasciatus,273867
Eustomias tetranema,127350
Gastrocymba quadriradiata,280818
Gonichthys barnesi,217698
Haemomaster venezuelae,1016131
Nannocharax angolensis,1013393
Hippocampus fuscus,NA
Hyporhamphus ihi,272182
Johnrandallia nigrirostris,281202
Ladigesia roloffi,1012567
Pachyurus francisci,1418099
Liparis tunicatus,154825
Lycogrammoides schmidti,281448
Melapedalion breve,281548
Monodactylus argenteus,218695
Nagaichthys filipes,1383999
Neogastromyzon nieuwenhuisii,1018497
Notropis heterolepis,1017934
Opistognathus aurifrons,276442
Padogobius bonelli,1021172
Paramonacanthus frenatus,278922
Pelagocephalus marki,219958
Phractocephalus hemioliopterus,1026980
Liopsetta glacialis,275844
Potamotrygon yepezi,1007750
Pseudocarcharias kamoharai,217632
Pterygoplichthys ambrosettii,1018710
Dentiraja polyommata,1017854
Rhinobatos schlegelii,213640
Salmo ischchan,1019744
Scopelengys tristis,126636
Serrasalmus brandtii,1020356
Spectrunculus grandis,126678
Dinogunellus grigorjewi,NA
Synodus variegatus,217670
Sunagocia arenicola,712556
Trachyrincus helolepis,272445
Atropus mentalis,1803659
Wetmorella albofasciata,219069
Psenes cyanophrys,159427
Euphylax dovii,442743
Puerulus sewelli,220234
Exhippolysmata hastatoides,240875
Heterocarpus laevigatus,107646
Daphnia cephalata,NA
Metapenaeopsis mineri,377509
Panulirus femoristriga,382894
Octopus variabilis,NA
Loligo vulgaris,140271
Lamarcka imbricata,1548267
Tagelus plebeius,157001
Donax vittatus,139604
Corculum cardissa,216387
Solen cylindraceus,413346
Pitar pellucidus,507843
Euspira guilleminii,140531
Lunella coronata,216363
Chicoreus torrefactus,208137
Menathais tuberosa,714205
Callistochiton portobelensis,386137
Calliactis parasitica,100946
Microcosmus polymorphus,103842
Hypnea chordacea,220810
Chelidonichthys obscurus,127263
Eleutheronema rhadinum,280638
Cephalopholis igarashiensis,279149
Chromobotia macracanthus,1021712
Labiobarbus fasciatus,1018594
Pollicipes elegans,535328
Argyropelecus hemigymnus,127309
Callechelys guineensis,275468
Chaetodon melapterus,218751
Parablennius incognitus,126771
Hoplias lacerdae,1018027
Parascolopsis baranesi,277748
Cephalopholis leopardus,218185
Hippa ovalis,241284
Salmo ohridanus,1019537
Epinephelus quinquefasciatus,304761
Taurulus bubalis,127204
Ciona fascicularis,103729
Pterygoplichthys undecimalis,1423148
Rhynchobatus palpebratus,398283
Crangon allmanni,107551
Flustra foliacea,111367
Fucus distichus,145544
Otophidium indefatigabile,275633
Ovalipes catharus,442757
Actinopyga cf. flammea,NA
Roeboides myersii,1017175
Alopias pelagicus,220019
Lampanyctodes hectoris,217704
Centropomus undecimalis,280068
Oreochromis macrochir,298252
Platycephalus indicus,127234
Pinctada margaritifera,207899
Carcharhinus limbatus,105793
Esox reichertii,298218
Morone chrysops x M. saxatilis,NA
Oreochromis andersonii,279194
Atheresthes evermanni,279791
Pecten maximus,140712
Platycephalus richardsoni,274663
Clangula hyemalis,137071
Pseudechinus flemingi,414218
Malakosaria sinclairii,471909
Ardenna carneipes,NA
Acanthochromis polyacanthus,279469
Ageneiosus valenciennesi,NA
Ammocrypta clara,1019836
Antipodocottus elegans,279634
Ariomma bondi,159592
Atule mate,218384
Opsarius barna,1026473
Bembradium roseum,279893
Brienomyrus brachyistius,279990
Callorhinchus milii,278469
Centracanthus cirrus,126827
Champsodon snyderi,278647
Chlorurus gibbus,219088
Clupeocharax schoutedeni,1016246
Coryphaenoides mexicanus,272340
Cyclothone acclinidens,127282
Dascyllus albisella,278448
Diplectrum pacificum,276183
Electrona antarctica,217697
Epinephelus stictus,273869
Eutaeniichthys gilli,280758
Gastromyzon borneensis,1020372
Gonioplectrus hispanus,280924
Haemulon album,275721
Aphyocypris lini,1013439
Hippocampus hippocampus,127380
Hyporhamphus roberti,293617
Johnsonina eriomma,281203
Ladigesocypris ghigii,NA
Pachyurus schomburgkii,281966
Lipariscus nanus,281365
Lyconema barbatum,281449
Melichthys indicus,219882
Monognathus ahlstromi,274325
Nalbantichthys elongatus,281630
Neoglyphidodon bonang,278810
Notropis hudsonius,567537
Oplegnathus fasciatus,277892
Pagetopsis macropterus,234707
Paramormyrops jacksoni,1013390
Pelates quadrilineatus,127077
Phractolaemus ansorgii,1016389
Paralichthys orbignyanus,275817
Praealticus natalis,282335
Owstonia taeniosoma,1486850
Ptilichthys goodei,282508
Raja polystigma,105888
Glaucostegus thouin,712954
Salmo marmoratus,1019650
Scopeloberyx microlepis,274941
Serrasalmus elongatus,1014175
Speleogobius trigloides,126936
Stigmatochromis modestus,1019407
Puntius brevis,1012605
Thysochromis ansorgii,1014959
Trachyrincus scabrus,126482
Ulvaria subbifurcata,159821
Wheelerigobius maltzani,283162
Microchirus azevia,274299
Euphylax robustus,442744
Puerulus angulatus,241308
Heptacarpus brevirostris,515244
Heterocarpus sibogae,210444
Daphnia carinata,NA
Parapenaeopsis balli,377549
Nupalirus chani,382883
Octopus zonatus,342049
Uroteuthis (Photololigo) duvaucelii,NA
Arca noae,138788
Spondylus americanus,420772
Galatea paradoxa,494749
Maoricardium pseudolatum,382149
Solen gordonis,413500
Sunetta menstrualis,507899
Notocochlis dillwynii,720578
Turbo crassus,534211
Indothais lacera,714477
Vexilla vexillum,215762
Stenoplax boogii,848093
Rhopilema esculentum,287187
Styela plicata,103936
Hypnea cornuta,145630
Paralomis anamerae,394056
Filimanus hexanema,280781
Cephalopholis spiloparaea,218180
Mastacembelus erythrotaenia,1021164
Labiobarbus ocellatus,1021717
Pollicipes polymerus,535329
Argyropelecus sladeni,158837
Callechelys leucoptera,275469
Chaetodon nigropunctatus,273350
Parablennius parvicornis,126772
Pterygoplichthys pardalis,1021550
Parascolopsis eriomma,214690
Calotomus spinidens,219075
Acanthephyra eximia,564909
Parachanna obscura,743374
Alphestes immaculatus,279568
Vertebrata lanosa,475211
Ciona gelatinosa,103730
Spatuloricaria gymnogaster,1017590
Rhynchobatus springeri,712388
Pontophilus norvegicus,107563
Alcyonidium diaphanum,111597
Halidrys siliquosa,145540
Poromitra atlantica,474943
Trapezia rufopunctata,210187
Actinopyga varians,529344
Oligosarcus jenynsii,1344527
Isurus oxyrinchus,105839
Gymnoscopelus nicholsi,234821
Lates niloticus,218165
Oreochromis urolepis,293646
Normanichthys crockeri,281762
Pinctada fucata,397170
Carcharhinus acronotus,158508
Arapaima gigas,1042347
Morone americana,151177
Parachromis managuensis,1020811
Glyptocephalus cynoglossus,127136
Pecten jacobaeus,394429
Ammodytes tobianus,126752
Cygnus cygnus,159089
Spatangus multispinus,414253
Arachnopusia inchoata,172913
Pygoscelis papua,225777
Acanthocleithron chapini,1383179
Ageneiosus vittatus,1018032
Ammocrypta pellucida,1049455
Anyperodon leucogrammicus,212549
Ariopsis assimilis,308392
Atypichthys latus,279826
Opsarius bendelisis,1534288
Bembras japonica,279895
Corydoras britskii,1012187
Calophysus macropterus,1022689
Centrarchops atlanticus,1495530
Chanda nama,277036
Chlorurus sordidus,219082
Clupeoides borneensis,280224
Coryphaenoides murrayi,272343
Cyclothone alba,127283
Dascyllus aruanus,212843
Diplectrum radiale,276184
Electrona risso,126600
Epinephelus stoliczkae,218225
Eutaeniophorus festivus,126409
Gastropsetta frontalis,158820
Gonorynchus gonorynchus,221403
Haemulon aurolineatum,158807
Hemigrammopetersius barnardi,1525332
Hippocampus guttulatus,154776
Hyporhamphus snyderi,272198
Jordanella floridae,281204
Ladislavia taczanowskii,1020663
Lepisosteus osseus,157872
Lipocheilus carnolabrum,218471
Lyconodes argenteus,217743
Melichthys niger,219881
Monolene antillarum,159209
Nandus nandus,281633
Neogobius bathybius,NA
Notropis longirostris,1060178
Oplopomops diacanthus,278262
Pagothenia borchgrevinki,234801
Paramphilius firestonei,1014664
Mentodus facilis,158724
Phractura ansorgii,1018784
Myzopsetta proboscidea,319505
Amphiprion biaculeatus,1605249
Cetopsis gobioides,1016277
Ptychidio jordani,1015865
Orbiraja powelli,1042877
Glaucostegus typus,280875
Salmostoma bacaila,282655
Scopelogadus beanii,127278
Serrasalmus rhombeus,1013571
Speoplatyrhinus poulsoni,1012894
Stigmatogobius borneensis,278614
Taaningichthys bathyphilus,126631
Tiaroga cobitis,NA
Trachyscorpia eschmeyeri,274872
Ulvicola sanctaerosae,322270
Winteria telescopa,283164
Epixanthus dentatus,209156
Achelous asper,557879
Puerulus carinatus,220233
Heptacarpus futilirostris,515250
Heterocarpus tricarinatus,210443
Daphnia pusilla,1303025
Aristeus antillensis,158327
Nupalirus vericeli,382885
Octopus salutii,140604
Uroteuthis (Photololigo) edulis,NA
Arca pacifica,504372
Spondylus gaederopus,141549
Iphigenia brasiliensis,420905
Vasticardium angulatum,381317
Solen kempi,413503
Sunetta concinna,507902
Cochlis vittata,886581
Nerita albicilla,216254
Hexaplex cichoreum,405870
Conus suratensis,428375
Hanleya hanleyi,140082
Rhopilema nomadica,232032
Clypeaster rotundus,513196
Hypnea japonica,372239
Sparidentex hasta,218626
Filimanus perplexa,280782
Cephalopholis urodeta,218181
Chitala lopis,1021765
Sepia bandensis,NA
Polybius henslowii,107399
Polyipnus polli,127313
Brachysomophis atlanticus,279124
Chaetodon vagabundus,218754
Parablennius tentacularis,126777
Siniperca knerii,282798
Parascolopsis townsendi,214691
Calotomus carolinus,219076
Glyphocrangon dentata,210460
Neolithodes capensis,246171
Cephalopholis nigripinnis,313075
Xantho pilipes,107441
Ciona imperfecta,103731
Hypostomus hondae,1525966
Rhynchorhina mauritaniensis,1043636
Philocheras trispinosus,107562
Alcyonidium parasiticum,111604
Bifurcaria bifurcata,145503
Doboatherina duodecimalis,1526239
Buccinum bayani,490786
Bohadschia koellikeri,210764
Diplomystes camposensis,1011675
Lamna ditropis,271421
Ichthyoelephas humeralis,1021255
Epinephelus akaara,273833
Sarotherodon galilaeus,293731
Cyclopterus lumpus,127214
Ostrea lurida,542155
Carcharhinus longimanus,105794
Electrona carlsbergi,234638
Dicentrarchus punctatus,126976
Cichla ocellaris,280183
Hippoglossoides platessoides,127137
Pecten fumatus,393904
Venus crebrisulca,446832
Cygnus olor,159090
Spatangus mathesoni,414252
Neanthes kerguelensis,130390
Pygoscelis antarcticus,225783
Acanthoclinus fuscus,279470
Bunocephalus verrucosus,1019715
Ammocryptocharax elegans,1012744
Sperata aor,1022803
Ariosoma anago,217542
Auchenionchus microcirrhis,279829
Raiamas bola,1026475
Bembrops anatirostris,159842
Brosmodorsalis persicinus,279998
Calotomus japonicus,276710
Centrarchus macropterus,1022967
Rama chandramara,NA
Choerodon azurio,277263
Clupeonella engrauliformis,272258
Coryphaenoides nasutus,272345
Cyclothone braueri,127284
Hypanus americanus,1042856
Diplobatis ommata,280551
Electrophorus electricus,1014794
Epinephelus trimaculatus,273872
Pareutropius debauwi,1468631
Gastroscyphus hectoris,280819
Gonostoma denudatum,127295
Haemulon bonariense,275722
Psalidodon anisitsi,1526137
Hippoglossina macrops,275824
Hyporhamphus unifasciatus,159281
Jordania zonope,398459
Laemolyta taeniata,1021355
Atractosteus spatula,279822
Lipogenys gillii,158559
Lyconus brachycolus,221502
Membras analis,275926
Monomitopus agassizii,158765
Gagata itchkeea,1022513
Neoharriotta pinnata,221461
Notropis lutipinnis,1060173
Oplopomus caninoides,277728
Pagothenia phocae,NA
Eptatretus atami,313251
Pellona flavipinnis,277286
Garra andruzzii,1805554
Myzopsetta punctatissima,1605262
Priacanthus arenatus,127005
Pseudocheilinops ataenia,282417
Ptychobarbus conirostris,1012852
Beringraja pulchra,1015739
Pseudobatos horkelii,1043490
Salmo obtusirostris,994325
Scopelopsis multipunctatus,217717
Serrasalmus spilopleura,1021219
Sphaeramia nematoptera,278349
Stigmatopora argus,282892
Arius nenga,NA
Coptodon bakossiorum,1011208
Mentodus mesalirus,272952
Umbra krameri,154237
Woodsia meyerwaardeni,283165
Eriphia sebana,207602
Achelous xantusii,451846
Puerulus velutinus,382905
Heptacarpus geniculatus,515251
Heterocarpus vicarius,515438
Daphnia quadrangulus,NA
Nematocarcinus agassizii,514302
Ibacus pubescens,382924
Octopus hongkongensis,341982
Loliolus japonica,410370
Lamarcka ventricosa,1549091
Spondylus tenuis,506972
Latona deltoides,1610811
Vasticardium orbita,466608
Solen malaccensis,413513
Tapes belcheri,507908
Payraudeautia intricata,140550
Nerita chamaeleon,596064
Murex pecten,404683
Conus betulinus,215517
Chaetopleura apiculata,848051
Astropyga radiata,213370
Encope grandis,513256
Calliblepharis saidana,1312620
Centroberyx gerrardi,276894
Filimanus sealei,280783
Epinephelus coeruleopunctatus,218247
Cephalopholis boenak,218182
Mystacoleucus obtusirostris,1805616
Monomia haani,1361696
Maurolicus weitzmani,158838
Apterichtus gracilis,271925
Roa jayakari,475056
Parablennius verryckeni,273140
Siniperca scherzeri,282799
Parexocoetus mento,126388
Lutjanus notatus,218476
Chelycypraea testudinaria,530893
Lutjanus stellatus,276550
Diplectrum euryplectrum,276179
Lutjanus indicus,835109
Ciona mollis,250290
Hypostomus niceforoi,1014623
Neoraja iberica,398306
Pasiphaea hoplocerca,107674
Alcyonium digitatum,125333
Gongolaria baccata,1659019
Mugil hospes,273653
Pila globosa,842943
Bohadschia ocellata,530032
Eremophilus mutisii,1022920
Ginglymostoma cirratum,105846
Brycon moorei,1020099
Epinephelus striatus,159222
Sarotherodon melanotheron,293732
Psettodes bennettii,276824
Ostrea conchaphila,397161
Carcharhinus obscurus,105796
Harpadon nehereus,217661
Stereolepis gigas,282884
Tilapia sparrmanii,1015839
Limanda aspera,254562
Placopecten magellanicus,156972
Furgaleus macki,280805
Melanitta deglandi,567404
Paramaretia peloria,414249
Fissidentalium aegeum,344188
Pygoscelis adeliae,225757
Paracanthocobitis botia,1805571
Agonomalus jordani,367712
Ammodytoides renniei,219347
Apagesoma delosommatum,279638
Ariosoma balearicum,126283
Auchenipterichthys longimanus,1021026
Opsarius shacra,1605321
Benthalbella elongata,234655
Brotula clarkae,275888
Calumia godeffroyi,219411
Centriscops humerosus,217969
Channa barca,1026847
Choerodon schoenleinii,218951
Clupeonella grimmi,272259
Coryphaenoides serrulatus,272352
Cyclothone livida,127285
Neotrygon annotata,398329
Diplobatis picta,399668
Eleotrica cableae,280635
Epinephelus undulosus,367207
Eutropiichthys vacha,280759
Gavialiceps taeniola,280823
Sigmops elongatus,221512
Haemulon carbonarium,275724
Hemigrammus rodwayi,1014053
Hippoglossina stomata,275827
Hypostomus affinis,1422382
Julidochromis dickfeldi,1012847
Laemonema laureysi,272473
Lepomis gibbosus,151290
Lipogramma flavescens,281368
Lycothrissa crocodilus,281450
Mendosoma lineatum,281549
Monopenchelys acuta,277933
Scomberesox simulans,272202
Neoheterandria cana,1017437
Notropis nubilus,1423125
Opostomias micripnus,281925
Palatogobius paradoxus,281970
Parananochromis caudifasciatus,1017473
Pellonula leonensis,282186
Phreatobius cisternarum,282245
Liopsetta putnami,158882
Priapella bonita,1018619
Pseudocheilinus evanidus,208917
Ptychocheilus grandis,1021495
Dipturus pullopunctatus,217389
Rhinochimaera atlantica,105830
Saloptia powelli,282656
Scopelosaurus hamiltoni,234731
Serrivomer beanii,126319
Sphaerichthys acrostoma,1012495
Stipecampus cristatus,282895
Tactostoma macropus,282922
Tilapia baloni,1383660
Tragulichthys jaculiferus,219975
Umbrina broussonnetii,273794
Xanthichthys auromarginatus,219897
Myomenippe fornasinii,211055
Menippe frontalis,440492
Arctides antipodarum,382907
Heptacarpus pandaloides,515263
Heterocarpus woodmasoni,210447
Daphnia australis,NA
Hymenopenaeus doris,377450
Guyanacaris caespitosa,741396
Octopus minor,342002
Loliolus sumatrensis,342359
Arca zebra,420713
Psammotreta brevifrons,606748
Donax gouldii,494707
Vasticardium subrugosum,1307001
Solen roseomaculatus,216476
Pholas orientalis,507030
Tectonatica sagraiana,367899
Nerita plicata,216260
Babylonia areolata,475109
Conus coronatus,215446
Ceratozona squalida,386149
Diadema setosum,213372
Lanthonia longifissa,880816
Hypnea spicifera,220821
Sillago flindersi,273940
Filimanus similis,280784
Epinephelus fuscoguttatus,218218
Misgurnus fossilis,154352
Parachela oxygastroides,1026711
Argobuccinum pustulosum,225658
Aristostomias polydactylus,158842
Apterichtus monodi,271928
Bathybates minor,1018399
Spaniblennius clandestinus,282834
Pseudoplatystoma reticulatum,1019693
Parioglossus raoi,278758
Lethrinus conchyliatus,212073
Mactrotoma antecedens,505726
Enteroctopus magnificus,535784
Caranx vinctus,273275
Acanthopagrus sheim,835125
Ciona savignyi,250292
Hypostomus oculeus,1014622
Sprattus antipodum,272280
Athanas nitescens,107486
Pentapora foliacea,150672
Elachista fucicola,144937
Cephalopholis aitha,279145
Amphidromus javanicus,1341952
Holothuria (Stichothuria) coronopertusa,241861
Megalechis picta,1017181
Scyliorhinus canicula,105814
Colossoma macropomum,1020122
Epinephelus goreensis,273854
Vieja maculicauda,283148
Pseudorhombus cinnamoneus,277075
Crassostrea virginica,140657
Carcharhinus leucas,105792
Prochilodus lineatus,1016626
Micropterus salmoides,151295
Etroplus suratensis,280728
Limanda limanda,127139
Argopecten irradians,156817
Chlorurus frontalis,277506
Melanitta nigra,137073
Caenopedina novaezealandiae,414214
Leptochiton kerguelensis,385808
Ardenna tenuirostris,NA
Acanthodoras spinosissimus,1019764
Agonopsis vulsa,279522
Ammotretis lituratus,279582
Apareiodon affinis,1018305
Aristochromis christyi,1015286
Auchenipterus nigripinnis,1015630
Opsarius tileo,1026601
Benthobatis marcida,279903
Diancistrus erythraeus,280526
Campichthys galei,278557
Centriscus cristatus,367200
Channa maculata,743356
Choeroichthys brachysoma,217986
Clupisoma garua,280225
Coryphaenoides subserrulatus,217761
Cyclothone microdon,127286
Hemitrygon bennettii,1042846
Diploconger polystigmatus,280553
Eleotris fusca,219356
Epinnula magistralis,280695
Evarra bustamantei,1014041
Gazza minuta,218451
Goodea atripinnis,988971
Haemulon flaviguttatum,275726
Hemigrammus unilineatus,1419655
Hippoglossoides dubius,274288
Hypostomus plecostomus,862544
Jurengraulis juruensis,1019212
Laemonema longipes,272474
Lepomis macrochirus,1022846
Microlipophrys adriaticus,712838
Lycozoarces regani,281451
Menidia beryllina,159227
Monotaxis grandoculis,218584
Nannacara anomala,1018499
Neohomaloptera johorensis,1014561
Notropis rubellus,1020944
Opsanus beta,275645
Pallasina barbata,254396
Paranibea semiluctuosa,282082
Pelmatochromis buettikoferi,1017455
Bufoceratias wedli,280006
Pseudopleuronectes schrenki,275359
Priapichthys annectens,1018339
Pseudochromis aldabraensis,218333
Ptychochromis oligacanthus,282511
Rajella purpuriventralis,271591
Rhinochimaera pacifica,271420
Salvelinus confluentus,274352
Scorpaena angolensis,274698
Setarches guentheri,127258
Sphaerophysa dianchiensis,1011777
Stiphodon semoni,1019316
Taeniacara candidi,1015163
Coptodon bemini,1013112
Tramitichromis brevis,1018240
Umbrina coroides,159338
Xenagoniates bondi,1014660
Ozius guttatus,209154
Ozius verreauxii,440522
Arctides guineensis,382908
Latreutes acicularis,515284
Pandalus dispar,1337983
Daphnia chilensis,NA
Solenocera mutator,377671
Axiopsis baronai,477507
Octopus oliveri,342011
Doryteuthis ocula,574539
Barbatia barbata,138793
Austromacoma constricta,880005
Iphigenia altior,494753
Vepricardium asiaticum,381086
Solena rudis,512088
Barnea dilatata,506987
Patella pellucida,147459
Nerita polita,600671
Babylonia lutosa,475116
Conus flavidus,215518
Placiphorella pacifica,386374
Echinothrix calamaris,213377
Arbacia lixula,124249
Hypnea spinella,145635
Sebastes reedi,274840
Filimanus xanthonema,280785
Epinephelus irroratus,273857
Lutjanus goldiei,276537
Puntioplites proctozysron,NA
Cymbium olla,141965
Aristostomias xenostoma,275008
Bascanichthys ceciliae,275451
Cepola pauciradiata,273320
Microlipophrys bauchotae,712839
Silurus meridionalis,1374505
Parupeneus ciliatus,218661
Nemateleotris magnifica,219611
Paphia rotundata,507799
Pontinus nigropunctatus,274691
Conodon serrifer,280387
Dipturus intermedius,711846
Ascidia mentula,103710
Panaque cochliodon,1423392
Coregonus megalops,1021073
Processa hemphilli,421792
Reteporella beaniana,111448
Ectocarpus fasciculatus,145404
Cephalopholis panamensis,279152
Spondylus lamarckii,506943
Holothuria (Holothuria) dakarensis,124495
Hypostomus robinii,1022292
Prionace glauca,105801
Piaractus brachypomus,1022721
Epinephelus malabaricus,218206
Mayaheros urophthalmus,1253896
Hippoglossus stenolepis,274290
Saccostrea cuccullata,181316
Carcharhinus albimarginatus,217352
Prochilodus reticulatus,282358
Priacanthus macracanthus,273765
Tautogolabrus adspersus,159785
Lepidopsetta bilineata,281305
Argopecten purpuratus,394269
Chlorurus bleekeri,277504
Mergus merganser,159097
Gracilechinus multidentatus,414223
Doris kerguelenensis,NA
Ardenna grisea,NA
Acanthogobius hasta,279476
Agonostomus telfairii,218876
Ammotretis rostratus,279584
Apeltes quadracus,159436
Aristostomias grimaldii,127317
Auchenoceros punctatus,279831
Barilius vagra,1026607
Benthochromis tricoti,1014336
Brotulotaenia brevicauda,126668
Campostoma anomalum,1022825
Centrobranchus andreae,272653
Channa marulius,1026844
Chologaster cornuta,1021666
Cnesterodon carnegiei,1017684
Coryphaenoides thelestomus,272355
Cyclothone pallida,127288
Bathytoshia brevicaudata,316573
Diplocrepis puniceus,280554
Eleotris picta,277804
Epiplatys azureus,NA
Evermannella balbo,126338
Gelanoglanis stroudi,1012399
Gordiichthys irretitus,275479
Haemulon flavolineatum,275727
Hemigymnus fasciatus,218999
Cyphomyrus discorhynchus,1026776
Hypsagonus quadricornis,254508
Kali indica,159666
Laeops clarus,278066
Lepophidium aporrhox,275618
Lissocampus bannwarthi,281375
Lythrurus roseipinnis,1019854
Menticirrhus nasus,276146
Didymothallus mizolepis,398393
Nannaethiops unitaeniatus,1383085
Neolaeops microphthalmus,219810
Notropis rupestris,1011677
Opsaridium microlepis,1018989
Palutrus meteori,279175
Notothenia angustata,279349
Pelotretis flavilatus,282188
Zeugopterus norvegicus,NA
Pseudopleuronectes yokohamae,275360
Prietella phreatophila,1014067
Pseudochromis olivaceus,218332
Pugnaso curtirostris,282513
Raja radula,105889
Rhinodoras dorbignyi,1026622
Salvelinus leucomaenis,293725
Scorpaena brasiliensis,159562
Setipinna breviceps,282764
Sphagemacrurus grenadae,126478
Stlengis misakia,282904
Taenianotus triacanthus,218119
Congolapia bilineata,1018984
Travancoria jonesi,1014754
Umbrina roncador,273802
Xenentodon cancila,283170
Ozius tuberculosus,209153
Paromola japonica,440209
Arctides regalis,246223
Latreutes anoplonyx,515285
Pandalus japonicus,1337984
Daphnia ephemeralis,NA
Sicyonia disdorsalis,377628
Calocarides quinqueseriatus,246244
Octopus briareus,341954
Doryteuthis roperi,574544
Barbatia foliata,NA
Eurytellina alternata,420867
Donax variegatus,152220
Vepricardium sinense,381157
Solen strictus,367772
Barnea manilensis,216464
Patella caerulea,140677
Vittina turrita,818777
Pollia undosa,217065
Conus generalis,215520
Americhiton andersoni,419321
Echinothrix diadema,213378
Psammechinus microtuberculatus,124318
Stirkia codii,NA
Sebastolobus altivelis,282741
Parapolynemus verekeri,282102
Epinephelus miliaris,218211
Schuettea scalaripinnis,282689
Striuntius lateristriga,1605399
Amphioctopus neglectus,535842
Astronesthes caulophorus,275010
Dysomma brevirostre,126321
Chrysiptera sheila,276841
Callionymus carebares,273169
Prochilodus mariae,1016668
Parupeneus margaritatus,277818
Myripristis vittata,217924
Velodona togata,342415
Ammodytes marinus,126751
Cynoscion squamipinnis,276090
Balaenoptera omurai,343896
Polyclinum aurantium,103674
Panaque titan,1007965
Alepocephalus agassizii,126681
Upogebia deltaura,107739
Axinella infundibuliformis,132480
Ectocarpus siliculosus,145410
Diplectrum conceptione,276177
Potamocorbula fasciata,505889
Holothuria (Holoidema) floridana,NA
Astroblepus grixalvii,1022919
Carcharhinus melanopterus,105795
Piaractus mesopotamicus,1019322
Serranus cabrilla,127041
Coptodon zillii,317356
Pleuronectes quadrituberculatus,254564
Saccostrea glomerata,397183
Carcharhinus sealei,217336
Cyprinus carpio,154582
Epigonus telescopus,126858
Bodianus pulcher,1702292
Microstomus kitt,127140
Mimachlamys varia,236719
Centropomus mexicanus,280062
Mergus serrator,159098
Goniocidaris umbraculum,NA
Glyphoperidium bursa,172898
Thalassoica antarctica,212639
Acantholabrus palloni,126957
Agonus cataphractus,127190
Amniataba affinis,1012716
Aphaniops dispar,316333
Arius arius,275569
Auchenoglanis biscutatus,1008144
Bascanichthys bascanoides,275450
Benthocometes robustus,126667
Bryaninops amplus,219392
Campostoma oligolepis,1525381
Centrochir crocodili,1026621
Channallabes apus,1020467
Protochondrostoma genei,1026706
Cnidoglanis macrocephalus,280227
Coryphaenoides zaniophorus,183100
Cyclothone pseudopallida,127289
Bathytoshia centroura,1017389
Diplodus argenteus,293578
Eleotris vittata,277809
Eptatretus burgeri,279272
Evermannichthys metzelaari,276439
Gempylus serpens,126862
Gorgasia maculata,217551
Haemulon macrostoma,NA
Hemilepidotus jordani,254522
Hipposcarus harid,219090
Hypselecara coryphaenoides,1015162
Kalimantania lawak,1026996
Laetacara flavilabris,1026271
Leporellus vittatus,1016702
Lissonanchus lusheri,NA
Lythrurus snelsoni,1011987
Menticirrhus ophicephalus,276147
Lignobrycon myersi,1524901
Nannatherina balstoni,991283
Lepidiolamprologus boulengeri,1011906
Pteronotropis signipinnis,1014160
Opsariichthys bidens,1007712
Poecilia araguaiensis,NA
Notothenia microlepidota,234716
Pelsartia humeralis,282189
Phthanophaneron harveyi,282246
Pleuronichthys coenosus,282290
Priolepis boreus,276763
Pseudocoris aurantiofasciata,277987
Pungitius platygaster,126506
Rajella ravidula,217408
Rhinogobius brunneus,282581
Salvelinus neiva,1015596
Scorpaena grandicornis,274711
Setipinna melanochir,282765
Sphoeroides annulatus,275272
Stokellia anisodon,282906
Taeniochromis holotaenia,1016291
Tilapia brevimanus,581718
Trematocara caparti,1383545
Umbrina ronchus,127013
Xeneretmus latifrons,283171
Galene bispinosa,442349
Tumidodromia dormia,440119
Evibacus princeps,382917
Latreutes laminirostris,515290
Pandalus danae,515462
Daphnia similoides,NA
Sicyonia disedwardsi,377629
Neaxius vivesi,477829
Octopus maya,341996
Doryteuthis sanpaulensis,574545
Barbatia amygdalumtostum,504394
Bosemprella incarnata,849065
Donax venustus,139603
Beguina semiorbiculata,504841
Lirophora paphia,420943
Martesia striata,216465
Patella ferruginea,140679
Nerita costata,216252
Mitrella scripta,139207
Conus leopardus,215464
Chaetoderma argenteum,545006
Echinometra mathaei,213383
Sphaerechinus granularis,124427
Gayliella fimbriata,377235
Zenopsis nebulosa,275302
Polydactylus bifurcus,NA
Epinephelus multinotatus,218237
Lithodes confundens,394057
Rasbora einthovenii,1026704
Amphioctopus fangsiao,534733
Astronesthes macropogon,127325
Synaphobranchus affinis,158665
Chrysiptera unimaculata,218782
Callionymus erythraeus,273179
Odontobutis potamophilus,1021169
Parupeneus rubescens,218664
Myripristis hexagona,217928
Sepia simoniana,225558
Muraenolepis andriashevi,279337
Stellifer pizarroensis,276167
Mesoplodon traversii,254993
Clavelina lepadiformis,103552
Chaetostoma thomsoni,1470734
Esox masquinongy,1021830
Paguristes eremita,107200
Grantia compressa,132181
Ralfsia verrucosa,551358
Diplectrum eumelum,276178
Octopus bimaculoides,341952
Holothuria (Penningothuria) forskali,NA
Steindachneridion scriptum,1525729
Carcharhinus porosus,217342
Ictiobus cyprinellus,1044802
Plectropomus maculatus,218267
Coptodon rendalli,1013588
Reinhardtius hippoglossoides,127144
Magallana bilineata,836036
Carcharhinus signatus,105798
Barbus barbus,154292
Synagrops japonicus,367291
Sparisoma cretense,231441
Psettichthys melanostictus,282396
Aequipecten opercularis,140687
Bathyraja scaphiops,271531
Polysticta stelleri,232041
Goniocidaris parasol,NA
Capnea georgiana,172980
Ardenna creatopus,1674258
Nemadactylus monodactylus,281654
Agosia chrysogaster,1021385
Acentrogobius signatus,NA
Aphanius fasciatus,126428
Netuma bilineata,281743
Auchenoglanis occidentalis,1015920
Basilichthys australis,1016024
Benthodesmus elongatus,127086
Brycinus leuciscus,1015671
Campylomormyrus elephas,1019186
Centrodoras brachiatus,1020350
Channomuraena vittata,217466
Chondrostoma nasus,154585
Sabanejewia aurata,1020191
Coryphoblennius galerita,126762
Cyclothone pygmaea,127290
Dasyatis chrysonota,212250
Diplodus fasciatus,273971
Eleutherochir opercularis,280637
Eptatretus stoutii,279298
Eviota abax,278579
Genicanthus bellus,279092
Gorogobius nigricinctus,280925
Haemulon maculicauda,275729
Hemimyzon formosanus,1019383
Hirculops cornifer,219288
Giuris laglaizei,1803733
Kalyptatherina helodes,281206
Laeviscutella dekimpei,281267
Leporinus fasciatus,1022725
Lithodoras dorsalis,1014374
Lythrypnus alphigena,281453
Menticirrhus panamensis,276149
Moolgarda pedaraki,NA
Nannocampus elegans,218029
Neolebias ansorgii,1014024
Notropis stramineus,1020955
Hemidoras boulengeri,1525833
Panaque nigrolineatus,1422267
Paranthias furcifer,282084
Tachysurus sinensis,311241
Phtheirichthys lineatus,126849
Pleuronichthys cornutus,282291
Prionobrama filigera,1017164
Pseudocorynopoma doriae,1019572
Pungitius pungitius,126507
Beringraja rhina,1461133
Rhinogobius flumineus,1013798
Salvelinus profundus,1469363
Scorpaena guttata,274713
Setipinna phasa,282767
Sphoeroides pachygaster,127417
Stolephorus baganensis,275318
Taenioides anguillaris,277220
Tilapia busumana,1470224
Trematochromis benthicola,1011721
Umbrina steindachneri,273803
Xenichthys agassizii,283175
Carcinoplax longimanus,440946
Dromidiopsis indica,440068
Ibacus novemdentatus,210361
Latreutes planirostris,515292
Pandalus goniurus,254483
Daphnia mediterranea,NA
Sicyonia martini,377640
Enoplometopus daumi,382833
Amphioctopus aegina,534097
Uroteuthis (Photololigo) sibogae,NA
Anadara brasiliana,504322
Peronaea planata,605934
Iphigenia laevigata,225450
Cardites bicolor,504868
Austrovenus stutchburyi,507386
Bactronophorus thoracites,527395
Steromphala albida,1477173
Nerita picea,765039
Nassarius arcularia,140491
Conus lividus,215541
Spathoderma californicum,820351
Tripneustes gratilla,212453
Holothuria (Holothuria) tubulosa,125182
Campylaephora kondoi,1734918
Sebastes ruberrimus,274844
Polydactylus longipes,276589
Hyporthodus octofasciatus,475079
Tripneustes ventricosus,422490
Rasbora elegans,1018679
Phorcus atratus,689175
Astronesthes micropogon,127326
Chlopsis olokun,271717
Microspathodon frontatus,281573
Callionymus filamentosus,126791
Hucho taimen,1026969
Periophthalmus waltoni,277982
Myripristis chryseres,217920
Sepia incerta,342140
Puntigrus partipentazona,1015547
Stellifer zestocarus,276173
Cherax cainii,885543
Oikopleura (Coecaria) fusiformis,103408
Sturisomatichthys panamensis,NA
Esox niger,888530
Iridonida speciosa,1606714
Suberites pagurorum,150237
Sphacelaria cirrosa,145892
Pronotogrammus multifasciatus,282366
Phaethon rubricauda,212595
Holothuria (Holodeima) grisea,NA
Pseudopimelodus mangurus,1026878
Carcharhinus falciformis,105789
Abramis brama,154281
Lateolabrax japonicus,281275
Coptodon guineensis,1021112
Glyptocephalus zachirus,274287
Magallana belcheri,836035
Carcharhinus isodon,105791
Carassius auratus,154298
Perca flavescens,275313
Nemadactylus bergi,281650
Pseudopleuronectes herzensteini,275357
Mimachlamys crassicostata,393729
Aphareus furca,218470
Somateria mollissima,137074
Solaster torulatus,291557
Leucascus leptoraphis,720264
Diomedea epomophora,344000
Acantholiparis opercularis,279480
Agrostichthys parkeri,279523
Amphichaetodon howensis,279588
Apricaphanius iberus,1605284
Nemapteryx nenga,281663
Aulacocephalus temminckii,277111
Basilichthys microlepidotus,1022276
Benthodesmus macrophthalmus,274011
Bryconalestes longipinnis,322546
Cancelloxus burrelli,219192
Centrodraco acanthopoma,126847
Chanodichthys dabryi,1020571
Pseudochondrostoma polylepis,1021053
Cobitis biwae,1250561
Coryphopterus alloides,276424
Cyema atrum,127164
Hemitrygon fluviorum,1042847
Diplogrammus goramensis,276334
Eleutheronema tridactylum,280640
Pareques acuminatus,282139
Evips percinctus,280764
Genicanthus spinus,279097
Brachyplatystoma platynema,1019507
Haemulon melanurum,275730
Heminodus philippinus,281030
Hirundichthys rondeletii,126386
Hypseleotris ejuncida,1012225
Kamoharaia megastoma,281207
Lagocephalus guentheri,219956
Leporinus friderici,1022984
Lithogenes villosus,1017910
Maccullochella ikei,991271
Menticirrhus undulatus,276150
Mora moro,126497
Nannocharax altus,1015866
Neolissochilus blanci,1014868
Notropis texanus,1019547
Opsopoeodus emiliae,1019546
Pandaka lidwilli,281972
Parapercis snyderi,277016
Peltorhamphus latus,282190
Phucocoetes latitans,282247
Pleuronichthys decurrens,282292
Butis koilomatodon,219352
Pseudocrenilabrus nicholsi,1016099
Pungtungia herzi,1375227
Okamejei schmidti,279188
Rhinoliparis attenuatus,282584
Salvelinus willoughbii,1021127
Scorpaena histrio,274716
Setipinna taty,282768
Sphoeroides testudineus,158936
Stolephorus chinensis,275321
Taeniolethrinops cyrtonotus,1015848
Heterotilapia buettikoferi,1605363
Trematocranus labifer,1015430
Umbrina xanti,273805
Xenisthmus africanus,220354
Charybdis japonica,NA
Lauridromia dehaani,440092
Ibacus alticrenatus,382918
Lysmata californica,515363
Pandalus hypsinotus,515467
Daphnia hispanica,NA
Sicyonia mixta,377641
Enoplometopus debelius,382834
Amphioctopus burryi,420653
Uroteuthis (Photololigo) singhalensis,NA
Anadara chemnitzii,504337
Tellinella cruciata,876772
Donax pulchellus,225488
Chama lazarus,208500
Dosinia dunkeri,507571
Lyrodus pedicellatus,141600
Gibbula ardens,141780
Nerita planospira,559424
Nassarius coronatus,215725
Conus marmoreus,215457
Lyratoherpia californica,606409
Parastichopus californicus,NA
Parastichopus regalis,149898
Pseudoceramium paniculatum,1735079
Sebastes melanops,274817
Polydactylus macrochir,276590
Epinephelus poecilonotus,218250
Pentaceros wheeleri,313241
Rasbora tawarensis,1017128
Ostrea stentina,489077
Astronesthes richardsoni,158843
Coloconger cadenati,277411
Chromis cadenati,NA
Callionymus hindsii,273189
Ilisha compressa,281159
Petroscirtes mitratus,219329
Myripristis botche,217922
Sepia acuminata,342107
Hapalogenys nigripinnis,280993
Diapterus peruvianus,276414
Sousa plumbea,383586
Oikopleura (Vexillaria) gorskyi,266045
Synodontis nebulosus,1021699
Argyropelecus olfersii,274967
Munida intermedia,107157
Halecium halecinum,231751
Desmarestia aculeata,145307
Liopropoma randalli,834984
Haliclona (Haliclona) oculata,132833
Holothuria (Stemperothuria) imitans,NA
Cathorops steindachneri,280050
Carcharhinus brachyurus,217341
Tinca tinca,154343
Morone saxatilis,151179
Andinoacara rivulatus,991179
Eopsetta jordani,280690
Crassostrea corteziensis,605704
Lamiopsis temminckii,281270
Leuciscus leuciscus,154599
Sander vitreus,275311
Arctoscopus japonicus,279686
Solea solea,127160
Patinopecten caurinus,393720
Ammodytes americanus,159587
Somateria spectabilis,137075
Crossaster penicillatus,178534
Antarctotetilla leptoderma,885825
Eudyptes chrysolophus,212658
Acantholumpenus mackayi,249703
Aguarunichthys torosus,1009639
Amphichthys cryptocentrus,279590
Aphanopus intermedius,159833
Plicofollis dussumieri,282297
Aulichthys japonicus,279833
Bassanago hirsutus,279866
Benthophiloides brauneri,126869
Brycinus luteus,826490
Cantherhines sandwichiensis,220057
Centrogenys vaigiensis,280055
Chapalichthys encaustus,1019062
Chondrostoma soetta,1022106
Cobitis melanoleuca,405376
Corythoichthys flavofasciatus,217992
Cygnodraco mawsoni,234834
Fontitrygon garouaensis,1524748
Diplomystes chilensis,1020874
Hypoplectrodes jamesoni,281107
Eques lanceolatus,1389965
Evistias acutirostris,280765
Genidens genidens,280826
Gracila albomarginata,218255
Haemulon parra,275731
Hemiodus gracilis,1020968
Hispidoberyx ambagiosus,281077
Hypselobarbus curmuca,1026564
Kanekonia florida,281208
Lagocephalus laevigatus,158933
Leporinus granti,1017533
Paralithoxus bovallii,1526154
Maccullochella macquariensis,991272
Mentodus crassus,272949
Mordacia mordax,281595
Nannoperca oxleyana,991284
Neolumpenus unocellatus,281690
Notropis volucellus,1026690
Optivus elongatus,281927
Pangasianodon gigas,1014277
Paraphago rostratus,1019009
Wallaceochromis humilis,1525783
Phycis chesteri,158988
Pleuronichthys verticalis,282295
Prionodraco evansii,234777
Pseudocurimata boulengeri,1526122
Pungu maclareni,1052229
Dipturus springeri,217392
Rhinomugil corsula,282586
Salvethymus svetovidovi,1011402
Scorpaena laevis,127243
Setipinna tenuifilis,282769
Sphyraena acutipinnis,212044
Stolephorus commersonnii,152017
Taeniopsetta ocellata,219813
Coptodon bythobates,1011201
Pseudotrematomus bernacchii,NA
Uncisudis longirostra,126363
Brachygenys californiensis,1577329
Ovalipes punctatus,208761
Calappa lophos,209503
Ibacus brevipes,382919
Lysmata seticaudata,107528
Pandalus jordani,515469
Daphnia queenslandensis,NA
Sicyonia penicillata,377649
Hoplometopus holthuisi,383045
Octopus conispadiceus,341963
Loligo forbesii,140270
Anadara globosa,504351
Tellinella virgata,575774
Iphigenia delessertii,225626
Chama pacifica,139120
Dosinia japonica,507589
Tagelus adansonii,225506
Steromphala divaricata,576618
Nerita histrio,493213
Nassarius crematus,215730
Conus radiatus,428259
Antalis entalis,150534
Apostichopus parvimensis,529435
Actinopyga mauritiana,208956
Pseudoceramium tenerrimum,1735081
Sebastes nigrocinctus,274825
Polydactylus macrophthalmus,NA
Epinephelus retouti,218253
Morone mississippiensis,422561
Neolissochilus soro,1605295
Patella tenuis,851901
Borostomias elucens,127335
Aldrovandia gracilis,157880
Pycnochromis margaritifer,1605310
Callionymus japonicus,273191
Ilisha sirishai,NA
Petroscirtes variabilis,219332
Monodactylus falciformis,218696
Enteroctopus megalocyathus,342307
Oplegnathus punctatus,277894
Girella punctata,280866
Sousa sahulensis,816452
Oikopleura (Vexillaria) labradoriensis,103413
Lophiosilurus apurensis,1805604
Synodus intermedius,158759
Galathea dispersa,107148
Lytocarpia myriophyllum,117302
Calliblepharis jubata,145614
Plectranthias retrofasciatus,279022
Halichondria (Halichondria) bowerbanki,165801
Holothuria (Cystipus) inabilis,NA
Batrachoides manglae,278666
Carcharhinus brevipinna,105788
Alburnus alburnus,154285
Dicentrarchus labrax,126975
Serranochromis robustus,1015836
Hippoglossoides elassodon,274289
Magallana rivularis,NA
Galeocerdo cuvier,105799
Labeo rohita,281240
Sander lucioperca,151308
Percophis brasiliensis,282218
Dicologlossa cuneata,127154
Mytilus californianus,367837
Pangasius nasutus,1015095
Tadorna tadorna,232042
Odontaster benhami,254911
Cinachyra antarctica,171285
Macronectes halli,212637
Acanthonus armatus,158998
Ahlia egmontis,158595
Amphilius platychir,1026881
Aphanotorulus unicolor,1012178
Ariopsis felis,158709
Aulohalaelurus kanakorum,279834
Bassogigas gillii,159063
Benthophilus baeri,1383091
Brycon atrocaudatus,1026377
Cantheschenia grandisquamis,280026
Centrolabrus exoletus,126961
Chapalichthys pardalis,1013608
Parachondrostoma toxostoma,1026604
Cobitis maroccana,1015986
Cosmocampus arctus,293571
Cymatogaster aggregata,280461
Fontitrygon geijskesi,1042837
Diplomystes nahuelbutaensis,1011676
Ellopostoma megalomycter,1526182
Eremichthys acros,1014302
Evorthodus lyricus,159743
Genyagnus monopterygius,280828
Springerichthys bapturus,282850
Haemulon plumierii,158808
Hemiodus argenteus,1017890
Histiobranchus bathybius,126323
Hypselognathus horridus,281126
Karalepis stewarti,281211
Lagocephalus lagocephalus,127414
Megaleporinus obtusidens,1418269
Litobranchus fowleri,281380
Macolor niger,218501
Merluccius angustimanus,272451
Moringua edwardsi,158578
Nannopetersius ansorgii,1017858
Neomerinthe amplisquamiceps,276258
Noturus exilis,1020284
Arcygobius baliurus,279687
Pangasius larnaudii,1015103
Parapimelodus valenciennis,1026883
Pempheris adspersa,277055
Phycodurus eques,282248
Pleuroscopus pseudodorsalis,219165
Prionotus alatus,159570
Pseudodax moluccanus,219046
Puntioplites bulu,1021774
Caliraja stellulata,1803740
Rhinomuraena quaesita,217529
Samaris cristatus,219818
Scorpaena notata,127246
Sewellia lineolata,1021995
Sphyraena argentea,273978
Stolephorus indicus,212280
Taeniurops grabatus,1605275
Pelmatolapia cabrae,1048706
Pseudotrematomus lepidorhinus,NA
Upeneichthys lineatus,283081
Xenobarbus loveridgei,1383198
Scylla olivacea,442831
Matuta planipes,440352
Ibacus brucei,382920
Lysmata vittata,220261
Pandalus latirostris,107650
Daphnia curvirostris,NA
Sicyonia picta,377650
Enoplometopus occidentalis,210068
Octopus cyanea,210788
Doryteuthis surinamensis,574542
Anadara inaequivalvis,138785
Hippopus porcellanus,382152
Fimbria soverbii,527763
Chama croceata,504778
Eumarcia paupercula,224885
Sinupharus africanus,225447
Gibbula fanulum,141787
Littoraria scabra,208939
Nassarius dorsatus,572148
Conus tessulatus,215519
Dentalium agassizi,344129
Psammechinus miliaris,124319
Holothuria scabra,1672770
Gelidium amansii,212186
Platycephalus conatus,274655
Polydactylus malagasyensis,276591
Epinephelus tuamotuensis,273874
Pterodroma inexpectata,225761
Parupeneus indicus,218658
Serripes groenlandicus,582749
Stomias affinis,158736
Aldrovandia phalacra,126638
Chromis flavaxilla,212816
Callionymus margaretae,273200
Nematalosa arabica,217449
Pisodonophis hoevenii,299812
Polyamblyodon gibbosus,NA
Palea steindachneri,1671008
Sunetta solanderii,507895
Bostrychus sinensis,279944
Mesoplodon hotaula,384422
Oikopleura (Vexillaria) parva,103415
Gymnothorax miliaris,271852
Saurida elongata,272109
Galathea strigosa,107155
Manania atlantica,158200
Gracilaria multipartita,145704
Sacura parva,277202
Halichondria (Halichondria) panicea,165853
Holothuria (Halodeima) inornata,529367
Awaous banana,277417
Carcharhinus macloti,217335
Carassius carassius,154297
Maccullochella peelii,991273
Tautoga onitis,158830
Myzopsetta ferruginea,1571969
Saccostrea echinata,506736
Rhizoprionodon terraenovae,158510
Hypophthalmichthys nobilis,154600
Lactarius lactarius,218381
Kathetostoma giganteum,275992
Scophthalmus aquosus,158907
Mytilus chilensis,397041
Pangasius bocourti,888193
Haliaeetus albicilla,232053
Mediaster sladeni,291645
Suberites caminatus,134273
Macronectes giganteus,212636
Acanthopagrus australis,279070
Ahliesaurus berryi,126347
Amphilophus citrinellus,991188
Aphareus rutilans,218468
Arius gigas,NA
Aulohalaelurus labiosus,279835
Bassozetus compressus,272787
Benthosema glaciale,126580
Brycon devillei,1021526
Canthidermis macrolepis,275237
Centrolophus niger,126831
Characidium fasciatum,1020778
Auriglobus amabilis,1012277
Cobitis taenia,154373
Cosmochilus cardinalis,1011938
Cymbacephalus beauforti,280462
Hypanus guttatus,1042858
Diplophos taenia,127292
Elopichthys bambusa,1022039
Trichomycterus candidus,1014271
Evoxymetopon poeyi,219704
Genyatremus luteus,280829
Grahamichthys radiatus,280926
Haemulon sciurus,275733
Hemipimelodus bicolor,NA
Histiodraco velifer,234790
Hypsibarbus lagleri,1384084
Platichthys bicoloratus,305689
Moxostoma lacerum,1422270
Leptagonus decagonus,127191
Chelon dumerili,1042829
Macrhybopsis aestivalis,1021445
Mesovagus antipodum,1524323
Mormyrus rume,1018696
Nannosalarias nativitatis,281636
Neomyxus leuciscus,281693
Noturus flavus,723266
Orectolobus japonicus,281930
Pseudolais micronemus,1013863
Paraplagusia bleekeri,NA
Pempheris oualensis,218700
Phyllichthys punctatus,282249
Pleurosicya annandalei,219543
Prionotus carolinus,159571
Pseudodoras holdeni,NA
Puntius amphibius,282514
Dipturus stenorhynchus,217391
Rhinopias aphanes,277214
Samariscus huysmani,279135
Scorpaena plumieri,159564
Sicamugil hamiltonii,992586
Sphyraena ensis,273979
Stolephorus insularis,212284
Taeniura lymma,217422
Coptodon cameronensis,1016220
Trematomus newnesi,234628
Upeneus moluccensis,126989
Xenocephalus armatus,315934
Scylla paramamosain,442832
Matuta victor,440354
Ibacus ciliatus,382922
Spirontocaris liljeborgii,107531
Pandalus nipponensis,515470
Daphnia brooksi,NA
Sicyonia disparri,377630
Lepas pectinata,1722310
Pteroctopus tetracirrhus,140606
Loliolus uyii,410371
Anadara indica,504315
Ameghinomya antiqua,507438
Glycymeris stellata,504496
Glauconome virens,507446
Retrotapes exalbidus,533373
Ensis goreensis,225605
Gibbula magus,141790
Tectarius grandinatus,446938
Nassarius glans,215741
Conus textile,215529
Pertusiconcha callithrix,378018
Styela clava,103929
Holothuria nobilis,1672772
Caulerpa brachypus,211498
Delesseria sanguinea,144744
Polydactylus microstoma,309705
Epinephelus tukula,218246
Brycon guatemalensis,1018038
Chitala blanci,1013496
Transennella pannosa,507968
Stomias lampropeltis,275180
Strongylura senegalensis,275985
Chromis weberi,212817
Callionymus marleyi,219772
Nematalosa persara,278457
Plagiotremus townsendi,219333
Zebrasoma gemmatum,219680
Dogania subplana,1464491
Sargassum thunbergii,494874
Scomber colias,151174
Bythaelurus bachi,1006774
Oikopleura (Vexillaria) villafrancae,103418
Paraconger californiensis,271789
Notoscopelus elongatus,158915
Galathea squamifera,107154
Depastromorpha africana,289801
Gracilariopsis longissima,146960
Helotes sexlineatus,314549
Leptothecata (Leptomedusae),NA
Holothuria (Vaneyothuria) lentiginosa lentiginosa,NA
Sicydium punctatum,282780
Carcharhinus altimus,105787
Rutilus rutilus,154333
Macquaria australasica,991274
Chirodactylus variegatus,312121
Microstomus pacificus,274294
Mizuhopecten yessoensis,393716
Sphyrna zygaena,105819
Ctenopharyngodon idella,154314
Pomatomus saltatrix,151482
Notothenia neglecta,234740
Citharus linguatula,127130
Mytilus platensis,506158
Lutjanus sanguineus,218487
Gavia adamsii,137185
Lithosoma novaezelandiae,291642
Stylocordyla borealis,134240
Diomedea exulans,212583
Acanthopagrus butcheri,279071
Aiakas zinorum,279525
Amphiprion akallopisos,212770
Aphia minuta,126868
Arius jella,275575
Aulonocara auditor,1015452
Batasio batasio,1022783
Benthosema suborbitale,126581
Brycon falcatus,1014780
Canthidermis maculata,127398
Centromochlus existimatus,1012877
Characodon audax,1011873
Awaous macrorhynchus,310698
Coccorella atlantica,126337
Cottapistus cottoides,280404
Cymolutes lecluse,218968
Neotrygon kuhlii,398330
Diploprion bifasciatus,401375
Elops affinis,275403
Erethistes filamentosus,NA
Evynnis cardinalis,280766
Genyochromis mento,1015276
Forsterygion capito,712813
Haemulon scudderii,275734
Hemipristis elongata,277427
Histiogamphelus cristatus,281079
Hypsoblennius brevipinnis,276319
Bathyaploactis ornatissima,279871
Lagodon rhomboides,159249
Leptenchelys vermiformis,281311
Chelon richardsonii,1042831
Macrocephenchelys brachialis,281475
Engraulicypris brevianalis,1526065
Rhynchocypris steindachneri,1772418
Nannostomus beckfordi,1015806
Neonesthes capensis,127366
Noturus gyrinus,1022873
Orectolobus maculatus,281931
Pangasius sanitwongsei,1015767
Paraplesiops bleekeri,282086
Pempheris poeyi,277066
Phyllonemus typus,1018394
Pliosteostoma lutipinnis,282303
Prionotus nudigula,276286
Pseudogobio esocinus,1022002
Dawkinsia arulius,1021905
Raja straeleni,217400
Rhinoprenes pentanemus,282589
Sanagia velifera,1016243
Scorpaena sonorae,274736
Sicydium brevifile,1019857
Sphyraena guachancho,159814
Stolephorus tri,275328
Taeniurops meyeni,712972
Coptodon camerunensis,1018750
Pseudotrematomus nicolai,NA
Upeneus parvus,159422
Xenocharax spilurus,1020781
Scylla tranquebarica,442833
Calappa calappa,209498
Ibacus peronii,382923
Spirontocaris spinus,107533
Pandalus platyceros,423632
Daphnia cristata,378582
Sicyonia laevigata,377637
Procambarus alleni,885381
Scaeurgus unicirrhus,140607
Doryteuthis pleii,574543
Senilia senilis,225173
Eucallista purpurata,1362684
Hyotissa hyotis,216636
Glossus humanus,140023
Eurhomalea rufa,507645
Leporimetis papyracea,879907
Gibbula philberti,141793
Nodilittorina pyramidalis,437429
Volegalea cochlidium,754350
Unedogemmula indica,1005409
Pulsellum salishorum,344422
Strongylocentrotus intermedius,513570
Actinopyga echinites,208947
Turbinaria ornata,221490
Sardinella fijiensis,400058
Polydactylus mullani,276593
Plectropomus oligacanthus,277891
Cynoponticus coniceps,271797
Poecilopsetta colorata,275848
Venus nux,141935
Stomias longibarbatus,127376
Hyporhamphus picarti,126390
Chromis xanthopterygia,273762
Callionymus persicus,219768
Nematalosa resticularia,217448
Platax pinnatus,218712
Thalassoma hebraicum,212207
Tachypleus tridentatus,238270
Mauremys sinensis,1055804
Osphronemus exodon,1010962
Bythaelurus tenuicephalus,1006810
Oikopleura (Vexillaria) dioica,103407
Hirundichthys speculiger,126387
Puntius puntio,1022797
Pagurus alatus,107230
Depastrum cyathiforme,135313
Gigartina pistillata,145626
Apogonichthyoides melas,712635
Cassiopea medusa,287167
Holothuria (Selenkothuria) lubrica,210902
Sicydium salvini,282781
Negaprion brevirostris,105800
Rutilus frisii,275346
Macquaria ambigua,1020364
Nemadactylus macropterus,281653
Platichthys flesus,127141
Pecten sulcicostatus,214919
Sphyrna tiburo,158517
Hypophthalmichthys molitrix,154319
Trachurus capensis,218444
Notothenia coriiceps,234679
Paralichthys californicus,275809
Mytilus galloprovincialis,140481
Hypostomus watwata,1022348
Gavia arctica,137186
Hippasteria phrygiana,124043
Chlamydoselachus africana,474887
Lepidochelys kempii,137208
Acanthoplesiops hiatti,276756
Aidablennius sphynx,126760
Amphiprion akindynos,278392
Aphredoderus sayanus,1026973
Carlarius latiscutatus,1525989
Aulonocranus dewindti,1026857
Bathophilus digitatus,127330
Bergiaria platana,1526071
Brycon orthotaenia,1020358
Canthigaster amboinensis,219935
Centrophorus harrissoni,271617
Characodon lateralis,1020858
Choridactylus multibarbus,212573
Coccotropsis gymnoderma,209278
Cottinella boulengeri,1018431
Cynodon gibbus,280466
Hemitrygon laosensis,1524126
Diplospinus multistriatus,126861
Elops hawaiensis,275404
Erethistoides montana,1014219
Exallias brevis,219286
Genyomyrus donnyi,1019138
Gramma loreto,280932
Haemulon sexfasciatum,275736
Pareiorhaphis cameroni,1526125
Histiophryne bougainvilli,281080
Hypsopanchax catenatus,1012323
Kathala axillaris,281216
Rhynchocypris czekanowskii,1019786
Lepthoplosternum altamazonicum,1010631
Chelon tricuspidens,1042833
Macrochirichthys macrochirus,1018531
Mesoborus crocodilus,1018948
Morone chrysops,422560
Nannothrissa parva,1017115
Neoniphon argenteus,217931
Noturus insignis,1022572
Orectolobus ornatus,281932
Pangio agma,1525867
Paraploactis kagoshimensis,282092
Pempheris vanicolensis,218701
Phyllophichthus xenodontus,217592
Pliotrema warreni,217372
Prionotus paralatus,276287
Pseudogobiopsis oligactis,320705
Barbodes binotatus,1014769
Amblyraja taaf,234766
Rhinoptera bonasus,158544
Sandelia bainsii,1021156
Scorpaenichthys marmoratus,282726
Sicyopterus lagocephalus,219562
Sphyraena helleri,212055
Stolephorus waitei,212282
Tahuantinsuyoa macantzatza,1011842
Heterotilapia cessiana,1051728
Pseudotrematomus scotti,NA
Upeneus sulphureus,218690
Xenochromis hecqui,1019031
Thalamita spinimana,NA
Calappa philargius,209500
Parribacus antarcticus,210364
Nematocarcinus africanus,240822
Plesionika narval,107662
Daphnia gessneri,NA
Atyopsis moluccensis,586093
Procambarus bivittatus,877650
Tetracheledone spinicirrhus,342400
Doryteuthis opalescens,574540
Anomia ephippium,138748
Anomalocardia flexuosa,215265
Hyotissa fisheri,NA
Glycymeris gigantea,504514
Gafrarium dispar,208527
Omala hyalina,606121
Steromphala rarilineata,1039847
Tectarius coronatus,446936
Volema myristica,567143
Turricula javana,435104
Crepidula fornicata,138963
Mesocentrotus franciscanus,591102
Actinopyga miliaris,208949
Dictyopteris polypodioides,145360
Sepia hierredda,342138
Polydactylus multiradiatus,276594
Brama japonica,273148
Lophius gastrophysus,159185
Nibea soldado,281755
Hyporhamphus intermedius,272183
Bathophilus brevis,127329
Prognichthys gibbifrons,277924
Stegastes imbricatus,276671
Callionymus sagitta,219775
Laeops guentheri,278069
Plectorhinchus gibbosus,218539
Synodus jaculum,217673
Carcinoscorpius rotundicauda,238267
Saccharina longissima,377086
Sebastiscus tertius,282739
Chimaera buccanigella,1042810
Oikopleura (Coecaria) longicauda,103414
Brotula ordwayi,275890
Ballerus sapa,1014943
Pagurus pubescens,107240
Abietinaria abietina,117870
Ceramium virgatum,178915
Acropoma argentistigma,278048
Priapulus caudatus,101160
Holothuria (Holothuria) mammata,124512
Cyclopsetta fimbriata,158795
Sphyrna lewini,105816
Scardinius erythrophthalmus,154165
Perca fluviatilis,151353
Latridopsis ciliaris,281277
Pseudopleuronectes americanus,158885
Pecten novaezelandiae,393937
Sphyrna mokarran,105817
Parabramis pekinensis,1013562
Trachurus trecae,126823
Gobionotothen angustifrons,234636
Balistes capriscus,154721
Perna perna,140483
Hypostomus ventromaculatus,281125
Gavia immer,137187
Ceramaster patagonicus,213335
Lusepiola trirostrata,1437798
Lepidochelys olivacea,220293
Acanthopoma annectens,1019536
Ailia coila,279526
Amphistichus argenteus,279594
Aphyocharacidium melandetum,1017619
Neoarius leptaspis,281674
Aulopareia cyanomos,NA
Bathophilus nigerrimus,127331
Bertella idiomorpha,279907
Brycon melanopterus,1463292
Capoeta capoeta,1026485
Centrophorus moluccensis,215598
Charax condei,1526405
Chorisochismus dentex,219755
Cochlefelis danielsi,280229
Cottiusculus gonez,280406
Cynoglossus abbreviatus,274192
Bathytoshia lata,1018707
Diplotaxodon greenwoodi,1010556
Elops lacerta,275405
Eretmodus cyanostictus,1019145
Exechodontes daidaleus,280768
Geophagus brasiliensis,NA
Grammatobothus polyophthalmus,280936
Haemulon steindachneri,275738
Hemiramphus far,126389
Histiopterus typus,218772
Hypsophrys nicaraguensis,1017636
Kathetostoma albigutta,159255
Lagusia micracanthus,281268
Parabotia curtus,1021972
Lobianchia dofleini,158900
Macrodontogobius wilburi,219511
Mesocottus haitej,1020672
Labeo chrysophekadion,1020116
Nanochromis consortus,1012777
Neonoemacheilus labeosus,1012279
Noturus phaeus,1383626
Orectolobus wardi,281933
Panna microdon,281987
Paraplotosus albilabris,282097
Penetopteryx nanus,278462
Phyllophryne scortea,282253
Plotosus canius,278694
Prionotus punctatus,276288
Pseudogobius avicennia,282423
Pethia conchonius,991302
Dipturus teevani,271560
Rhinoptera brasiliensis,271495
Sander volgensis,275312
Scorpaenodes africanus,274742
Sicyopterus stimpsoni,277438
Sphyraena idiastes,273981
Stolothrissa tanganicae,1017071
Takifugu alboplumbeus,278412
Coptodon coffea,1013211
Pseudotrematomus tokarevi,NA
Upeneus sundaicus,273673
Xenoclarias eupogon,1013933
Charybdis affinis,NA
Discoplax longipes,444445
Parribacus caledonicus,382925
Ogyrides orientalis,395012
Plesionika spinipes,515521
Daphnia retrocurva,593147
Rhynchocinetes durbanensis,212926
Astacopsis gouldi,885533
Octopoteuthis sicula,181379
Loliolus beka,410369
Anomia peruviana,504259
Callista chione,141906
Neopycnodonte cochlear,140048
Glycymeris glycymeris,140025
Gafrarium divaricatum,362562
Senegona senegambiensis,849069
Phorcus richardi,141831
Tectarius pagodus,446939
Hemifusus colosseus,567150
Turris babylonia,435126
Patella vulgata,140685
Actinopyga palauensis,241773
Holothuria atra,1672768
Fucus virsoides,145549
Solea aegyptiaca,127158
Polydactylus nigripinnis,276595
Lagocephalus sceleratus,219954
Stromateus stellatus,273999
Phalacronotus micronemus,1015059
Hippocampus comes,275191
Bathophilus pawneei,127332
Oxyporhamphus micropterus,217871
Abudefduf taurus,273701
Diplogrammus pygmaeus,276336
Paraplagusia bilineata,219858
Plectorhinchus lineatus,273489
Sparisoma atomarium,273771
Bohadschia subrubra,210770
Sebastes chlorostictus,274781
Artediellus atlanticus,127193
Chimaera didierae,1042808
Oikopleura (Vexillaria) vanhoeffeni,103417
Holocentrus rufus,276189
Arius africanus,214562
Anapagurus laevis,107218
Hydrallmania falcata,117890
Ceramium tenuicorne,144569
Sillago bassensis,273936
Porania (Porania) pulvillus,125166
Holothuria (Theelothuria) paraprinceps,241867
Ancylopsetta kumperae,276009
Mustelus henlei,271386
Leuciscus idus,154324
Sander canadensis,723270
Parapercis colias,276989
Pegusa lascaris,127156
Argopecten gibbus,394271
Mustelus schmitti,271393
Leptobarbus hoevenii,1021785
Decapterus punctatus,126808
Paranotothenia magellanica,234645
Takifugu vermicularis,278431
Perna canaliculus,397169
Epinephelus longispinis,218221
Gavia stellata,137188
Benthopecten pikei,380760
Chiloscyllium hasseltii,277830
Xenopus muelleri,1670922
Acanthopsetta nadeshnyi,279481
Aioliops novaeguineae,279529
Anabarilius polylepis,1018613
Aphyocharax erythrurus,1017543
Arius manillensis,275580
Aulopus filamentosus,126335
Bathophilus vaillanti,127333
Beryx decadactylus,126394
Brycon nattereri,1020342
Capoeta damascina,862540
Centrophorus tessellatus,271619
Chascanopsetta crumenalis,278147
Chriodorus atherinoides,280164
Cociella crocodilus,398453
Cottocomephorus grewingkii,280408
Cynoglossus arel,274193
Neotrygon leylandi,398331
Diproctacanthus xanthurus,NA
Elops machnata,212252
Ereunias grallator,280697
Paraclinus asper,1804065
Geotria australis,234686
Grammatonotus crosnieri,280937
Bythaelurus alcockii,475053
Hemiramphus marginatus,220013
Histrio histrio,126533
Pleuronichthys guttulatus,293680
Kaupichthys hyoproroides,158576
Laides hexanema,1021714
Leptobrama muelleri,281313
Lobocheilos bo,1470720
Macrognathus aculeatus,281479
Mesogobius batrachocephalus,126909
Moxostoma congestum,1021624
Nansenia ardesiaca,272924
Neoodax balteatus,281694
Noturus placidus,1013248
Oregonichthys crameri,1018202
Pantanodon podoxys,NA
Parapocryptes rictuosus,282100
Acanthaluteres vittiger,279464
Phyllopteryx taeniolatus,282254
Plotosus limbatus,217660
Prionurus biafraensis,282344
Pseudogramma gregoryi,278293
Dawkinsia filamentosa,1021856
Dipturus tengu,271561
Rhinoptera javanica,217429
Sanopus astrifer,282657
Scorpaenodes parvipinnis,218100
Sicyopus auxilimentus,282782
Sphyraena jello,212045
Stomatepia mariae,1015916
Takifugu porphyreus,278424
Coptodon congicus,NA
Pseudotrematomus vicarius,NA
Upeneus tragula,218689
Xenocypris macrolepis,1015911
Charybdis anisodon,NA
Tuerkayana rotundum,1329347
Parribacus holthuisi,382926
Cryphiops caementarius,NA
Plesionika martia,107661
Megokris granulosus,377464
Macrobrachium hancocki,587248
Procambarus fallax,885421
Taningia danae,140609
Heterololigo bleekeri,574562
Pododesmus macrochisma,758426
Chione cancellata,397040
Hemidonax donaciformis,505392
Glycymeris maculata,504494
Gafrarium tumidum,208528
Peronaea strigosa,878307
Steromphala umbilicaris,1039840
Cerithium coralium,473098
Brunneifusus ternatanus,1310082
Oxymeris maculata,447359
Fabulina fabula,146907
Actinopyga spinea,241774
Holothuria fuscogilva,NA
Sargassum vulgare,NA
Sebastes brevispinis,274778
Polydactylus octonemus,159852
Melanonus zugmayeri,126483
Balaenoptera bonaerensis,231405
Sepia vermiculata,225551
Calonectris edwardsii,759340
Chauliodus pammelas,275057
Cheilopogon cyanopterus,217862
Abudefduf sordidus,212888
Draculo shango,277897
Pseudorhombus malayanus,277082
Pomacanthus semicirculatus,220003
Sargocentron violaceum,217943
Actinopyga lecanora,208952
Sebastes carnatus,274779
Gymnocanthus tricuspis,127198
Chimaera willwatchi,1042811
Sargassum muticum,494791
Serranus huascarii,273898
Pachypterus atherinoides,319960
Anapagurus chiroacanthus,107215
Thuiaria thuja,117940
Pterothamnion plumula,144683
Sillago robusta,273952
Leptasterias (Leptasterias) muelleri,125158
Holothuria (Roweothuria) poli,124525
Gymnachirus texae,275996
Mustelus asterias,105821
Labeo calbasu,281238
Gymnocephalus cernua,405451
Trachinus draco,127082
Austroglossus microlepis,219822
Argopecten ventricosus,394270
Mustelus mustelus,105822
Mylopharyngodon piceus,594789
Decapterus russelli,218427
Nototheniops nudifrons,313402
Lophius piscatorius,126555
Aulacomya atra,505963
Epinephelus faveatus,218219
Gulosus aristotelis,1704278
Psilaster acuminatus,178709
Chiloscyllium burmense,277828
Hydrophis curtus,1377536
Acanthopsoides delphax,1384003
Akarotaxis nudiceps,234600
Anableps anableps,279598
Aphyocypris chinensis,1020685
Arius platystomus,NA
Aulopyge huegelii,1059780
Bathyaethiops breuseghemi,1014477
Betta splendens,862539
Brycon orbignyanus,1014233
Capoetobrama kuschakewitschi,1020217
Centrophryne spinulosa,126536
Chaenogobius annularis,1020086
Chriolepis fisheri,280169
Cocotropus masudai,277965
Cottunculus microps,127235
Cynoglossus bilineatus,219846
Fontitrygon margarita,1042838
Dipterygonotus balteatus,219997
Elops senegalensis,275406
Conocara nigrum,272870
Exochochromis anagenys,1011572
Gephyroberyx darwinii,126401
Grammatostomias flagellibarba,127353
Halaelurus boesemani,217638
Hemirhamphodon chrysopunctatus,281031
Pterocryptis taytayensis,1016543
Embiotoca caryi,NA
Kaupus costatus,281217
Laiphognathus multimaculatus,219305
Leptocharacidium omospilus,1011040
Lobochilotes labiata,1019201
Macroparalepis affinis,126356
Mesonauta festivus,1022351
Moxostoma erythrurum,1022856
Narcetes erimelas,126705
Allotoca catarinae,1014717
Noturus stigmosus,1013249
Oreichthys cosuatis,1026491
Pantodon buchholzi,1019063
Parapriacanthus elongatus,276975
Pennahia macrocephalus,282197
Physiculus dalwigki,126498
Plotosus lineatus,217659
Pristella maxillaris,1467890
Pseudohowella intermedia,282431
Hypselobarbus jerdoni,1020642
Rostroraja texana,1670925
Rhinoptera jayakari,271496
Sarcocheilichthys nigripinnis,1016343
Scorpaenopsis cacopsis,277519
Gymnothorax pictus,217491
Sphyraena obtusata,212056
Stomatorhinus ater,1016404
Talismania bifurcata,272884
Coptodon dageti,1013177
Triacanthodes anomalus,277024
Upeneus vittatus,218691
Brachygenys jessiae,1577331
Charybdis annulata,NA
Ocypode cordimana,207585
Parribacus japonicus,382927
Palaemon annandalei,932367
Plesionika edwardsii,107656
Rimapenaeus pacificus,377579
Macrobrachium occidentale,587416
Procambarus hayi,885429
Ocythoe tuberculata,140610
Uroteuthis chinensis,410410
Anadara notabilis,420712
Lirophora kellettii,708794
Panopea glycimeris,140106
Glycymeris ovata,504506
Macridiscus aequilatera,558426
Pitar tumens,225550
Steromphala varia,1039845
Cerithium echinatum,216669
Pleuroploca trapezium,217071
Hastula hectica,217087
Eubalaena glacialis,159023
Sipunculus nudus,NA
Bohadschia argus,210768
Lessonia flavicans,499773
Sebastes proriger,274838
Polydactylus oligodon,276596
Pteraclis veliferum,1841087
Orcaella heinsohni,343990
Austrorossia australis,342277
Fratercula arctica,137131
Eustomias achirus,158848
Cheilopogon melanurus,272157
Abudefduf vaigiensis,212879
Synchiropus phaeton,126798
Symphurus macrophthalmus,274254
Pomacentrus aquilus,212983
Pterocaesio tile,213656
Holothuria arenacava,1672776
Sebastes levis,274812
Triglops pingelii,127207
Etmopterus alphus,1043612
Lomentaria clavellosa,145825
Hemanthias signifer,275931
Ailiichthys punctata,1020479
Afruca tangeri,955160
Acanella rigida,286303
Rhodomela confervoides,144854
Branchiostegus sawakinensis,218372
Caulerpa nummularia,371835
Holothuria (Selenkothuria) portovallartensis,241853
Atherinomorus stipes,272038
Pseudotriakis microdon,105805
Cirrhinus molitorella,1026709
Lopholatilus chamaeleonticeps,159406
Eleginops maclovinus,280634
Austroglossus pectoralis,219821
Chlamys islandica,140692
Galeorhinus galeus,105820
Carlarius heudelotii,712438
Caranx crysos,126802
Patagonotothen brevicauda,234751
Lophius americanus,159184
Arctica islandica,138802
Aspistor quadriscutis,279757
Phalacrocorax carbo,137179
Plutonaster knoxi,291700
Eumandya parva,1437794
Natator depressus,344093
Acheilognathus asmussii,1020529
Pseudobagarius fuscus,1010780
Schroederobatis americana,1486841
Paraphyonus brevidorsalis,1805558
Hexanematichthys sagor,281076
Aulorhynchus flavidus,279839
Bathyagonus alascanus,254503
Bhanotia fasciolata,279908
Brycon pesu,1022030
Caprichromis liemi,1012283
Centropogon australis,280056
Chasmistes cujus,1383103
Chrionema chlorotaenia,280175
Coilia brachygnathus,279077
Cottus amblystomopsis,274367
Cynoglossus canariensis,274196
Fontitrygon margaritella,1042839
Diptychus maculatus,1012518
Microstomus bathybius,305684
Ericentrus rubrus,280699
Exocoetus volitans,126385
Gephyrochromis lawsi,1013944
Grammatotria lemairii,1383111
Halaelurus buergeri,278697
Hemiscyllium freycineti,281035
Holacanthus clarionensis,276013
Hypsypops rubicundus,281130
Kelloggella cardinalis,279212
Lamnostoma polyophthalmus,1577938
Leptocharias smithii,105804
Lobotes surinamensis,126973
Macropharyngodon bipartitus,219032
Mesopristes argenteus,279088
Moxostoma macrolepidotum,593217
Narcine brasiliensis,157866
Neoopisthopterus tropicus,281696
Novaculoides macrolepidotus,593553
Oreochromis alcalicus,1605298
Pantolabus radiatus,281991
Parapristipoma trilineatum,273480
Pennahia pawak,282199
Physiculus japonicus,272496
Plotosus nkunga,217656
Pristigaster cayana,282351
Pseudojuloides atavai,276703
Systomus orphoides,1022236
Rostroraja velezi,1605277
Rhinoptera marginata,105862
Sarcoglanis simplex,1013414
Scorpaenopsis cirrosa,277520
Gymnothorax thyrsoideus,271889
Sphyraena borealis,159813
Stomias boa,127374
Mugilogobius cagayanensis,1015010
Coptodon deckerti,1013402
Triacanthus biaculeatus,283034
Hemipsilichthys gobio,1020406
Xenodermichthys copei,126714
Charybdis truncata,NA
Calappa granulata,107268
Parribacus perlatus,382928
Palaemon carinicauda,932368
Plesionika acanthonotus,107654
Megokris sedili,377466
Macrobrachium rathbunae,587526
Procambarus hirsutus,885432
Hyaloteuthis pelagica,342337
Lolliguncula diomedeae,410373
Anadara similis,504295
Megapitaria maculata,863029
Isognomon alatus,420736
Glycymeris pilosa,156105
Marcia hiantina,216583
Tivela tripla,225609
Jujubinus exasperatus,141807
Cerithium nodulosum,139062
Fusinus colus,208605
Cassis tuberosa,224977
Eubalaena australis,220222
Nephtys hombergii,130359
Bohadschia marmorata,210762
Dictyopteris plagiogramma,145359
Nuttallia obscurata,397157
Polydactylus persicus,276598
Pterycombus petersii,221419
Caranx fischeri,273273
Sebastes oculatus,274829
Fulmarus glacialis,137195
Eustomias dendriticus,275086
Cheilopogon milleri,272158
Dascyllus reticulatus,212844
Labrisomus nuchipinnis,281260
Solea stanalandi,274312
Pomacentrus leptus,212969
Pterocaesio capricornis,213660
Stichopus herrmanni,210906
Geryon trispinosus,107374
Achirus scutum,279495
Etmopterus viator,712382
Anchovia surinamensis,279609
Hemanthias peruanus,275930
Gymnothorax conspersus,158582
Pilumnus hirtellus,107418
Agaricia agaricites,287911
Leptosiphonia brodiei,1340377
Arripis truttacea,279694
Ulva pseudorotundata,841671
Holothuria (Semperothuria) roseomaculata,744893
Atherinella brasiliensis,279797
Somniosus microcephalus,105919
Cirrhinus mrigala,314143
Rachycentron canadum,127006
Dissostichus mawsoni,234836
Lepidorhombus whiffiagonis,127146
Chlamys farreri,NA
Triakis semifasciata,279060
Galeichthys feliceps,217654
Caranx hippos,126803
Pseudotrematomus hansoni,NA
Lophius vaillanti,272601
Cerastoderma edule,138998
Hipposcarus longiceps,278899
Podiceps auritus,137181
Dipsacaster magnificus,291693
Stoloteuthis weberi,410405
Rana latastei,1670911
Acanthosphex leurynnis,279482
Alabes parvula,279541
Sinobatis borneensis,398320
Epiplatys duboisi,1013842
Hemiarius sona,NA
Aulostomus strigosus,278081
Bathyanthias mexicanus,279868
Bhavania australis,1016886
Bryconaethiops boulengeri,1018950
Caprichthys gymnura,280028
Centropomus armatus,280059
Chasmodes bosquianus,159598
Benitochromis batesii,1018936
Coilia dussumieri,219979
Cottus czerskii,1015693
Cynoglossus cynoglossus,274198
Dasyatis marmorata,271445
Dipulus caecus,280555
Embiotoca jacksoni,240746
Eridacnis barbouri,278800
Exodon paradoxus,1022055
Gephyroglanis congicus,1019028
Grammicolepis brachiusculus,127420
Bythaelurus canescens,316762
Hemiscyllium hallstromi,281036
Odontanthias borbonius,311418
Hyrcanogobius bergi,281131
Kentrocapros aculeatus,278931
Lamontichthys maracaibero,1012056
Leptochilichthys agassizii,126722
Lobulogobius omanensis,281382
Macropinna microstoma,281482
Metaloricaria paucidens,1012834
Mugil trichodon,273660
Narcine brevilabiata,275387
Neopagetopsis ionah,234685
Novumbra hubbsi,1015953
Oreochromis amphimelas,279193
Panturichthys isognathus,271795
Parapristipomoides squamimaxillaris,282103
Penopus microphthalmus,217816
Physopyxis lyra,1020476
Plotosus papuensis,1017816
Pristigenys meyeri,276036
Pseudolabrus biserialis,282432
Systomus sarana,321753
Leucoraja wallacei,217396
Rhinoptera neglecta,271497
Sardinella albella,212268
Scorpaenopsis gibbosa,218102
Sierrathrissa leonensis,1013253
Sphyraena pinguis,273985
Stomias brevibarbatus,127375
Pseudorhodeus tanago,1526039
Coptodon discolor,1470226
Triaenodon obesus,214557
Uranoscopus japonicus,274040
Xenodexia ctenolepis,1014217
Chaceon bicolor,442693
Cancer bellianus,107275
Parribacus scarlatinus,382929
Palaemon mani,932371
Plesionika alcocki,210440
Rimapenaeus similis,377580
Palaemon hancocki,514451
Procambarus troglodytes,885516
Illex oxygonius,157022
Lolliguncula brevis,157028
Barbatia lurida,504385
Macrocallista nimbosa,420945
Isognomon recognitus,507052
Glycymeris reevei,504511
Marcia japonica,507768
Venerupis corrugata,181364
Phorcus mutabilis,141830
Clypeomorus batillariaeformis,216711
Marmorofusus nicobaricus,828289
Conus mus,420216
Balaena mysticetus,137086
Glycera dibranchiata,157392
Holothuria edulis,1672771
Caulerpa cupressoides,144467
Stolephorus andhraensis,275316
Polydactylus siamensis,276600
Schedophilus maculatus,273315
Babylonia spirata,456742
Chaceon notialis,442706
Larus argentatus,137138
Eustomias enbarbatus,158854
Cheilopogon pinnatibarbatus,126383
Dascyllus trimaculatus,212846
Pontinus leda,274688
Zebrias synapturoides,277590
Pomacentrus trichrourus,310389
Polysteganus baissaci,218615
Sabellastarte spectabilis,429077
Sebastes rufus,274847
Lactoria diaphana,219903
Coreobagrus brevicorpus,1383236
Pellona harroweri,277287
Anthias noeli,273828
Nettastoma melanura,299709
Monodaeus couchii,241154
Agaricia fragilis,287912
Leptosiphonia fibrillosa,1339221
Lutjanus viridis,276552
Polysiphonia stricta,144672
Holothuria (Platyperona) sanctori,124528
Chirostoma chapalae,1018998
Squalus megalops,105925
Labeo catla,1605292
Trachurus trachurus,126822
Dissostichus eleginoides,234700
Lepidorhombus boscii,127145
Mytilus unguiculatus,NA
Somniosus rostratus,105920
Silurus glanis,154677
Caranx ruber,302432
Pleuragramma antarcticum,234721
Squilla mantis,136137
Spisula sibyllae,NA
Gerres methueni,218532
Podiceps cristatus,137182
Sclerasterias mollis,291602
Heteroteuthis serventyi,342190
Amerana aurora,1841032
Acanthostracion polygonium,1577312
Coryphaenoides pectoralis,NA
Anacanthobatis marmorata,1016599
Aphyosemion ahli,1460160
Netuma thalassina,281745
Aulotrachichthys novaezelandicus,313819
Bathybagrus tetranema,1012077
Bidenichthys capensis,220356
Knodus alpha,1674269
Caprodon longimanus,280030
Centropomus ensiferus,280060
Chatrabus damaranus,313211
Chromis analis,212814
Coilia macrognathos,279081
Cotylopus acutipinnis,280410
Cynoglossus dubius,274201
Megatrygon microps,1042870
Diretmoides veriginae,272205
Emblemaria atlantica,280642
Eridacnis radcliffei,220034
Exoglossum maxillingua,1026585
Gerlachea australis,234808
Grammistes sexlineatus,211864
Bythaelurus dawsoni,316764
Hemiscyllium ocellatum,281037
Holapogon maximus,281082
Hysterocarpus traskii,293619
Ketengus typus,281222
Lampadena chavesi,126607
Leptocottus armatus,254345
Lonchopisthus higmani,281383
Haplochromis bicolor,1017475
Metavelifer multiradiatus,217885
Mugilogobius abei,277346
Narcine brunnea,275388
Neopataecus waterhousii,281697
Nudiantennarius subteres,281799
Oreochromis angolensis,279195
Papilloculiceps longiceps,218145
Parapsettus panamensis,282104
Pentaceropsis recurvirostris,282200
Physoschistura brunneana,1017019
Poblana alchichica,1014403
Pristilepis oligolepis,217938
Pseudolaguvia tuberculata,1015993
Puntius sophore,282518
Spiniraja whitleyi,712958
Rhinoptera steindachneri,271498
Sardinella brachysoma,212274
Scorpiodoras heckelii,1020043
Siganus argenteus,219686
Sphyraena sphyraena,127068
Stonogobiops dracula,219570
Glyptocephalus kitaharae,1605268
Coptodon flavus,1805565
Triakis acutipinna,279057
Uranoscopus scaber,127093
Xenojulis margaritacea,283185
Chaceon granulatus,442699
Chaceon affinis,107369
Scyllarides latus,107708
Palaemon modestus,932372
Plesionika antigai,107655
Trachypenaeus anchoralis,377682
Palaemon ritteri,514462
Faxonius immunis,885305
Nototodarus gouldi,342375
Afrololigo mercatoris,410041
Anadara senegalensis,504316
Marcia opima,507769
Laternula elliptica,NA
Glycymeris undata,420730
Marcia recens,507770
Circomphalus foliaceolamellosus,225528
Bolma rugosa,141855
Rhinoclavis fasciata,215117
Latirolagena smaragdulus,737548
Conus regius,420220
Caperea marginata,231424
Lumbrineris latreilli,130248
Thelenota ananas,210916
Caulerpa lentillifera,211475
Stolephorus brachycephalus,275319
Polydactylus virginicus,159854
Phoebastria immutabilis,344104
Oneirodes notius,234745
Malacanthus plumieri,277261
Larus atricilla,159074
Eustomias filifer,127342
Laemonema yarrellii,126492
Pomacentrus moluccensis,277159
Scorpaenodes elongatus,274744
Zebrias captivus,277579
Pomacentrus trilineatus,212995
Pristigenys niphonia,218366
Capitella capitata,129876
Squalus suckleyi,299224
Onisimus litoralis,102646
Tachysurus koreanus,NA
Synodus foetens,158758
Cephalopholis colonus,1750630
Gnathophis mystax,126287
Bathynectes maravigna,107377
Agaricia lamarcki,287915
Carradoriella elongata,1340378
Paracaesio brevidentata,834976
Nannochloropsis oculata,376148
Apostichopus nigripunctatus,529433
Tylosurus fodiator,300115
Centrophorus squamosus,105901
Notemigonus crysoleucas,159989
Trachurus picturatus,126821
Notothenia rossii,234840
Scophthalmus rhombus,127150
Mytilus edulis,140480
Squalus acanthias,105923
Hemibagrus nemurus,281017
Selene setapinnis,159647
Chaenocephalus aceratus,234725
Euphausia superba,236217
Mactra quadrangularis,505707
Epinephelus posteli,218231
Podiceps grisegena,137183
Cosmasterias dyscrita,291597
Sepiella weberi,342215
Aquarana catesbeiana,NA
Acanthurus nigrofuscus,219640
Albulichthys albuloides,279543
Sinobatis melanosoma,398324
Apionichthys dumerili,279642
Arius venosus,214564
Terranatos dolichopterus,1013391
Bathybates ferox,1019147
Bifax lacinia,279911
Bryconops affinis,1343301
Capromimus abbreviatus,280032
Centropomus medius,280061
Chaudhuria caudata,1017018
Chromis chromis,127000
Coilia nasus,279083
Couesius plumbeus,567529
Cynoglossus interruptus,274203
Dasyatis pastinaca,105851
Diretmus argenteus,126398
Emblemariopsis bahamensis,280658
Eridacnis sinuans,220035
Exostoma berdmorei,1021196
Gerres erythrourus,218533
Grammistops ocellatus,218256
Bythaelurus hispidus,316765
Hemiscyllium strahani,281038
Holcomycteronus aequatoris,217803
Iago garricki,278052
Hypseleotris hutchinsi,1803730
Lampadena speculigera,126608
Leptocypris guineensis,1013702
Lonchurus lanceolatus,281389
Macropodus opercularis,1016961
Metelectrona herwigi,279329
Mulloidichthys flavolineatus,218647
Narcine entemedor,275389
Ambophthalmos angustus,279357
Nyassachromis breviceps,1016810
Oreochromis chungruruensis,1016542
Papuengraulis micropinna,281992
Parapsilorhynchus tentaculatus,1016968
Pentaceros capensis,221470
Phytichthys chirus,282255
Freemanichthys thompsoni,280801
Pristiophorus cirratus,282352
Pseudolaubuca jouyi,1018533
Puntigrus tetrazona,991304
Ramnogaster arcuata,282546
Rhinoraja kujiensis,282590
Sardinella jussieui,NA
Scorpis aequipinnis,282728
Siganus corallinus,219690
Sphyraenops bairdianus,282840
Stromateus brasiliensis,273998
Tandanus bostocki,1014523
Tilapia guinasana,1015144
Triakis maculata,279058
Uraspis secunda,159658
Xenolepidichthys dalgleishi,159432
Chaceon australis,442692
Geryon longipes,107373
Scyllarides delfosi,246455
Palaemon orientis,932373
Plesionika ensis,107657
Rimapenaeus byrdi,377576
Palaemon hiltoni,932389
Faxonius nais,885324
Nototodarus hawaiiensis,342376
Lolliguncula panamensis,342230
Stenocista gambiensis,504652
Megapitaria aurantiaca,714775
Lima lima,140233
Glycymeris nummaria,504509
Lioconcha castrensis,216577
Scaeochlamys livida,393326
Homalopoma sanguineum,141858
Rhinoclavis vertagus,215122
Latirus polygonus,211131
Fasciolaria tulipa,420024
Eschrichtius robustus,137112
Hediste diversicolor,152302
Stichopus chloronotus,149789
Caulerpa racemosa,144472
Stolephorus carpentariae,275320
Polynemus aquilonaris,276914
Phoebastria nigripes,344106
Pogonophryne mentella,234668
Notopogon lilliei,217973
Larus audouinii,137139
Eustomias lipochirus,158727
Physiculus huloti,272495
Amphiprion clarkii,212783
Lepidotrigla cadmani,274886
Chascanopsetta lugubris,219797
Pomacentrus tripunctatus,212968
Pagellus natalensis,218610
Tylorrhynchus heterochetus,334966
Heliocidaris crassispina,513312
Gammarus setosus,102293
Lactophrys bicaudalis,275874
Trachinocephalus myops,158884
Hyporthodus niphobles,475078
Aldrovandia affinis,126637
Polybius marmoreus,1750287
Agaricia tenuifolia,287916
Vertebrata byssoides,631828
Pinjalo lewisi,277116
Diacronema lutheri,590558
Pattalus mollis,732043
Leptolebias marmoratus,1014675
Etmopterus spinax,105913
Osteochilus vittatus,1015115
Trachurus japonicus,273302
Gobionotothen gibberifrons,234704
Scophthalmus maximus,127149
Mytilus planulatus,506160
Centrophorus granulosus,105899
Ictalurus furcatus,275329
Trachinotus blochii,151169
Pseudochaenichthys georgianus,234667
Euphausia crystallorophias,236216
Spisula solidissima,156996
Epigonus crassicaudus,273404
Hydrobates pelagicus,137189
Coluzea mariae,463620
Sepiella ocellata,342214
Aquarana grylio,1841027
Acanthurus olivaceus,219625
Alburnoides bipunctatus,154288
Indobatis ori,1013325
Apistogramma agassizii,1015817
Arnoglossus capensis,219791
Austroglanis sclateri,1018924
Bathyblennius antholops,279872
Acanthaluteres brownii,279462
Bryozoichthys marjorius,254575
Capropygia unistriata,280033
Centropomus nigrescens,280063
Chauliodus danae,127337
Chromis crusma,273717
Datnioides campbelli,280489
Cranoglanis bouderius,1026295
Cynoglossus joyneri,274205
Hypanus rudis,1042863
Discherodontus ashmeadi,1015087
Emmelichthyops atlanticus,280669
Erilepis zonifer,280700
Exyrias belissimus,219465
Gerres cinereus,276954
Grammonus opisthodon,301708
Bythaelurus immaculatus,316766
Hemiscyllium trispeculare,281039
Hollardia hollardi,281084
Iago omanensis,220021
Kimblaeus bassensis,281223
Lampadena urophaos,126609
Leptocypris niloticus,1019484
Longiculter siahi,1015042
Macroramphosus gracilis,275181
Metynnis argenteus,1016606
Muraena argus,271896
Narcine lingula,275394
Neoplecostomus franciscoensis,1383976
Nybelinella erikssoni,126650
Oreochromis esculentus,1016104
Papyrocranus afer,581711
Parapterois heterurus,NA
Pentanchus profundicolus,282201
Lebiasina panamensis,NA
Poecilia parae,307990
Pristiophorus japonicus,282353
Pseudomancopsetta andriashevi,234798
Pethia ticto,1021907
Randallichthys filamentosus,282547
Rhinoraja longicauda,282592
Sardinella melanura,212271
Scorpis violacea,282732
Siganus doliatus,273911
Sphyrna corona,271377
Strongylura exilis,275978
Tangachromis dhanisi,1014281
Coptodon gutturosus,1841072
Triakis megalopterus,220023
Uraspis uraspis,218448
Xenomedea rhodopyga,283186
Chaceon karubar,442702
Polybius depurator,1750291
Scyllarides haanii,382913
Palaemon styliferus,220151
Plesionika gigliolii,107659
Rimapenaeus faoe,377577
Palaemon schmitti,932402
Faxonius rusticus,885343
Ommastrephes caroli,342065
Sepioteuthis sepioidea,342241
Cardites floridanus,NA
Megapitaria squalida,714777
Limaria tuberculata,140236
Tucetona pectunculus,504547
Lioconcha ornata,216581
Circenita callipyga,181359
Scutellastra flexuosa,456685
Pseudovertagus aluco,473486
Colubraria muricata,527522
Lyonsifusus ansatus,1318046
Kogia breviceps,137113
Diopatra neapolitana,130460
Aurelia aurita,135306
Caulerpa serrulata,211485
Thryssa brevicauda,275550
Polynemus dubius,276915
Thalassarche salvini,567903
Paraliparis rossi,234760
Eptatretus cirrhatus,279276
Larus cachinnans,137140
Eustomias melanonema,275110
Bregmaceros nectabanus,217741
Amphiprion sebae,212772
Dactyloptena orientalis,218158
Ventrifossa nasuta,217790
Pseudochromis persicus,278194
Oxycheilinus digramma,277996
Phascolosoma arcuatum,NA
Lutraria maxima,505667
Gammarus wilkitzkii,102297
Sparisoma viride,273780
Pseudauchenipterus nodosus,282404
Lutjanus inermis,276540
Notacanthus bonaparte,126642
Polybius holsatus,1748246
Cyanea lamarckii,135302
Vertebrata fucoides,637672
Parascolopsis inermis,277751
Euglena cantabrica,577258
Acaudina molpadioides,241765
Leptolebias opalescens,1012172
Etmopterus pusillus,105912
Probarbus jullieni,282356
Trachurus murphyi,273303
Lepidonotothen squamifrons,234788
Stephanolepis cirrhifer,275247
Choromytilus chorus,506001
Centrophorus uyato,105902
Ameiurus natalis,154201
Trachinotus ovatus,126819
Chionodraco myersi,234646
Euphausia vallentini,221054
Meretrix lusoria,397139
Cyclopsetta chittendeni,275700
Hydrobates leucorhous,1773443
Styela nordenskjoeldi,NA
Sepia zanzibarica,342187
Calyptocephalella gayi,1603269
Acanthurus triostegus,219630
Alburnus albidus,1022107
Anacanthus barbatus,279601
Apistogramma trifasciata,1018727
Arnoglossus imperialis,127124
Austrolabrus maculatus,279842
Callionymus formosanus,273182
Bihunichthys monopteroides,1010950
Bryx analicarens,217982
Caquetaia kraussii,1020130
Centropomus parallelus,280064
Chauliodus sloani,127338
Azurina intercrusma,1592348
Atherinella blackburni,279796
Crapatalus angusticeps,280411
Cynoglossus lida,219857
Hypanus sabinus,1042864
Dischistodus chrysopoecilus,280559
Empetrichthys merriami,1019440
Erimystax dissimilis,1019706
Facciolella equatorialis,271907
Gerres filamentosus,218524
Grammonus ater,126658
Halaelurus lineatus,217641
Hemisilurus heterorhynchus,1021631
Holocentrus adscensionis,159378
Squalius palaciosi,NA
Kiunga ballochi,1012155
Lampanyctus achirus,217707
Leptoderma lubricum,272872
Lophichthys boschmai,281390
Macrorhamphosodes platycheilus,278161
Meuschenia australis,277610
Muraena clepsydra,271898
Narcine prodorsalis,275397
Neopomacentrus azysron,218837
Forsterygion maryannae,712814
Oreochromis hunteri,1019688
Parabathymyrus macrophthalmus,281997
Aphyocypris moltrechti,1526067
Pentapodus caninus,282205
Piabucus dentatus,282256
Poecilia reticulata,154400
Pristiophorus nudipinnis,282354
Pseudomonacanthus elongatus,278083
Puzanovia virgata,254381
Raneya brasiliensis,282548
Rhinoraja odai,282594
Sardinella sindensis,212273
Scortum parviceps,1019919
Siganus fuscescens,273912
Sphyrna media,271379
Strongylura leiurus,1841083
Tanganicodus irsacae,1013837
Coptodon imbrifernus,1841068
Triakis scyllium,279059
Urocampus carinirostris,283090
Mugil thoburni,293658
Chaceon poupini,442708
Dromia personata,107258
Scyllarides roggeveeni,382916
Leptocarpus fluminicola,587060
Plesionika heterocarpus,107660
Rimapenaeus fuscina,377578
Calappa gallus,209502
Faxonius virilis,885357
Sthenoteuthis pteropus,140623
Sepioteuthis australis,342239
Cardites antiquatus,504869
Mercenaria campechiensis,422678
Acesta rathbuni,505414
Tucetona strigilata,504544
Placamen lamellatum,507872
Marcia cordata,507767
Tectus pyramis,216328
Rhinoclavis aspera,215120
Cymbiola vespertilio,568006
Polygona infundibulum,420047
Kogia sima,159025
Arenicola marina,129868
Furcellaria lumbricalis,145620
Caulerpa sertularioides,144474
Thryssa rastrosa,1012586
Polynemus hornadayi,465006
Epinephelus epistictus,218210
Atractosteus tropicus,293650
Dipturus innominatus,271549
Larus marinus,137146
Eustomias melanostigma,275111
Bregmaceros rarisquamosus,272296
Coris aygula,218957
Arnoglossus aspilos,274158
Physiculus natalensis,217734
Pseudochromis nigrovittatus,218330
Acanthistius sebastoides,218166
Nemacystus decipiens,214329
Glyptocidaris crenularis,513284
Somanniathelphusa sinensis,440817
Paralabrax callaensis,282053
Cynoponticus savanna,271798
Brachygenys chrysargyrea,1841028
Exocoetus obtusirostris,126384
Goneplax rhomboides,107292
Ectopleura larynx,157933
Vertebrata nigra,1027775
Pentapodus setosus,282210
Allocyttus folletti,254555
Zalophus wollebaeki,255005
Leptolebias splendens,1014730
Centroscymnus coelolepis,105907
Rastrineobola argentea,1018661
Trachurus symmetricus,273305
Gobionotothen acuta,234624
Sphoeroides maculatus,158934
Perna viridis,367822
Centrophorus lusitanicus,105900
Pangasius pangasius,281982
Trachinotus goodei,159654
Channichthys rhinoceratus,234619
Thysanoessa macrura,236219
Ruditapes decussatus,231749
Hyas coarctatus,107323
Larus ridibundus,137149
Oligocarpa megalorchis,250966
Sepia whitleyana,NA
Aquarana heckscheri,1729668
Acantopsis dialuzona,1022744
Alcichthys elongatus,279545
Anadoras grypus,1020526
Apistogrammoides pucallpaensis,1013457
Arnoglossus thori,127128
Austrolethops wardi,219385
Chaunacops coloratus,280133
Bilabria ornata,279912
Buccochromis atritaeniatus,1016783
Caracanthus maculatus,220364
Centropomus pectinatus,280065
Chaunax abei,272548
Chromis punctipinnis,273751
Trichogaster fasciata,315877
Craterocephalus capreoli,280415
Cynoglossus lingua,154722
Hypanus say,1042865
Discopyge tschudii,280568
Xenotilapia albini,1017992
Erimyzon sucetta,159991
Farlowella acus,1021664
Gerres oblongus,218526
Solitas gruveli,282825
Bythaelurus lutarius,316767
Hemisorubim platyrhynchos,1021319
Hologymnosus annulatus,219003
Icelinus burchami,281134
Klausewitzia ritae,1013454
Lampanyctus alatus,126610
Leptodoras acipenserinus,1020736
Lophiobagrus aquilus,1012074
Macrospinosa cuja,281484
Micralestes acutidens,1013808
Muraena helena,126303
Narcine rierai,221343
Neoraja africana,271568
Occella kasawae,279437
Oreochromis jipe,1027004
Parabembras curta,1526203
Parascolopsis aspinosa,214689
Pentapodus emeryii,282206
Parablennius yatabei,273141
Poeciliopsis hnilickai,1012305
Pristiophorus schroederi,282355
Pseudomugil connieae,1524201
Pycnocraspedum fulvum,276911
Raniceps raninus,126442
Rhinosardinia amazonica,282596
Sargocentron caudimaculatum,217940
Scyliorhinus boa,271369
Siganus javus,273914
Sphyrna tudes,105818
Strongylura strongylura,275986
Tanganikallabes mortiauxi,1014580
Coelotilapia joka,1013272
Trianectes bucephalus,283037
Uroconger lepturus,217556
Xenomystax bidentatus,283190
Schizophrys aspera,210145
Homola barbata,107262
Scyllarides tridacnophaga,210088
Leptocarpus potamiscus,220134
Plesionika williamsi,107664
Megokris gonospinifer,377463
Calappa pelii,107269
Faxonius propinquus,885334
Ornithoteuthis antillarum,225573
Sepioteuthis lessoniana,220317
Cyclocardia astartoides,NA
Meretrix casta,507778
Lima vulgaris,505459
Glycymeris bimaculata,140024
Leukoma columbiensis,507740
Villosa iris,NA
Rochia conus,1251279
Rhinoclavis sinensis,215119
Melo amphora,385403
Leucozonia nassa,420044
Berardius arnuxii,242606
Pyura praeputialis,251292
Gelidium crinale,145580
Caulerpa taxifolia,144476
Pomadasys kaakan,218566
Polynemus melanochir,293717
Epinephelus polylepis,218234
Melanocetus rossi,234637
Hoplias microlepis,1420667
Morus bassanus,148776
Leptostomias longibarba,127357
Coelorinchus geronimo,280281
Coris formosa,NA
Arnoglossus tapeinosoma,274178
Coelorinchus trunovi,280352
Pseudochromis linda,278183
Meganthias natalensis,398477
Eucheumatopsis isiformis,1356578
Haliotis laevigata,445335
Hyriopsis schlegelii,NA
Paralabrax loro,282057
Lepophidium profundorum,158762
Haemulon striatum,275739
Cheilopogon atrisignis,217863
Atelecyclus rotundatus,107273
Tubularia indivisa,117994
Osmundea pinnatifida,144847
Pentapodus trivittatus,282211
Cyprinus intha,1017028
Balaenoptera ricei,1576133
Orestias cuvieri,1021970
Centroselachus crepidater,280071
Pelecus cultratus,282185
Trachurus mediterraneus,126820
Nototheniops larseni,313400
Mola mola,127405
Mactra glabrata,216452
Etmopterus princeps,105911
Clarias gariepinus x C. macrocephalus,NA
Seriola dumerili,126816
Anarhichas denticulatus,126757
Penaeus aztecus,NA
Ruditapes philippinarum,231750
Hyas araneus,107322
Pomatoschistus microps,126927
Cnemidocarpa verrucosa,173893
Sepia vossi,438904
Rana graeca,1670909
Acapoeta tanganicae,1018977
Aldrichetta forsteri,279546
Anaecypris hispanica,1020904
Apistops caloundra,279643
Arnoldichthys spilopterus,1018000
Austrolycus depressiceps,279843
Neobathyclupea argentea,1526187
Biotodoma cupido,1022401
Buenia affinis,126871
Caragobius urolepis,280036
Centropomus robalito,280067
Cheilinus fasciatus,218940
Chromogobius quadrivittatus,126874
Colistium guentheri,280358
Cratinus agassizii,280421
Cynoglossus macrostomus,274211
Dasyatis tortonesei,105852
Discordipinna griessingeri,219442
Encheliophis boraborensis,217830
Erisphex philippinus,280702
Favonigobius melanobranchus,280775
Gerres oyena,218535
Grasseichthys gabonensis,1013538
Halaelurus natalensis,217643
Monostichodus lootensi,1524506
Holohalaelurus punctatus,217647
Icelus bicornis,127199
Kneria auriculata,1526168
Lampanyctus ater,126611
Leptoglanis bouilloni,1013846
Lophiocharon lithinostomus,281392
Macrouroides inflaticeps,281486
Micrenophrys lilljeborgii,127201
Muraena lentiginosa,271900
Narcinops tasmaniensis,1460171
Neoraja stehmanni,217398
Ochetobius elongatus,1018534
Oreochromis karomo,1014343
Parablennius cornutus,219325
Parascorpaena aurita,218065
Pentapodus paradiseus,282208
Pictilabrus laticlavius,282258
Poecilocharax weitzmani,1383599
Pristipomoides aquilonaris,159805
Pseudomyrophis atlanticus,282452
Chriolepis semisquamata,1018622
Ranzania laevis,127406
Rhinosolea microlepidota,282598
Sarritor frenatus,254374
Scyliorhinus capensis,217652
Siganus labyrinthodes,273915
Spicara melanurus,126829
Strongylura timucu,275987
Tanichthys albonubes,1014958
Coptodon kottae,1018658
Trichodon trichodon,283043
Urogymnus asperrimus,217424
Xenomystus nigri,1020010
Schizophrys dama,442077
Etisus splendidus,209109
Scyllarides aequinoctialis,382909
Macrobrachium acanthurus,421685
Glyphus marsupialis,107668
Daphnia deserti,NA
Oratosquillina gravieri,409303
Pacifastacus fortis,885104
Ornithoteuthis volatilis,220322
Uroteuthis (Uroteuthis) bartschi,NA
Fimbria fimbriata,464161
Meretrix lyrata,507776
Ctenoides scaber,420747
Glycymeris scripta,181279
Leukoma grata,507750
Lampsilis fasciola,857237
Trochus maculatus,216349
Cerithidea obtusa,215141
Melo melo,215200
Diodora listeri,419343
Ziphius cavirostris,137127
Halocynthia roretzi,250680
Gelidium corneum,145579
Codium adhaerens,145078
Trachipterus jacksonensis,272534
Polynemus multifilis,276917
Epinephelus summana,218238
Pogonophryne albipinna,279379
Brycon dentex,1021195
Morus capensis,221026
Melanostomias bartonbeani,127359
Bathygadus favosus,126462
Anampses meleagrides,218923
Monolene mertensi,NA
Ecsenius pulcher,277680
Pseudochromis dutoiti,218328
Halichoeres hortulanus,218985
Copadichromis virginalis,1013823
Haliotis roei,445351
Sinanodonta woodiana,857498
Somniosus antarcticus,344688
Eucinostomus havana,276421
Haemulon vittatum,1021254
Muraenolepis evseenkoi,712466
Atelecyclus undecimdentatus,107274
Hydractinia echinata,117644
Phycodrys rubens,144773
Nemipterus furcosus,278122
Leucocarbo atriceps bransfieldensis,NA
Berardius minimus,1576136
Nandopsis haitiensis,281631
Scymnodon ringens,105918
Leuciscus aspius,1015724
Trachurus lathami,159655
Nototheniops mizops,313401
Lophius budegassa,126554
Mactromeris polynyma,156863
Deania calceus,298167
Clarias gariepinus,888192
Seriola lalandi,218436
Zoarces viviparus,127123
Penaeus californiensis,NA
Leukoma staminea,507737
Syacium papillosum,158878
Pomatoschistus minutus,126928
Molgula sluiteri,250923
Sepia vietnamica,342185
Xenopus laevis,1476278
Aracana aurita,279676
Aldrovandia rostrata,272739
Anampses geographicus,218916
Apistus carinatus,221440
Arothron firmamentum,219927
Austronibea oedogenys,279845
Bathycongrus wallacei,217543
Biotoecus opercularis,1422068
Buglossidium luteum,127153
Caralophia loxochila,280037
Centropomus unionensis,280069
Cheilinus trilobatus,218944
Chrysichthys auratus,1015658
Colistium nudipinnis,280359
Creagrutus beni,1017688
Cynoglossus microlepis,1020152
Fontitrygon ukpam,1420096
Discotrema crinophilum,398425
Encheloclarias baculum,1011052
Ernogrammus hexagrammus,280705
Feroxodon multistriatus,280778
Gerres setifer,276967
Greenwoodochromis bellcrossi,1524338
Halaelurus quagga,217640
Hemitaeniochromis urotaenia,1016809
Holohalaelurus regani,217648
Ichthyapus acuticeps,217568
Knipowitschia caucasica,126899
Lampanyctus crocodilus,126612
Leptoichthys fistularius,281317
Lophiodes caulinaris,278525
Macrourus carinatus,217773
Microcanthus strigatus,281558
Muraena melanotis,271901
Narcine timlei,275399
Neosalanx jordani,281702
Ochmacanthus alternus,1383206
Oreochromis karongae,1014812
Parabothus coarctatus,282002
Parascorpis typus,221429
Pentaprion longimanus,282213
Piedrabuenia ringueleti,282260
Ariosoma fasciatum,299422
Pristipomoides argyrogrammicus,218510
Pseudonezumia cetonuropsis,272434
Pygidianops eigenmanni,1014511
Rasbora daniconius,282550
Rhizoprionodon acutus,105802
Satan eurystomus,1383543
Scyliorhinus cervigoni,271370
Siganus lineatus,273916
Spinachia spinachia,126508
Strophidon sathete,217536
Tanyemblemaria alleni,282924
Coptodon louka,1013273
Trichopodus trichopterus,955902
Spinilophus armatus,1043493
Xenoophorus captivus,1014910
Episesarma versicolor,444517
Etisus utilis,209119
Scyllarides nodifer,382914
Macrobrachium dayanum,587183
Leptochela gracilis,585680
Daphnia parvula,1298096
Oratosquillina perpensa,409312
Pacifastacus nigrescens,885107
Sthenoteuthis oualaniensis,342066
Nautilus macromphalus,342236
Cardiocardita tankervillii,504842
Meretrix petechialis,397140
Mactra chinensis,367847
Limopsis marionensis,197236
Leukoma pectorina,507744
Pyganodon grandis,857389
Umbonium vestiarium,216355
Telescopium telescopium,215140
Harpa articularis,208160
Fissurella barbadensis,419355
Hyperoodon planifrons,343900
Brachionus plicatilis,134982
Chondracanthus acicularis,145623
Codium arabicum,211739
Mulloidichthys vanicolensis,218648
Polynemus kapuasensis,465007
Lutjanus quinquelineatus,218497
Artedidraco glareobarbatus,NA
Myripristis berndti,217927
Phoebastria albatrus,344103
Odontostomias micropogon,281841
Centriscus scutatus,217970
Bodianus vulpinus,273546
Bathysolea polli,274297
Enneapterygius pusillus,219176
Pseudochromis caudalis,278167
Gymnothorax favagineus,217509
Alepocephalus productus,126683
Haliotis scalaris,445358
Hiatella arctica,140103
Maja brachydactyla,107347
Platichthys solemdali,1264298
Haemulopsis corvinaeformis,1020759
Guttigadus latifrons,158978
Chaceon erytheiae,241100
Nemertesia antennina,117809
Dumontia contorta,145228
Scolopsis affinis,276783
Psychrolutes marmoratus,274675
Mesoplodon eueu,1567463
Parachromis dovii,1021035
Dalatias licha,105910
Megalobrama amblycephala,1014044
Trachurus declivis,273301
Patagonotothen ramsayi,234633
Lophius vomerinus,217839
Chamelea gallina,141907
Oxynotus centrina,105914
Heterobranchus longifilis,1015586
Scyris alexandrina,NA
Genypterus blacodes,278702
Penaeus duorarum,NA
Mercenaria mercenaria,141919
Solea elongata,219832
Myoxocephalus scorpius,127203
Molgula pedunculata,173279
Sepia sulcata,342178
Leptodactylus bolivianus,1486698
Acarichthys heckelii,1020157
Alectis ciliaris,159629
Anaora tentaculata,279602
Aplatophis chauliodus,279644
Arothron hispidus,219925
Notophycis marginata,234703
Bathydraco antarcticus,234794
Bivibranchia bimaculata,1011937
Bujurquina cordemadi,1011854
Atropus armatus,1802001
Centropyge acanthops,211775
Cheilio inermis,218948
Chrysichthys brachynema,1018954
Collichthys lucidus,280361
Dicrossus filamentosus,1013936
Cynoglossus puncticeps,274220
Telatrygon zugei,1013687
Disparichthys fluviatilis,NA
Enchelycore bayeri,217473
Ernstichthys anduzei,1011640
Festucalex erythraeus,218008
Gibberichthys latifrons,221450
Guavina guavina,280942
Halargyreus johnsonii,126489
Hemitaurichthys polylepis,277575
Odontostilbe pequira,NA
Ichthyborus besse,1021061
Knodus heteresthes,1018173
Lampanyctus cuprarius,126613
Leptojulis chrysotaenia,281318
Lophiomus setigerus,217838
Macrourus holotrachys,234831
Microcharacidium eleotrioides,1524796
Muraena pavonina,271902
Narcine vermiculata,1486845
Verilus cynodon,1525690
Ocosia apia,281803
Oreochromis korogwe,279197
Parabrotula plagiophthalma,126680
Parascyllium collare,282108
Pentherichthys atratus,742995
Garo khajuriai,1012724
Poecilopsetta albomaculata,275846
Pristipomoides filamentosus,218511
Pseudopercis numida,282462
Pygocentrus nattereri,1018170
Bengala elanga,NA
Rhizoprionodon lalandii,271326
Satanoperca acuticeps,1022402
Scyliorhinus garmani,271371
Siganus luridus,127044
Spinibarbichthys denticulatus,NA
Anoplocapros inermis,277922
Taractes asper,126786
Coptodon margaritaceus,NA
Trichogenes longipinnis,1012132
Urolophus aurantiacus,283093
Xenophallus umbratilis,1017614
Varuna yui,444833
Atergatopsis signata,444374
Scyllarides herklotsii,241309
Macrobrachium dux,240826
Pasiphaea japonica,514229
Daphnia catawba,717574
Oratosquillina quinquedentata,409313
Pontastacus pachypus,885113
Eucleoteuthis luminosa,342313
Nautilus pompilius,216384
Acanthocardia aculeata,138990
Protapes gallus,507880
Mactra cuneata,216447
Anodontia edentula,NA
Callithaca tenerrima,507494
Solenosteira gatesi,491367
Monodonta labio,216318
Terebralia palustris,216725
Harpa harpa,208158
Fissurella nimbosa,729935
Tasmacetus shepherdi,231433
Brachionus rotundiformis,146452
Chondracanthus teedei,145624
Codium contractum,371837
Dilsea carnosa,145222
Aphrodroma brevirostris,344020
Lutjanus coeruleolineatus,218472
Anotopterus vorax,234827
Amphiarius rugispinis,279587
Pterodroma arminjoniana,137196
Photonectes dinema,127369
Hippocampus algiricus,275184
Bodianus diana,218931
Bathysolea profundicola,127152
Enneapterygius ventermaculus,219181
Pseudanthias townsendi,277484
Gymnothorax nudivomer,217488
Aphanopus microphthalmus,219700
Haliotis cyclobates,445312
Ciliatocardium ciliatum,139000
Pelecanus thagus,1298001
Chilomycterus antillarum,275240
Haemulopsis nitida,1841043
Trachyrincus murrayi,126481
Chaceon chuni,241099
Nemertesia ramosa,117815
Lomentaria articulata,145821
Scolopsis xenochrous,276792
Paphies donacina,505809
Mesoplodon perrini,254992
Bellator gymnostethus,276274
Centroscyllium fabricii,105906
Barbonymus gonionotus,1026316
Decapterus maruadsi,273278
Pseudotrematomus eulepidotus,NA
Artemia salina,480246
Meretrix meretrix,224891
Echinorhinus brucus,105922
Saurida tumbil,217663
Elagatis bipinnulata,126809
Genypterus chilensis,278704
Penaeus schmitti,NA
Solen marginatus,141546
Scorpaena stephanica,274737
Parastichopus tremulus,124535
Molgula malvinensis,250896
Sepia stellifera,NA
Leptodactylus pentadactylus,1481787
Acaronia vultuosa,1011523
Alectis indica,NA
Anarchias allardicei,217464
Apletodon dentatus,126510
Arothron mappa,219930
Avocettina infans,126304
Bathydraco marri,234816
Biwia zezera,1026901
Bulbonaricus brauni,278086
Flavocaranx bajad,1802008
Centropyge joculator,278840
Cheilochromis euchilus,1525377
Chrysichthys cranchii,1026874
Collichthys niveatus,280362
Crenichthys baileyi,1019472
Cynoglossus robustus,274222
Dasycottus setiger,280488
Distichodus affinis,1020263
Enchelycore pardalis,217472
Erosa erosa,280708
Festucalex wassi,279036
Gibbonsia elegans,280833
Gudusia chapra,742989
Haletta semifasciata,280979
Hemitilapia oxyrhynchus,1018836
Holtbyrnia anomala,126739
Ichthyocampus carce,281144
Kochichthys flavofasciatus,281224
Lampanyctus festivus,126614
Notholebias minimus,1013937
Lophiosilurus alexandri,1020026
Macrourus whitsoni,234606
Microchirus ocellatus,274302
Muraena retifera,158586
Narcinops westraliensis,1486855
Neoscopelus macrolepidotus,126634
Ocynectes maschalis,281810
Oreochromis lepidurus,279198
Paracaesio caerulea,278684
Parascyllium ferrugineum,282109
Pentheroscion mbizi,282214
Pimelodella gracilis,1022590
Microthrissa moeruensis,1525019
Pristipomoides multidens,218513
Rhodeus hondae,NA
Pygocentrus piraya,1026975
Trigonostigma heteromorpha,1018655
Rhizoprionodon longurio,271327
Satyrichthys laticeps,1011966
Scyliorhinus haeckelii,271372
Siganus magnificus,273917
Spiniphryne gladisfenae,159211
Sturisomatichthys festivus,NA
Taractes rubescens,126787
Pelmatolapia mariae,1468480
Trichomycterus alternatus,1525760
Urolophus bucculentus,283094
Xenophthalmichthys danae,283193
Episesarma chentongense,444511
Etisus dentatus,209113
Scyllarides elisabethae,210086
Macrobrachium equidens,220141
Pasiphaea multidentata,107676
Processa canaliculata,107682
Oratosquillina inornata,409304
Austropotamobius torrentium,885720
Todarodes filippovae,325306
Alluroteuthis antarcticus,325302
Acanthocardia echinata,138992
Paratapes textile,863039
Spisula discors,505772
Codakia orbicularis,420787
Venerupis aspera,NA
Marsupina nana,476514
Tectus fenestratus,567234
Lentigo lentiginosus,565356
Harpa major,208166
Melongena melongena,420062
Mesoplodon densirostris,137122
Brachionus calyciflorus,134980
Gracilaria dura,145698
Codium cylindricum,371838
Bathydraco macrolepis,234597
Pterodroma lessonii,212642
Lutjanus ehrenbergii,218489
Pogonophryne lanceobarbata,234838
Batrachoides surinamensis,278668
Pterodroma cahow,343974
Photonectes leucospilus,275174
Hippocampus kuda,212237
Cheilinus lunulatus,218942
Heteromycteris proboscideus,278106
Equulites elongatus,398517
Pseudamia tarri,209299
Hyporthodus chabaudi,1803577
Chlorophthalmus punctatus,217679
Hemicentrotus pulcherrimus,513318
Macoma calcarea,141580
Dalophis imberbis,126313
Ogcocephalus nasutus,275908
Orthopristis chalcea,1841039
Gadomus longifilis,126471
Chaceon gordonae,107370
Bolocera tuediae,100817
Callithamnion corymbosum,144526
Equulites laterofenestra,398519
Dendrobranchiata (Decapoda),NA
Tursiops erebennus,1806367
Helicolenus lengerichi,274768
Squatina squatina,105928
Tor putitora,1026593
Decapterus macarellus,126807
Parachaenichthys georgianus,234722
Pollicipes pollicipes,106177
Saxidomus gigantea,546014
Pseudobatos percellens,1043607
Saurida undosquamis,126371
Megalaspis cordyla,218430
Genypterus capensis,217800
Penaeus vannamei,NA
Solen capensis,224822
Sciades passany,282700
Gracilechinus acutus,532031
Molgula kerguelenensis,250892
Sepia smithi,NA
Conraua goliath,1670905
Acentrogobius caninus,219372
Alectrias alectrolophus,279547
Anarchopterus criniger,279603
Aploactis aspera,279646
Arothron meleagris,219926
Awaous aeneofuscus,219386
Bathygadus macrops,272309
Blachea xenobranchialis,279915
Bullockia maldonadoi,1014856
Turrum coeruleopinnatum,1802011
Centroscyllium granulatum,271621
Chirodactylus spectabilis,311551
Chrysichthys grandis,NA
Coloconger raniceps,217539
Crenicichla alta,1011312
Cynoglossus semifasciatus,274224
Japonolycodes abei,281195
Distichodus maculatus,1019126
Enchelynassa canina,217475
Erotelis smaragdus,280710
Filicampus tigris,280779
Gigantactis elsmani,272559
Guentheridia formosa,280944
Halicampus brocki,277188
Hemitremia flammea,1020139
Homaloptera bilineata,1020638
Ichthyococcus ovatus,127298
Konia dikume,1013081
Lampanyctus intricarius,126615
Leptolucania ommata,1019841
Lophodiodon calori,219974
Magnisudis atlantica,126359
Microchirus variegatus,274304
Muraena robusta,271903
Narke capensis,221344
Neoscorpis lithophilus,218709
Odax pullus,281815
Oreochromis leucostictus,1014962
Paracaesio gonzalesi,278685
Parascyllium variolatum,282111
Peprilus paru,159827
Pimelodella hasemani,1017057
Pogonichthys macrolepidotus,282310
Pristipomoides sieboldii,218509
Pseudophallus starksii,1026989
Pygoplites diacanthus,211773
Rasbora rasbora,282551
Rhizoprionodon oligolinx,217359
Scalicus hians,1019235
Scyliorhinus hesperius,271373
Siganus niger,273918
Spirinchus thaleichthys,282844
Stygichthys typhlops,1013458
Taractichthys longipinnis,126788
Coptodon nyonganus,NA
Trichonotus filamentosus,279120
Urolophus circularis,283095
Xenopoclinus kochi,219226
Episesarma mederi,444510
Hypothalassia armata,440491
Scyllarides squammosus,210089
Macrobrachium esculentum,587216
Pasiphaea sivado,107677
Processa edulis,107683
Cloridopsis dubia,409227
Astacopsis franklinii,885714
Todaropsis eblanae,140625
Bathypolypus arcticus,140596
Acanthocardia paucicostata,138993
Periglypta listeri,420947
Trinitasia iheringi,596612
Codakia tigerina,215835
Saxidomus nuttalli,367778
Semicassis centiquadrata,591480
Trochus hanleyanus,NA
Conomurex luhuanus,565370
Syrinx aruana,1498452
Pugilina morio,225028
Mesoplodon grayi,137124
Hippospongia communis,132377
Hypnea musciformis,145634
Codium edule,374214
Lagiacrusichthys macropinna,1524555
Barbus cyclolepis,1015365
Scolopsis taeniata,712735
Lycodichthys dearborni,234713
Mulloidichthys martinicus,277991
Pterodroma hasitata,343975
Photonectes margarita,127370
Hippocampus trimaculatus,212232
Hemigymnus melapterus,218998
Aseraggodes cyaneus,279711
Eviota guttata,219452
Priolepis randalli,276776
Caesio xanthonota,219994
Chimaera notafricana,712406
Silurus soldatovi,1014293
Eucratea loricata,111361
Callaus deliciosa,NA
Squatina armata,271665
Genyatremus pacifici,995104
Gadomus dispar,126470
Chaceon sanctaehelenae,241102
Urticina felina,100834
Cruoria pellita,145612
Xenichthys xanti,283177
Pleocyemata (Decapoda),NA
Neophocaena asiaeorientalis,446125
Eugerres brasilianus,280739
Oxynotus paradoxus,105915
Tor tor,1026602
Pseudocaranx dentex,126812
Champsocephalus gunnari,234797
Euphausia frigida,236218
Paratapes undulatus,863082
Rhinobatos albomaculatus,271593
Hoplosternum littorale,1014873
Parona signata,282169
Ammodytes personatus,272967
Penaeus monodon,NA
Ensis leei,876640
Sciades couma,282693
Cyprinodon variegatus,159285
Eugyra kerguelenensis,NA
Sepia rozella,NA
Pyxicephalus adspersus,1670921
Acentrogobius dayi,278778
Alectridium aurantiacum,254574
Anarrhichthys ocellatus,279605
Micropanchax fuelleborni,1016524
Arothron nigropunctatus,219921
Axelrodia riesei,1013418
Bathygadus melanobranchus,126463
Ammodytoides gilli,276856
Bunaka gyrinoides,280008
Platycaranx chrysophrys,1802006
Centroscyllium kamoharai,271622
Goniistius vittatus,280921
Chrysichthys longipinnis,1016733
Cologrammus flavescens,280364
Crenicichla johanna,1021123
Cynoglossus semilaevis,274225
Dayella malabarica,280495
Distichodus nefasch,1023038
Enchelyopus cimbrius,126450
Erpetoichthys calabaricus,280711
Filimanus heptadactyla,280780
Giganthias immaculatus,280837
Guentherus altivela,272023
Halichoeres adustus,275747
Hemitriakis japanica,281042
Homodiaetus anisitsi,1014937
Ichthyomyzon unicuspis,158538
Kopua nuimata,281227
Lampanyctus lineatus,126616
Leptonotus blainvilleanus,281324
Lophodolos acanthognathus,126567
Magnisudis prionosa,234591
Cynotilapia zebroides,1524346
Scolecenchelys gymnota,282715
Narke dipterygia,278821
Neosebastes entaxis,281708
Odaxothrissa losera,1017116
Oreochromis lidole,1014813
Paracaesio kusakarii,278686
Parasicydium bandama,1012442
Perca schrenkii,1020373
Pimelodella laticeps,1017064
Pogonolycus elegans,282311
Pristipomoides typus,218507
Pseudophichthys splendens,126290
Pygopristis denticulata,1022089
Rasborichthys helfrichii,1021448
Rhizoprionodon porosus,271328
Satyrichthys welchi,276950
Scyliorhinus meadi,158515
Siganus puelloides,273919
Sirembo amaculata,1577355
Stygnobrotula latebricola,282910
Taractichthys steindachneri,221420
Coptodon rheophilus,NA
Trichonotus nikii,279122
Urobatis concentricus,283084
Adrianichthys oophorus,1011465
Episesarma palawanense,444515
Menippe rumphii,220326
Scyllarides astori,382910
Macrobrachium formosense,587226
Atypopenaeus formosus,377415
Lipkius holthuisi,514301
Squilla aculeata,409339
Boreogennema borealis,1422238
Ancistroteuthis lichtensteinii,140647
Bathypolypus sponsalis,140598
Acanthocardia spinosa,138994
Periglypta puerpera,590802
Mactra isabelleana,NA
Austriella corrugata,464091
Saxidomus purpurata,582808
Strombina fusinoidea,511791
Umbonium costatum,556961
Canarium urceus,532183
Vasum ceramicum,211101
Chicoreus brevifrons,558803
Mesoplodon ginkgodens,231407
Hippospongia lachne,165108
Laurencia obtusa,144827
Codium fragile,145086
Careproctus georgianus,234643
Vimba melanops,1022564
Nemipterus randalli,218518
Gyrinomimus grahami,221398
Parupeneus barberinus,218660
Puffinus lherminieri,212633
Albula argentea,275407
Hippocampus histrix,212239
Chlorurus bowersi,277505
Microchirus boscanion,274300
Eviota pardalota,278599
Priolepis cincta,219549
Caesio teres,219996
Altigena yunnanensis,1805552
Busycon carica,160185
Chonelasma choanoides,171662
Heterobranchus longifilis x Clarias gariepinus,NA
Pseudobatos prahli,1043465
Conodon macrops,280385
Echiodon drummondii,126663
Inachus leptochirus,107330
Helioseris cucullata,290083
Erythrotrichia carnea,145490
Anisotremus caesius,279616
Myliobatis peruviana,1841067
Parapasiphae sulcatifrons,107673
Stellifer scierus,1840999
Pseudobatos planiceps,1043480
Misgurnus anguillicaudatus,991279
Caranx rhonchus,126806
Chionodraco rastrospinosus,234678
Euphausia triacantha,236220
Leukoma thaca,507747
Raja clavata,105883
Anguilla japonica,271705
Selaroides leptolepis,282745
Siganus canaliculatus,219687
Penaeus plebejus,NA
Mya arenaria,140430
Scarus tricolor,219098
Actinauge richardi,100930
Aplidiopsis discoveryi,249800
Sepia ramani,NA
Glyphoglossus molossus,1670918
Acentrogobius viridipunctatus,219369
Alepes djedaba,126800
Gogo brevibarbis,1017789
Aplocheilus dayi,279650
Arrhamphus sclerolepis,293547
Enneanectes carminalis,280680
Bathygobius fuscus,209215
Blenniella bilitonensis,278561
Bunocephalus amaurus,1017546
Carangichthys dinema,NA
Centroscyllium nigrum,271623
Goniistius zebra,280922
Chrysichthys mabusi,1018501
Colomesus psittacus,NA
Crenicichla lepidota,1011320
Cynoglossus senegalensis,274226
Daysciaena albida,280496
Distichodus sexfasciatus,1015098
Enchelyurus ater,276882
Erythrinus erythrinus,1020987
Fistularia commersonii,217966
Gigantura chuni,275830
Guianacara oelemariensis,1011517
Halichoeres leucoxanthus,275770
Hemitriakis leucoperiptera,281043
Homostolus acer,281086
Ichthyscopus barbatus,281145
Kosswigichthys asquamatus,1529984
Lampanyctus macdonaldi,126617
Leptoscarus vaigiensis,219091
Dotsugobius bleekeri,1803732
Sternarchella duccis,1605361
Microcottus sellaris,254404
Muraenoclinus dorsalis,219215
Narke japonica,278822
Porochilus argenteus,991287
Odondebuenia balearica,126920
Oreochromis malagarasi,1524173
Paracaesio xanthurus,401693
Parasphaerichthys ocellatus,1015938
Percarina demidoffii,282215
Pimelodella yuncensis,1018771
Pogonoperca punctata,218270
Pristis clavata,271422
Pelasgus stymphalicus,1022104
Pylodictis olivaris,594798
Metzia lineata,1016149
Rhizoprionodon taylori,271329
Saurenchelys stylura,271918
Scyliorhinus retifer,158516
Siganus puellus,273920
Barbodes palata,1016413
Stylephorus chordatus,126526
Taranetzella lyoderma,282925
Tilapia ruweti,1013494
Trichopsetta caribbaea,275924
Urolophus cruciatus,283096
Chonerhinos naritus,1021920
Episesarma singaporense,444516
Myomenippe hardwickii,440495
Scyllarides brasiliensis,382911
Macrobrachium malayanum,587369
Atypopenaeus stenodactylus,220266
Rhynchocinetes typus,514385
Squilla biformis,409340
Microprosthema semilaeve,421659
Moroteuthopsis ingens,1452502
Muusoctopus januarii,527149
Acanthocardia tuberculata,381057
Lamelliconcha callicomata,708849
Mactra lilacea,181350
Codakia interrupta,215840
Tapes conspersus,507906
Bostrycapulus aculeatus,419700
Turbo argyrostomus,216371
Harpago chiragra,564725
Vasum turbinellus,211103
Vokesimurex chrysostoma,405199
Mesoplodon hectori,137125
Spongia agaricina,NA
Nemalion elminthoides,145765
Codium platylobium,211726
Chauliodus schmidti,275058
Neogobius melanostomus,126916
Plectorhinchus gaterinus,218552
Lepisosteus platostomus,1017720
Notarius grandicassis,281766
Puffinus mauretanicus,445503
Aulopus cadenati,272042
Acentronura tentaculata,217979
Nicholsina usta,159298
Microchirus frechkopi,274301
Eviota sebreei,219461
Priacanthus blochii,218361
Bodianus bilunulatus,218932
Bagarius yarrelli,1018581
Sinistrofulgur sinistrum,862934
Asconema foliatum,172017
Epinephelus fuscoguttatus x E. lanceolatus,NA
Hypanus dipterurus,1042857
Microlepidotus brevipinnis,281559
Neoniphon marianus,276205
Macropodia tenuirostris,107346
Caryophyllia smithii,NA
Hildenbrandia rubra,145712
Plectorhinchus albovittatus,218548
Zapteryx xyster,283214
Slosarczykovia circumantarctica,325295
Anisotremus taeniatus,279624
Dipturus batis,105869
Arius maculatus,275578
Selene dorsalis,126814
Chionodraco hamatus,234795
Meganyctiphanes norvegica,110690
Dosinia orbignyi,507554
Raja montagui,105887
Anguilla rostrata,158562
Parastromateus niger,218431
Acanthurus monroviae,126750
Penaeus brasiliensis,NA
Panopea generosa,545994
Scarus russelii,219135
Aphrodita aculeata,129840
Sycozoa sigillinoides,173399
Sepia mira,342153
Lithobates pipiens,1459634
Idiotropiscis australis,1577338
Alepes melanoptera,273269
Anchichoerops natalensis,218924
Aplochiton zebra,279655
Artedidraco mirus,234734
Azurina eupalama,279851
Bathygobius soporator,277638
Blennioclinus brachycephalus,219188
Bunocephalus coracoideus,1014682
Kaiwarinus equula,NA
Centroscyllium ornatum,271624
Goniistius zonatus,280923
Chrysichthys maurus,581698
Colpichthys hubbsi,280368
Crenicichla saxatilis,1022945
Cynoglossus zanzibarensis,219847
Deania hystricosa,105904
Distocyclus conirostris,1014714
Encrasicholina heteroloba,219980
Erythrocles monodi,126855
Fistularia corneta,276231
Gila atraria,1019977
Gulaphallus bikolanus,1525543
Halicmetus reticulatus,280980
Hemitripterus villosus,276257
Hoplarchus psittacus,1021214
Pseudoicichthys australis,NA
Kraemeria bryani,276652
Lampanyctus photonotus,126618
Leptoscopus macropygus,281329
Lopholatilus villarii,276219
Mahidolia mystacina,219512
Microdesmus aethiopicus,276220
Mustelus californicus,271381
Naso brevirostris,219671
Neosilurus ater,991288
Odontanthias flagris,311419
Oreochromis mortimeri,1013438
Paracallionymus costatus,219780
Pseudostegophilus maculatus,1805618
Perccottus glenii,234083
Pimelodus albicans,1016622
Pogonophryne dewitti,234741
Pristis pectinata,105848
Pseudophycis barbata,282469
Pyramodon punctatus,217835
Ratabulus diversidens,282553
Rhoadsia altipinna,1383148
Saurogobio dabryi,298273
Scyliorhinus torazame,271375
Siganus punctatissimus,273921
Spratelloides delicatulus,126424
Stypodon signifer,1019968
Taratretis derwentensis,282926
Coptodon snyderae,1011207
Trichopsis pumila,1015186
Urolophus expansus,283098
Xenotaenia resolanae,1014362
Plagusia squamosa,395028
Panulirus versicolor,210359
Scyllarides deceptor,382912
Macrobrachium grandimanus,587240
Macropetasma africana,240661
Acetes americanus,158344
Squilla mantoidea,409353
Stenopus hispidus,210370
Filippovia knipovitchi,550403
Callistoctopus ornatus,NA
Cardium costatum,224543
Hysteroconcha dione,507709
Mactra luzonica,505704
Codakia punctata,215837
Tapes literatus,215828
Crepidula excavata,572179
Turbo chrysostomus,216368
Lambis crocata,211092
Oliva miniacea,208379
Vokesimurex donmoorei,405205
Mesoplodon carlhubbsi,254990
Spongia barbara,NA
Phyllophora pseudoceranoïdes,145664
Codium repens,145090
Chiasmodon niger,126840
Cheilinus undulatus,218945
Plectorhinchus sordidus,218556
Algansea lacustris,1019310
Molva macrophthalma,126460
Puffinus puffinus,137203
Benthalbella infans,126365
Corythoichthys haematopterus,217991
Sparisoma rubripinne,159301
Microchirus wittei,274305
Fowleria vaiulae,209402
Pomadasys taeniatus,273516
Arius madagascariensis,214565
Haliotis iris,445331
Busycotypus canaliculatus,160192
Vazella pourtalesii,172121
Stolephorus holodon,212287
Hypanus longus,1042860
Macrodon mordax,281478
Leuresthes tenuis,281344
Ebalia tuberosa,107301
Calliactis palliata,1658483
Lithothamnion glaciale,NA
Pareques lanfeari,282141
Urobatis tumbesensis,283089
Moroteuthopsis longimana,1452326
Atya margaritacea,586052
Amblyraja radiata,105865
Tandanus tandanus,1022552
Trachinotus carolinus,159652
Chaenodraco wilsoni,234609
Penaeus merguiensis,NA
Siliqua patula,536684
Raja brachyura,367297
Cynoponticus ferox,126295
Brama brama,126783
Lepidocybium flavobrunneum,126863
Penaeus semisulcatus,NA
Corbicula japonica,1349109
Scarus rubroviolaceus,219124
Leptometra phalangium,124226
Tylobranchion speciosum,173185
Sepia prabahari,387696
Paleosuchus palpebrosus,1603226
Acestrorhynchus falcatus,874265
Alepes vari,218383
Anchoa argentivittata,275507
Aplodactylus etheridgii,279657
Neodraco skottsbergi,1765023
Azygopus pinnifasciatus,279854
Bathylaco nielseni,272861
Blennius ocellaris,126761
Bunocephalus knerii,1019929
Ferdauia ferdau,1802000
Centroscyllium ritteri,271625
Cheilodipterus alleni,278889
Chrysichthys ornatus,1018786
Comephorus baikalensis,1023019
Crenidens crenidens,127048
Austrolebias bellottii,1014999
Deania profundorum,105905
Distoechodon tumirostris,1016354
Encrasicholina punctifer,219982
Escualosa thoracata,280714
Fistularia petimba,159439
Siphateles bicolor,1017026
Gunnellichthys curiosus,219608
Halidesmus coccus,277229
Henicorhynchus caudimaculatus,1525422
Hoplerythrinus unitaeniatus,1020986
Icosteus aenigmaticus,281153
Krefftichthys anderssoni,234641
Lampanyctus pusillus,126619
Leptostomias bilobatus,275154
Lophonectes gallus,281398
Malacanthus brevirostris,218378
Microdontochromis rotundiventralis,NA
Mustelus canis,158518
Naso lituratus,219665
Neosilurus brevidorsalis,991289
Odontaspis ferox,105844
Oreochromis placidus,293642
Paracanthopoma parva,1015255
Parasudis fraserbrunneri,275832
Percichthys melanops,1021473
Pimelodella altipinnis,1021020
Pogonophryne marmorata,234730
Pristis pristis,105849
Pseudophycis breviuscula,282470
Pyrrhulina filamentosa,1021928
Rathbunella hypoplecta,282556
Rhodeus amarus,154331
Sauvagella madagascariensis,217453
Scyliorhinus torrei,271376
Siganus punctatus,273922
Spratellomorpha bianalis,212262
Sudis hyalina,126362
Tarletonbeania crenularis,282927
Coptodon spongotroktis,1011203
Tricuspidalestes caeruleus,1013586
Urolophus flavomosaicus,283099
Xenotilapia bathyphilus,NA
Gecarcoidea lalandii,217261
Panulirus gracilis,382895
Scyllarus pygmaeus,107712
Macrobrachium heterochirus,587257
Metapenaeopsis acclivis,377475
Acetes vulgaris,377412
Squilla bigelowi,409341
Acanthephyra curtirostris,107579
Onykia loennbergii,NA
Cistopus indicus,220324
Cerastoderma glaucum,138999
Pitar fulminatus,NA
Mactra maculata,505685
Ctena bella,464122
Tawera elliptica,507917
Crepidula onyx,397063
Turbo petholatus,216382
Lambis millepeda,211099
Oliva annulata,NA
Vokesimurex messorius,405215
Mesoplodon peruvianus,231409
Spongia graminea,NA
Phymatolithon calcareum,145199
Codium spongiosum,211729
Gobionotothen marionensis,234595
Pentaceros decacanthus,279264
Lethrinus borbonicus,212064
Coryphaenoides lecointei,234596
Odontesthes smitti,990516
Puffinus yelkouan,137204
Lestidiops cadenati,272089
Cosmocampus retropinnis,278065
Holacanthus africanus,276011
Pegusa triophthalma,274308
Fowleria variegata,209403
Pomadasys furcatus,218558
Antennarius hispidus,217845
Pseudocarcinus gigas,440496
Apalone ferox,1466459
Suberites ficus,134285
Coregonus maraena,712453
Hydrolagus melanophasma,474893
Bairdiella ensifera,276070
Cephalopholis polleni,218175
Ebalia cranchii,107294
Hormathia digitata,100951
Phymatolithon lenormandii,145202
Menticirrhus elongatus,276145
Aetobatus laticeps,712980
Octopus djinda,1561957
Hoplometopus antillensis,383037
Leucoraja circularis,105873
Chrysichthys nigrodigitatus,581699
Seriola quinqueradiata,276651
Pogonophryne permitini,234611
Penaeus japonicus,NA
Corbicula fluminea,181580
Leucoraja fullonica,105874
Conger conger,126285
Coryphaena hippurus,126846
Rexea solandri,276890
Penaeus setiferus,NA
Corbicula manilensis,857629
Scarus psittacus,219125
Antedon bifida,124201
Ascidia challengeri,173151
Sepia plangon,NA
Hydrophis gracilis,344633
Tanakia limbata,1021993
Alepisaurus brevirostris,126332
Anchoa choerostoma,275510
Apocryptes bato,279661
Artediellus dydymovi,274358
Badis badis,1026697
Bathylagus antarcticus,234631
Blennodesmus scapularis,279919
Butis butis,219351
Turrum fulvoguttatum,1802015
Centroscymnus owstonii,299089
Cheilopogon furcatus,159261
Chrysiptera biocellata,218784
Conger cinereus,217545
Crenimugil heterocheilos,275314
Cynomacrurus piriei,234823
Deania quadrispinosa,217367
Ditrema viride,280571
Pholis nebulosa,273691
Esomus danrica,298263
Fistularia tabacaria,159440
Gila cypha,1014367
Gunterichthys longipenis,280948
Halieutaea brevicauda,279061
Heniochus acuminatus,218765
Hoplias aimara,1458744
Ictalurus australis,1018616
Kribia kribensis,1018365
Lamprichthys tanganicanus,1019190
Leptosynanceia asteroblepa,281331
Lophotus capellei,272528
Malacocephalus laevis,272392
Mikrogeophagus ramirezi,1014331
Mustelus dorsalis,271382
Naso unicornis,219668
Neostethus amaricola,281718
Odontaspis noronhai,105845
Oreochromis rukwaensis,1018761
Paracanthurus hepatus,219676
Parataeniophorus brevis,272247
Percichthys trucha,1026863
Pimelodus altissimus,1383255
Pogonopoma wertheimeri,1421077
Pristis zijsron,217375
Lophiosilurus albomarginatus,1805628
Pythonichthys sanguineus,282527
Ratsirakia legendrei,1026639
Rhodeus ocellatus,1015520
Sawbwa resplendens,1017016
Scylliogaleus quecketti,220022
Siganus randalli,273923
Springeratus xanthosoma,282849
Sueviota lachneri,219572
Tarphops elegans,282929
Coptodon tholloni,1316446
Tridens melanops,1019673
Urolophus gigas,283100
Xenotoca eiseni,1019288
Tuerkayana hirtipes,1329348
Panulirus inflatus,382897
Scyllarus batei,NA
Macrobrachium idae,220139
Metapenaeopsis kyushuensis,377498
Acetes australis,NA
Squilla panamensis,409355
Hymenodora frontalis,514273
Onykia robsoni,410384
Pteroctopus schmidti,420654
Keenocardium buelowi,381986
Proteopitar patagonicus,1361654
Mactra grandis,505684
Loripes orbiculatus,875379
Tivela lessonii,507950
Crucibulum scutellatum,532688
Turbo setosus,413432
Lambis scorpius,211089
Oliva caerulea,208388
Phyllonotus margaritensis,568021
Mesoplodon bidens,137121
Spongia officinalis,NA
Porphyra dioica,144426
Codium tomentosum,145092
Gymnoscopelus hintonoides,234656
Cyttus traversi,217957
Diplodus noct,218602
Paraliparis fuscolingua,234634
Bathyraja brachyurops,271509
Galeus atlanticus,105811
Lestidiops sphyrenoides,126355
Cosmocampus investigatoris,278062
Cirrhitus pinnulatus,218862
Brachirus orientalis,279967
Fusigobius inframaculatus,278767
Pomadasys argyreus,273499
Plectorhinchus chubbi,218541
Mystus atrifasciatus,1015043
Pegusa cadenati,274307
Iophon piceum,132972
Plicofollis polystaphylodon,282300
Pellona castelnaeana,277284
Diplodus caudimacula,305181
Hemilutjanus macrophthalmos,281028
Geothelphusa candidiensis,443048
Antipathes furcata,103312
Gastroclonium ovatum,145810
Menticirrhus paitensis,276148
Sympterygia brevicaudata,315723
Ylistrum balloti,821597
Epilobocera cubensis,443573
Raja microocellata,105885
Ictalurus punctatus,465537
Lichia amia,126810
Eucinostomus melanopterus,276423
Penaeus stylirostris,NA
Tridacna gigas,207670
Leucoraja naevus,105876
Conger orbignianus,271747
Arripis trutta,279693
Lepidopus caudatus,127088
Penaeus brevirostris,NA
Mesodesma donacium,367843
Scarus hoefleri,276050
Ophioderma longicaudum,1420120
Psolus paradubiosus,528780
Sepia papuensis,NA
Hydrophis platurus,1476906
Acheilognathus melanogaster,279487
Alepisaurus ferox,126333
Anchoa compressa,275512
Apocryptodon madurensis,279662
Artedius corallinus,279699
Bagarius bagarius,279855
Bathylagus euryops,126719
Blennodon dorsalis,313909
Bythites islandicus,126655
Turrum gymnostethus,1802028
Barbodes pachycheilus,1525655
Cheilopogon heterurus,126382
Chrysiptera caeruleolineata,276828
Conger triporiceps,271749
Crenuchus spilurus,1021074
Lacustricola bukobanus,1026670
Decapterus kurroides,218428
Ditropichthys storeri,126407
Engraulicypris sardella,1026366
Esox americanus,1021987
Flagellostomias boureei,127351
Gila elegans,1021645
Gurgesiella atlantica,280949
Halieutichthys aculeatus,159190
Hephaestus fuliginosus,991223
Hoplichthys acanthopleurus,221443
Ictalurus balsanus,1448887
Krobia guianensis,1018526
Lampris immaculatus,234664
Lepturacanthus pantului,281332
Lophotus lacepede,126523
Malacocephalus occidentalis,158741
Microglanis ater,1015126
Mustelus fasciatus,271383
Nasolamia velox,281637
Synchiropus ijimai,NA
Odonteleotris macrodon,281823
Oreochromis saka,1014123
Paracentropogon longispinis,277236
Paratherina cyanea,1015279
Percilia gillissi,1020866
Synodontis clarias,1022736
Pogonopoma parahybae,1020239
Pristolepis fasciata,1418663
Pseudoplatystoma corruscans,1026889
Quassiremus polyclitellum,282535
Rectoris posehensis,1015271
Rhodeus sericeus,154613
Scaevius milii,282666
Scymnodalatias albicauda,271651
Siganus spinus,219689
Squalidus chankaensis,298275
Suezichthys arquatus,278736
Tasmanogobius lordi,282934
Coptodon thysi,1011202
Tridensimilis brevis,1019717
Urobatis halleri,283085
Apodichthys fucorum,279665
Maja crispata,107348
Panulirus interruptus,382898
Remiarctus bertholdii,382967
Macrobrachium idella,587277
Metapenaeopsis mogiensis,NA
Acetes chinensis,377409
Michalisquilla parva,1026082
Lepidopa deamae,467748
Onykia robusta,410385
Eledone cirrhosa,140600
Clinocardium nuttallii,381980
Lamelliconcha unicolor,714771
Spisula murchisoni,505774
Lucinoma borealis,NA
Tivela mactroides,420964
Goniofusus dupetitthouarsi,1318024
Lottia gigantea,456593
Tridentarius dentatus,531859
Oliva oliva,208396
Phyllonotus pomum,419944
Mesoplodon europaeus,137123
Spongia tubulifera,NA
Pyropia columbina,626037
Ulva flexuosa,234468
Harpagifer antarcticus,234825
Cyttus australis,277984
Pagellus affinis,218609
Careproctus inflexidens,234598
Bathyraja macloviana,271519
Euleptorhamphus velox,159276
Chlorophthalmus agassizi,126336
Doryrhamphus excisus,218002
Latridopsis forsteri,281278
Cynoglossus cadenati,274195
Gerres limbatus,276959
Saurida nebulosa,217664
Oplegnathus conwayi,218776
Mystus bocourti,1420603
Xenocypris davidi,283183
Stryphnus fortis,133988
Plicofollis layardi,1043427
Opisthopterus dovii,281919
Calamus pennatula,275972
Pristigenys alta,159295
Telmessus cheiragonus,254360
Antipathes rhipidion,283919
Sarcodia dentata,371389
Stellifer vermicularis,1806370
Pachypterus acutirostris,1020595
Monopterus cuchia,NA
Parastacus defossus,885697
Raja undulata,105891
Ameiurus catus,1023048
Gnathanodon speciosus,218429
Anarhichas lupus,126758
Penaeus chinensis,NA
Tridacna squamosa,207674
Dipturus oxyrinchus,105872
Conger myriaster,271745
Lutjanus argentimaculatus,218498
Sarda orientalis,219713
Penaeus latisulcatus,NA
Tridacna derasa,382205
Rhombosolea leporina,282600
Echinus melo,124294
Psolus ephippifer,529180
Sepia hedleyi,NA
Hydrophis viperinus,1377547
Acheilognathus rhombeus,1022001
Alepocephalus longiceps,272844
Anchoa cubana,275513
Apodichthys flavidus,279664
Aruma histrio,279704
Bagre bagre,275587
Bathylagus gracilis,234647
Blennophis anguillaris,219189
Cabillus lacertops,219395
Atropus hedlandensis,1803657
Cephalocassis melanochir,280075
Cheilopogon nigricans,217861
Chrysiptera rapanui,276838
Congiopodus peruvianus,278357
Cristatogobius nonatoae,280433
Cynopotamus argenteus,1018303
Decapterus macrosoma,218426
Docimodus johnstoni,1019221
Engyophrys sanctilaurentii,276187
Etelis carbunculus,212545
Florenciella lugubris,398513
Gila nigrescens,1021597
Fenestraja sibogae,275418
Coelophrys micropus,314177
Hepsetus odoe,581702
Hoplobrotula gnathopus,217804
Ictalurus dugesii,1020044
Kronichthys heylandi,1468633
Lamprogrammus brunswigi,159133
Lepturacanthus savala,281334
Loricaria cataphracta,1021122
Malacocottus gibber,279441
Micrognathus andersonii,218018
Mustelus griseus,271384
Natalichthys leptus,218322
Pachypterus khavalchor,1014148
Odontesthes regia,281830
Oreochromis salinicola,1014339
Centropyge multifasciata,278843
Paratilapia polleni,1019611
Percina caprodes,593219
Pimelodus fur,1020410
Pollichthys mauli,127299
Pristotis obtusirostris,277180
Pseudoplatystoma tigrinum,1022312
Quietula y-cauda,282537
Redigobius amblyrhynchus,278900
Rhodichthys regina,127231
Scalanago lateralis,282667
Scymnodalatias sherwoodi,271653
Siganus stellatus,219692
Squaliobarbus curriculus,1026703
Sufflamen albicaudatum,276850
Tateurndina ocellicauda,1383558
Coptodon walteri,1013321
Tridentiger barbatus,283044
Urobatis jamaicensis,283086
Xiphasia matsubarai,219344
Neomaja goltziana,870204
Panulirus japonicus,210356
Petrarctus brevicornis,382963
Macrobrachium aemulum,587078
Metapenaeopsis novaeguineae,377510
Acetes erythraeus,210649
Squilla empusa,158466
Petrochirus californiensis,368345
Onychoteuthis banksii,140649
Eledone moschata,140601
Dinocardium robustum,156843
Tagelus peruvianus,507367
Mactra petitii,NA
Eastonia rugosa,140293
Tivela stultorum,367761
Triplofusus princeps,607919
Lottia limatula,456596
Labiostrombus epidromis,NA
Oliva reticulata,448146
Vasula deltoidea,714225
Mesoplodon mirus,137126
Spongia nitens,NA
Jania rubens,145130
Ulva prolifera,234476
Lycenchelys antarctica,234625
Halosaurus pectoralis,272743
Rhabdosargus haffara,218620
Lepisosteus oculatus,275402
Dipturus chilensis,271542
Remora osteochir,126852
Scopelosaurus argenteus,126348
Microphis brachyurus,159448
Pachycara crassiceps,127122
Cynoglossus monodi,274214
Gerres longirostris,367242
Saurida longimanus,217665
Oplegnathus robinsoni,218775
Mystus multiradiatus,1011159
Percocypris pingi,1015890
Biemna variantia,133205
Agonostomus catalai,218877
Mormyrus longirostris,1021701
Pseudupeneus grandisquamis,273662
Sillago japonica,273944
Corystes cassivelaunus,107277
Stichopathes pourtalesi,283975
Microchloropsis gaditana,1370287
Paralonchurus goodei ,NA
Mastacembelus unicolor,1022613
Alitta virens (formerly Nereis virens),NA
Parastacus pilimanus,885701
Rostroraja alba,105896
Ameiurus melas,154205
Chloroscombrus chrysurus,159483
Anarhichas minor,126759
Penaeus kerathurus,NA
Sepia officinalis,141444
Malacoraja senta,158554
Tylosurus acus,126378
Lutjanus argentiventris,276524
Sarda chiliensis,293729
Penaeus occidentalis,NA
Hippopus hippopus,216411
Psammobatis normani,282390
Anseropoda placenta,123985
Psolidium poriferum,529649
Sepia grahami,438902
Laticauda semifasciata,1393155
Acheilognathus tabira,1017240
Alepocephalus rostratus,126684
Anchoa curta,275514
Apodocreedia vanderhorsti,219163
Ascelichthys rhodorus,279706
Bagre marinus,158713
Lipolagus ochotensis,281374
Blepsias bilobus,254540
Caecobarbus geertsii,1016826
Carangichthys humerosus,1803658
Cephalopholis argus,218174
Cheilopogon spilopterus,272164
Chrysochir aurea,1805636
Neolebias gossei,1013587
Cristiceps aurantiacus,276603
Cynoscion acoupa,276074
Decapterus muroadsi,273279
Doederleinia berycoides,280572
Engyprosopon grandisquama,219802
Etelis coruscans,212544
Floridichthys carpio,280790
Gila robusta,1014229
Gvozdarus svetovidovi,234674
Haliichthys taeniophora,314531
Heptapterus mustelinus,1026879
Hoplolatilus chlupatyi,278087
Ictalurus lupus,1021349
Krusensterniella maculata,281229
Lamprologus callipterus,1017214
Lestidiops affinis,126353
Loricariichthys labialis,1019350
Malacoctenus africanus,281490
Microgobius brevispinis,275710
Mustelus higmani,271387
Naucrates ductor,126811
Neozoarces steindachneri,254580
Odontobutis obscurus,1022043
Oreochromis schwebischi,1026683
Parachaenichthys charcoti,234687
Paratrachichthys trailli,282122
Percis japonica,254389
Pimelodus grosskopfii,1017925
Pollimyrus isidori,1026778
Procatopus aberrans,1013867
Pseudoplesiops howensis,276902
Quintana atrizona,1014650
Regalecus glesne,126525
Rhodymenichthys dolichogaster,282599
Scaphirhynchus albus,1425016
Scymnodon macracanthus,299100
Siganus sutor,219688
Squaliolus aliae,271655
Sufflamen chrysopterum,276851
Tathicarpus butleri,282935
Tilesina gibbosa,282981
Tridentopsis pearsoni,1016440
Urolophus lobatus,283103
Xiphister atropurpureus,283194
Polybius navigator,1752525
Trypaea australiensis,465345
Eduarctus martensii,382952
Palaemon intermedius,514452
Metapenaeopsis palmensis,377511
Daphnia dubia,1298097
Squilla cadenati,409343
Clibanarius lineatus,367511
Onychoteuthis borealijaponica,342069
Eledone massyae,341935
Fulvia mutica,605735
Solen rostriformis,413508
Mulinia cleryana,505740
Lutraria lutraria,140295
Tivela zonaria,507958
Granolaria salmo,607915
Melongena patula,567144
Latissistrombus latissimus,1590970
Oliva tricolor,448160
Nerita peloronta,419504
Mesoplodon layardii,231429
Spongia zimocca,NA
Lithophyllum byssoides,145140
Ulva conglobata,371803
Lycodapus antarcticus,234662
Notacanthus sexspinis,221411
Upeneus pori,273671
Lepisosteus platyrhincus,1017721
Rioraja agassizii,282619
Trachipterus ishikawae,272533
Scopelosaurus lepidus,126349
Ijimaia loppei,126330
Pachycara crossacanthum,274138
Symphurus vanmelleae,274282
Gobiodon citrinus,219479
Saurida gracilis,217662
Chrysoblephus lophus,218596
Mystus mysticetus,1011160
Ancherythroculter nigrocauda,1013508
Lissodendoryx complicata,NA
Chelon melinopterus,NA
Mormyrops anguilloides,581710
Eucinostomus argenteus,159732
Spicara flexuosum,1577318
Pirimela denticulata,107278
Stichopathes luetkeni,1287835
Isochrysis galbana,573884
Paralonchurus petersii,282067
Sperata seenghala,282836
Marphysa iloiloensis,1379740
Parastacus pugnax,885702
Leucoraja erinaceus,1577339
Ameiurus nebulosus,154370
Selar crumenophthalmus,159646
Zoarces americanus,159267
Penaeus esculentus,NA
Doryteuthis gahi,574538
Rajella fyllae,105894
Scomberesox saurus,126392
Lutjanus campechanus,159795
Scomber japonicus,127022
Penaeus notialis,NA
Illex coindetii,140621
Pomadasys rogerii,273513
Astropecten irregularis,123867
Trachythyone muricata,152543
Sepia elliptica,NA
Gavialis gangeticus,1041091
Achiroides leucorhynchos,279488
Alertichthys blacki,279552
Anchoa eigenmannia,275516
Ostorhinchus fasciatus,712656
Asemichthys taylori,316433
Bagre panamensis,275588
Bathylagus pacificus,272919
Bodianus diplotaenia,273527
Caecocypris basimi,1012440
Platycaranx malabaricus,1802012
Cephalopholis cruentata,279146
Cheilopogon suttoni,217859
Cichla temensis,1015785
Congopanchax brichardi,1524451
Crocodilichthys gracilis,280435
Cynoscion albus,276075
Decapterus tabl,159484
Doiichthys novaeguineae,NA
Enneacampus kaupi,280676
Etelis oculatus,159789
Foa brachygramma,209399
Gilbertolus alatus,1423234
Gymnachirus melas,159269
Halimochirurgus alcocki,280983
Heptranchias perlo,105832
Hoplolatilus starcki,278094
Ictalurus mexicanus,1018617
Kryptophanaron alfredi,281234
Lappanella fasciata,126969
Lestidium atlanticum,158871
Lotella phycis,281402
Malacoctenus versicolor,281504
Microichthys coccoi,126859
Mustelus lenticulatus,271388
Nautichthys oculofasciatus,254542
Nerophis lumbriciformis,127383
Odontocharacidium aphanes,1012719
Oreochromis shiranus,293644
Parachaetodon ocellatus,282012
Paratriacanthodes herrei,219870
Percopsis omiscomaycus,567538
Pimelodus jivaro,1014655
Polyacanthonotus rissoanus,126645
Procottus gurwicii,1525043
Pseudopoecilia austrocolumbiana,1011656
Craterocephalus stramineus,1524999
Reganochromis calliurus,1018929
Rhomboplites aurorubens,159807
Scaphirhynchus platorynchus,1022840
Scytalichthys miurus,282734
Siganus trispilos,273924
Squaliolus laticaudus,105921
Sufflogobius bibarbatus,219573
Duringlanis altae,1605379
Tocantinsia piresi,1016926
Triglachromis otostigma,1026758
Urobatis maculatus,283087
Choerodon typus,1804087
Polybius vernalis,1750288
Neotrypaea biffari,465342
Petrarctus rugosus,246458
Macrobrachium jaroense,587294
Metapenaeopsis philippii,220272
Albunea lucasia,467803
Odontodactylus scyllarus,220297
Grimothea planipes,1607504
Opisthoteuthis depressa,NA
Euaxoctopus pillsburyae,342310
Chama buddiana,504773
Spondylus limbatus,207886
Rangia cuneata,156991
Tridacna crocea,207673
Polititapes aureus,246150
Megathura crenulata,527885
Muricanthus nigritus,406197
Neodilatilabrum marginatum,NA
Oliva vidua,448164
Oliva reticularis,420126
Mesoplodon bowdoini,231430
Millepora platyphylla,210730
Pyropia leucosticta,626059
Ulva lactuca,145984
Lycodapus pachysoma,234603
Centroberyx lineatus,217895
Acanthurus gahhm,219636
Pogonophryne ventrimaculata,234793
Sympterygia bonapartii,282917
Schedophilus medusophagus,126833
Bathymicrops regis,126341
Ophidion lozanoi,272829
Bembrops greyi,NA
Syacium guineense,1577361
Gobiodon reticulatus,219480
Sargocentron rubrum,126400
Dichistius multifasciatus,221425
Mystus rhegma,1015270
Hypsibarbus pierrei,1020029
Spongionella pulchella,132335
Cephalopholis formosa,218190
Elops smithi,474894
Eucinostomus gula,159733
Mullus auratus,159418
Pisa armata,107353
Onkoisis solitaria,1595364
Abalistes filamentosus,276793
Paralonchurus rathbuni,282068
Eunice aphroditois,130053
Caulolatilus cyanops,159402
Procambarus atkinsoni,885385
Dipturus laevis,158548
Pangasianodon hypophthalmus,1015096
Campogramma glaycos,126801
Genypterus maculatus,278705
Penaeus indicus,NA
Doryteuthis pealeii,574541
Amblyraja georgiana,234607
Cololabis saira,280366
Lutjanus russellii,218473
Scomber australasicus,219715
Penaeus paulensis,NA
Illex argentinus,342064
Plectorhinchus playfairi,218554
Keratoisis grayi,125376
Staurocucumis liouvillei,325442
Sepia cultrata,NA
Alligator sinensis,1670890
Achiroides melanorhynchus,279489
Alestes baremoze,581694
Anchoa filifera,275518
Ostorhinchus semilineatus,1022235
Aseraggodes kaianus,279724
Bagre pinnimaculatus,275589
Bathylutichthys taranetzi,279874
Bodianus eclancheri,273528
Mastacembelus aviceps,1012762
Carangichthys oblongus,NA
Cephalopholis cyanostigma,279147
Cheiloprion labiatus,280136
Mayaheros beani,1467672
Congothrissa gossei,1011262
Croilia mossambica,219424
Cynoscion arenarius,276077
Decodon grandisquamis,218969
Dolichallabes microphthalmus,1014663
Enneacanthus chaetodon,1419252
Ethadophis byrnei,280721
Fodiator acutus,280791
Gilchristella aestuaria,277204
Channallabes alvarezi,1013173
Halimuraena hexagonata,218317
Heraldia nocturna,281046
Hoplomyzon atrizona,1383256
Ictalurus ochoterenai,1525044
Phalacronotus apogon,1021559
Larabicus quadrilineatus,NA
Lestradea perspicax,1014582
Lotilia graciliosa,281406
Malacoglanis gelatinosus,934289
Laemonema verecundum,272479
Mustelus lunulatus,271389
Nealotus tripes,126864
Nerophis maculatus,127384
Odontognathus mucronatus,281833
Oreochromis squamipinnis,1420555
Parachaeturichthys polynema,219534
Trachelyopterus albicrux,1018917
Pereulixia kosiensis,219327
Pimelodus maculatus,1021320
Polyamblyodon germanus,NA
Procypris mera,1015655
Pseudopungtungia nigra,1015268
Rabaulichthys altipinnis,278029
Relictus solitarius,1383636
Rhombosolea plebeia,282601
Scaphognathops bandanensis,1013128
Scytalina cerdale,254370
Siganus unimaculatus,273925
Squalogadus modificatus,221514
Centropyge venusta,312651
Taunayia bifasciata,1017043
Tomeurus gracilis,934303
Triglops forficatus,254530
Urolophus mitosis,283104
Xiphophorus alvarezi,1013802
Macropipus tuberculatus,107397
Neotrypaea californiensis,465347
Thenus orientalis,210362
Macrobrachium jelskii,587297
Metapenaeopsis rosea,377520
Acetes indicus,210647
Odontodactylus cultrifer,408963
Antillimunida hispida,1605699
Psychroteuthis glacialis,325312
Macrotritopus defilippi,534126
Batissa violacea,574116
Spondylus crassisquama,506959
Crassula aequilatera,505655
Tridacna maxima,207675
Polititapes rhomboides,745846
Fissurella virescens,575126
Muricanthus radix,406198
Canarium mutabile,NA
Nebularia eremitarum,1063206
Oliva sayana,208387
Indopacetus pacificus,231418
Rhopilema asamushi,292502
Porphyra linearis,144431
Ulva reticulata,211466
Melanostigma gelatinosum,221433
Neocyttus rhomboidalis,217959
Acanthurus sohal,219649
Lutjanus peru,276546
Sympterygia acuta,282916
Aluterus schoepfii,159490
Bathytyphlops sewelli,126346
Lamprogrammus exutus,272802
Bembrops heterurus,276578
Cephalopsetta ventrocellata,403248
Gobiodon rivulatus,219478
Rogadius pristiger,218146
Ophichthus zophochir,271991
Mystus singaringan,1026297
Hypsibarbus wetmorei,1026559
Esperiopsis villosa,133272
Dermatolepis inermis,276920
Brycon sinuensis,1524947
Eugerres plumieri,280743
Eucinostomus lefroyi,NA
Thia scutellata,107281
Callogorgia verticillata,125405
Abudefduf bengalensis,212885
Stellifer illecebrosus,276159
Ophelia bicornis,130490
Caulolatilus dooleyi,276213
Samastacus spinifrons,885705
Bathyraja eatonii,234813
Clarias batrachus,280201
Mene maculata,218450
Brotula barbata,159067
Penaeus penicillatus,NA
Loligo reynaudii,220316
Leucoraja ocellata,158553
Hyporhamphus sajori,272196
Ocyurus chrysurus,159803
Acanthocybium solandri,127014
Metapenaeus monoceros,107107
Todarodes sagittatus,140624
Plectorhinchus vittatus,218545
Pennatula phosphorea,128517
Pseudocnus laevigatus,NA
Sepia bartletti,NA
Caiman latirostris,1478602
Lamnostoma kampeni,1525803
Alestes dentex,826492
Anchoa ischana,275520
Apogonichthys perdix,209383
Aseraggodes kobensis,279726
Bagrichthys hypselopterus,1021732
Bathylychnops exilis,126730
Bodianus rufus,273541
Caecula pterygera,280010
Ferdauia orthogrammus,1605280
Cephalopholis fulva,279148
Cheilotrema saturnum,280137
Cichlasoma bimaculatum,1021606
Congresox talabon,277095
Cromeria nilotica,1018898
Cynoscion jamaicensis,276079
Dellichthys morelandi,280497
Dolichopteroides binocularis,712448
Enneanectes altivelis,280677
Etheostoma blennioides,954589
Foerschichthys flavipinnis,1015746
Gillellus arenicola,280841
Gymnammodytes capensis,219348
Halimuraenoides isostigma,218320
Herklotsichthys dispilonotus,272263
Hoplopagrus guentherii,281087
Ictalurus pricei,1259209
Kryptopterus bicirrhis,1022390
Larimus acclivis,276127
Lestrolepis intermedia,158873
Lovettia sealii,281407
Malacoraja spinacidermis,105878
Microlepidotus inornatus,281560
Mustelus manazo,214561
Neamia octospina,209404
Nerophis ophidion,127385
Odontomacrurus murrayi,126476
Oreochromis tanganicae,279204
Parachanna africana,1020092
Notoglanidium akiri,1011719
Periophthalmodon freycineti,278673
Pimelodus ornatus,1017271
Polycentropsis abbreviata,1018891
Proeutropiichthys taakree,1026691
Pseudorasbora parva,465541
Racenisia fimbriipinna,1010940
Remora brachyptera,126851
Rhombosolea tapirina,282603
Scartelaos histophorus,282671
Searsia koefoedi,126749
Siganus uspi,273926
Squalus blainville,105924
Sundasalanx malleti,1010644
Taurocottus bergii,282937
Tomicodon bidens,282986
Triglops jordani,274398
Urolophus orarius,283106
Xiphophorus montezumae,1019001
Portumnus latipes,107400
Neotrypaea gigas,465349
Phyllamphion gundlachi,1611044
Macrobrachium lamarrei,587312
Metapenaeopsis stridulans,220277
Acetes intermedius,377410
Lysiosquilla panamica,409036
Babamunida obesa,1605926
Sepia australis,NA
Enteroctopus dofleini,342305
Polymesoda aequilatera,992025
Psammotreta grandis,606752
Spisula solida,140301
Barymactra rostrata,505654
Globivenus isocardia,507671
Stromboli beebei,575135
Hexaplex brassica,596153
Latissistrombus sinuatus,1590972
Mitra mitra,590537
Cymatium femorale,225025
Mesoplodon stejnegeri,254991
Nemopilema nomurai,290453
Pterocladiella capillacea,145599
Caulerpa prolifera,144471
Nansenia antarctica,234651
Helicolenus percoides,274770
Ctenochaetus striatus,219659
Pogonophryne immaculata,234814
Psammobatis bergi,282387
Balistes punctatus,127396
Bathypterois grallator,126343
Monomitopus metriostoma,126674
Trachinus armatus,274003
Sphoeroides spengleri,158935
Gobiopsis canalis,277786
Rhinecanthus assasi,219887
Spicara nigricauda,273309
Grapsus adscensionis,241198
Actinopyga agassizii,241768
Hamacantha carteri,NA
Mesopristes elongatus,218348
Mylossoma albiscopum,1428139
Buccochromis nototaenia,1018882
Howella sherborni,126995
Lepidochitona liozonis,848100
Stomphia coccinea,100854
Acanthocepola krusensternii,278763
Gymnocranius elongatus,218578
Golfingia elongata,NA
Bathynomus giganteus,259252
Virilastacus araucanius,885710
Bathyraja spinicauda,105868
Clarias fuscus,1022031
Arripis georgiana,1577326
Hypoptychus dybowskii,281124
Penaeus subtilis,NA
Ommastrephes bartramii,181382
Bathyraja maccaini,234675
Hemiramphus brasiliensis,159279
Nemipterus virgatus,278133
Scomberomorus commerson,127024
Holthuispenaeopsis atlantica,584968
Todarodes pacificus,342067
Parupeneus heptacantha,1841078
Ptilella grandis,1379630
Heterocucumis godeffroyi,529510
Ophidion holbrookii,272824
Hydrophis schistosus,1377440
Achiropsetta tricholepis,234676
Brycinus lateralis,1015393
Anchoa januaria,275521
Verilus anomalus,1469679
Synclidopus macleayanus,712918
Bagrichthys macropterus,1021618
Bathymaster caeruleofasciatus,279415
Boehlkea fredcochui,1013421
Coelorinchus acanthiger,280242
Euprepocaranx dorsalis,NA
Cephalopholis hemistiktos,218188
Cheimarrichthys fosteri,NA
Herichthys cyanoguttatus,1011453
Congresox talabonoides,220036
Chromileptes altivelis,401295
Cynoscion leiarchus,276080
Megalodoras guayoensis,1524514
Dolichosudis fuliginosa,280575
Enneapterygius abeli,219179
Etheostoma caeruleum,1022036
Synchiropus calauropomus,NA
Gillichthys mirabilis,280851
Gymnapistes marmoratus,280952
Haliophis aethiopus,278482
Herklotsichthys gotoi,272264
Hoplosebastes armatus,281088
Idiacanthus fasciola,127354
Phalacronotus bleekeri,1020870
Larimus argenteus,276128
Lesueurigobius friesii,126904
Loweina interrupta,126624
Malacosteus niger,127358
Microlophichthys microlophus,126568
Mustelus mento,271390
Neatypus obliquus,281638
Nes longus,281732
Odontopyxis trispinosa,281836
Oreochromis upembae,1012193
Paracheilinus angulatus,278279
Parauchenoglanis monkei,1019352
Periophthalmus argentilineatus,209268
Pimelodus pictus,1020278
Polydactylus approximans,276587
Tlaloc hildebrandi,1524997
Pseudorhombus arsius,220051
Raconda russeliana,282538
Remora remora,126853
Rhyacichthys aspro,282604
Scartella cristata,126782
Sebastapistes ballieui,274757
Siganus vermiculatus,273927
Squalus cubensis,158524
Speonectes tiomanensis,1011471
Teixeirichthys jordani,212792
Tominanga aurea,283005
Triglops murrayi,127205
Urolophus paucimaculatus,283108
Xyelacyba myersi,158779
Eriphia verrucosa,107409
Neotrypaea japonica,1398867
Phyllamphion elegans,1611043
Macrobrachium lanceifrons,587319
Metapenaeopsis toloensis,220276
Acetes serrulatus,377411
Lysiosquilla hoevenii,136120
Barbicambarus cornutus,885116
Sepia braggi,NA
Octopus globosus,NA
Polymesoda caroliniana,420926
Macoma nasuta,582761
Tresus capax,367776
Mactrellona alata,505717
Globivenus rigida,420937
Haliotis corrugata,445308
Phyllonotus erythrostomus,817445
Ministrombus variabilis,1464390
Mitra stictica,590546
Macrostrombus costatus,1429775
Orcaella brevirostris,148732
Stomolophus meleagris,291140
Rissoella verruculosa,145669
Chaetomorpha aerea,145020
Paraliparis tetrapteryx,234815
Pseudogoniistius nigripes,1526164
Zebrasoma velifer,712902
Artedidraco shackletoni,234817
Piaractus mesopotamicus x Colossoma macropomum,NA
Notocrangon antarcticus,369204
Bathypterois quadrifilis,158862
Cataetyx bruuni,272761
Trachinus collignoni,274004
Takifugu xanthopterus,278432
Gobiopsis macrostomus,NA
Verulux cypselurus,1043456
Cestraeus goldiei,280088
Hemibagrus microphthalmus,281016
Mulloidichthys pfluegeri,218650
Mycale lingua,NA
Lutjanus guilcheri,218493
Salminus affinis,1020017
Dimidiochromis kiwinge,1016298
Chaetodon sedentarius,234107
Littorina saxatilis,140264
Stenisis humilis,291116
Acanthurus auranticavus,219633
Upeneichthys vlamingii,283083
Distichodus rostratus,1020653
Stellifer chrysoleuca,276153
Fredius fittkaui,443609
Pteroplatytrygon violacea,158540
Clarias macrocephalus,280202
Emmelichthys nitidus,218465
Siganus rivulatus,127045
Metapenaeus brevicornis,210396
Illex illecebrosus,153087
Bathyraja murrayi,234763
Cheilopogon agoo,272149
Isacia conceptionis,281184
Scomberomorus guttatus,219716
Xiphopenaeus riveti,585446
Nototodarus sloanii,342378
Lethenteron camtschaticum,101173
Pennatula aculeata,128515
Cucumaria kerguelensis,NA
Lepophidium negropinna,275623
Melanosuchus niger,1603217
Achirus achirus,279490
Alestopetersius brichardi,1013349
Anchoa lamprotaenia,275522
Apolemichthys guezei,211788
Askoldia variegata,279746
Bagroides melapterus,1021707
Bathymicrops brevianalis,272067
Boesemania microlepis,279922
Coelorinchus aconcagua,280244
Craterognathus plagiotaenia,1751406
Cephalopholis microprion,279150
Cheirocerus abuelo,1525083
Australoheros facetus,1020668
Congriscus megastoma,280374
Tariqilabeo latius,1605291
Cynoscion microlepidotus,276081
Deltentosteus quadrimaculatus,126880
Dolloidraco longedorsalis,234696
Enophrys bison,275355
Etheostoma flabellare,1022848
Forbesichthys agassizii,1019935
Gilloblennius abditus,280853
Gymnapogon africanus,209302
Halobatrachus didactylus,126374
Herklotsichthys lossei,212266
Hoplostethus mediterraneus,126404
Idiastion kyphos,281154
Kryptopterus cryptopterus,1026978
Larimus breviceps,276129
Letharchus velifer,158633
Loxodon macrorhinus,217355
Malakichthys wakiyae,281514
Micrometrus aurora,281561
Mustelus mosis,214558
Nebris microps,281639
Nesiarchus nasutus,126865
Odontoscion xanthops,281839
Oreochromis variabilis,1018485
Paracheirodon axelrodi,1014021
Notoglanidium macrostoma,1017647
Perissias taeniopterus,282219
Pimelodus platicirris,1016134
Leptomelanosoma indicum,281323
Prognathodes dichrous,273373
Pseudorhombus elevatus,220052
Racovitzia glacialis,234799
Remora albescens,302877
Rhycherus filamentosus,282605
Scartichthys gigas,282674
Sebastes aleutianus,274771
Siganus virgatus,273928
Squalus japonicus,271661
Suruga fundicola,282912
Teleogramma brichardi,1013847
Tomiyamichthys oni,283008
Triglops nybelini,127206
Urolophus sufflavus,283110
Xyliphius barbatus,1013552
Callinectes similis,158055
Kraussillichirus kraussi,1398872
Palibythus magnificus,382886
Macrobrachium lanchesteri,587322
Metapenaeopsis andamanensis,377476
Acetes sibogae,210650
Lysiosquilla scabricauda,409037
Cambarellus blacki,NA
Sepia brevimana,342120
Octopus hummelincki,341984
Polymesoda erosa,NA
Rexithaerus secta,NA
Tresus keenae,505781
Mactrotoma californica,505724
Venus verrucosa,141936
Haliotis cracherodii,405012
Phyllonotus regius,1514879
Terebralia sulcata,216724
Vexillum rugosum,596875
Aliger gallus,419692
Pseudorca crassidens,137104
Rhopilema hispidum,220494
Solieria chordalis,145681
Dictyopteris undulata,372001
Pogonophryne barsukovi,234826
Larus novaehollandiae,343915
Neoniphon sammara,159393
Careproctus pseudoprofundicola,234746
Haematococcus pluvialis,NA
Aplodactylus punctatus,279659
Bathysaurus mollis,126370
Dinematichthys iluocoeteoides,209277
Trachinus lineolatus,274006
Takifugu flavidus,278418
Gomphosus caeruleus,218976
Ptereleotris microlepis,219616
Cestraeus plicatilis,280090
Hampala salweenensis,1008630
Tachysurus ussuriensis,1804103
Quasillina brevis,134215
Haemulon boschmae,275723
Cynopotamus atratoensis,1018291
Diplotaxodon argenteus,1015287
Microspathodon chrysurus,281571
Littorina fabalis,140261
Epizoanthus papillosus,101037
Acanthurus pyroferus,219648
Mulloidichthys dentatus,277990
Phoenicopterus ruber,212708
Etrumeus acuminatus,308314
Fredius platyacanthus,443611
Hydrolagus colliei,271406
Clarias anguillaris,581700
Lutjanus purpureus,276547
Siganus guttatus,273913
Metapenaeus macleayi,377541
Dosidicus gigas,342291
Hemitrygon akajei,1042845
Hirundichthys affinis,159265
Plectorhinchus macrolepis,273490
Scomberomorus maculatus,159342
Trachysalambria curvirostris,107113
Octopus vulgaris,140605
Diplodus prayensis,273973
Balticina finmarchica,584787
Pseudostichopus peripatus,529641
Genypterus tigerinus,278706
Hydrophis stokesii,1377417
Achirus lineatus,279493
Alfaro cultratus,1017616
Anchoa lyolepis,275524
Apomatoceros alleni,1016670
Kopua minima,1804070
Bagropsis reinhardti,1020368
Bathymyrus smithi,217544
Bolbometopon muricatum,219074
Coelorinchus anatirostris,280247
Carangoides praeustus,276244
Cephalopholis miniata,218184
Cheirodon pisciculus,1018740
Amphilophus istlanus,NA
Congrogadus amplimaculatus,280375
Crossorhombus azureus,278305
Cynoscion nothus,159305
Deltistes luxatus,1020084
Dolopichthys danae,126563
Enoplosus armatus,280685
Etheostoma pottsii,1419879
Forcipiger flavissimus,218760
Pseudoginglymostoma brevicaudatum,220031
Gymnarchus niloticus,1022677
Halophryne diemensis,280985
Kyphosus azureus,1019728
Haplochromis retrodens,1026859
Idiolophorhynchus andriashevi,281156
Kryptopterus macrocephalus,1419649
Larimus effulgens,276130
Japonolycodes magellanicus,1803736
Lubricogobius exiguus,277935
Malapterurus electricus,1023004
Micromyzon akamai,1007075
Mustelus norrisi,271392
Nebris occidentalis,281640
Nessorhamphus ingolfianus,126292
Serrapinnus gracilis,1013797
Oreoglanis delacouri,1525354
Paracheirodon innesi,1525327
Paravandellia oxyptera,1015361
Perissodus eccentricus,1012776
Pimephales promelas,567543
Polydactylus opercularis,367295
Prognichthys brevipinnis,217873
Pseudorhombus javanicus,277079
Radiicephalus elongatus,126524
Callionymus calcaratus,NA
Rhynchactis leptonema,282607
Scarus coeruleus,159300
Sebastes borealis,274777
Siganus vulpinus,273929
Squalus melanurus,271662
Sutorectus tentaculatus,282913
Telmatherina abendanoni,1017372
Tondanichthys kottelati,719669
Triglops scepticus,254531
Trygonoptera testacea,283063
Xyrauchen texanus,1021240
Callinectes rathbunae,422039
Neotrypaea petalura,1398900
Thalassina anomala,477807
Macrobrachium lar,220135
Metapenaeopsis barbata,241291
Lucensosergia lucens,1056503
Lysiosquilla maculata,211183
Cambarus bartonii,885721
Sepia elobyana,342129
Octopus joubini,341985
Polymesoda expansa,NA
Eurytellina laceridens,878261
Tresus nuttallii,505780
Mactrotoma velata,505727
Isognomon janus,507054
Haliotis fulgens,445325
Plicopurpura columellaris,396989
Pirenella cingulata,870525
Vexillum vulpecula,591540
Strombus pugilis,419695
Feresa attenuata,137095
Pocillopora damicornis,206953
Sphaerococcus coronopifolius,145908
Dictyota dichotoma,145367
Pogonophryne scotti,234837
Pachyptila turtur,212648
Sargocentron diadema,217947
Careproctus vladibeckeri,274482
Hyriopsis cumingii,NA
Pinguipes chilensis,279407
Saurida brasiliensis,158756
Diretmoides pauciradiatus,126397
Trachinus pellegrini,274007
Canthigaster valentini,219947
Grammoplites scaber,278548
Pteragogus flagellifer,219052
Hoplostethus melanopus,217893
Brama dussumieri,221416
Schizothorax taliensis,NA
Polymastia hemisphaerica,134200
Bairdiella chrysoura,159303
Cynopotamus magdalenae,1423466
Diplotaxodon ecclesi,1009389
Azurina multilineata,1623786
Littorina obtusata,140263
Metridium dianthus,158251
Acanthurus xanthopterus,219634
Gerres simillimus,713356
Pandion haliaetus,159377
Acanthurus dussumieri,219641
Fredius stenolobus,443613
Acipenser ruthenus,233941
Heterobranchus bidorsalis,1021064
Lutjanus synagris,159800
Leionura atun,NA
Metapenaeus endeavouri,241292
Todarodes angolensis,225569
Chimaera monstrosa,105824
Muraenolepis marmorata,313346
Plectorhinchus mediterraneus,126946
Scomberomorus sierra,273821
Aristaeopsis edwardsiana,240796
Eumetopias jubatus,254999
Diplodus bellottii,127050
Funiculina quadrangularis,128506
Molpadia musculus,124801
Brotula multibarbata,217797
Paleosuchus trigonatus,1670897
Achirus mazatlanus,279494
Allenichthys glauerti,279553
Anchoa marinii,275525
Apopterygion alta,279668
Aspasmichthys ciconiae,279748
Bagrus bajad,1023023
Bathyonus laticeps,126666
Boleophthalmus birdsongi,279923
Coelorinchus argentatus,280250
Platycaranx talamparoides,1803656
Cephalopholis nigri,279151
Chela cachius,280139
Amatitlania nigrofasciata,991202
Congrosoma evermanni,280381
Crossosalarias macrospilus,280437
Cynoscion othonopterus,276084
Delturus angulicauda,1422348
Doraops zuloagai,1014519
Entelurus aequoreus,127379
Etmopterus bigelowi,215605
Matanui bathytaton,475057
Ginsburgellus novemlineatus,280855
Gymneleotris seminuda,280953
Halosauropsis macrochir,126639
Heros efasciatus,1017024
Hoplunnis diomediana,275443
Idiolychnus urolampus,217702
Kuhlia sandvicensis,278250
Larimus pacificus,276131
Lethops connectens,240723
Lucania goodei,422558
Malapterurus microstoma,1013242
Micronemacheilus cruciatus,NA
Mustelus palumbes,214560
Nebrius ferrugineus,220030
Nettastoma solitarium,271912
Odontostomias masticopogon,281840
Pseudophoxinus handlirschi,1015641
Parachela cyanea,1010859
Parawaous megacephalus,1018535
Peristedion cataphractum,127233
Pingalla lorentzi,991297
Polydactylus plebeius,NA
Prolabeo batesi,1015702
Pseudorhombus oligodon,277087
Radulinus vinculus,282544
Retroculus lapidifer,1019374
Rhynchobatus australiae,278217
Scarus forsteni,276046
Sebastes caurinus,274780
Sigmistes caulias,282788
Squalus mitsukurii,217371
Svetovidovia lucullus,126500
Telmatochromis bifrenatus,1015142
Tongaichthys robustus,283009
Myoxocephalus quadricornis,254529
Urolophus viridis,283111
Xyrias revulsus,217598
Palinustus truncatus,382889
Lepidophthalmus turneranus,477719
Thaumastocheles japonicus,382870
Macrobrachium latidactylus,587340
Metapenaeopsis commensalis,377481
Sicyonia burkenroadi,377625
Harpiosquilla harpax,221013
Distocambarus carlsoni,NA
Sepia esculenta,NA
Amphioctopus membranaceus,535830
Polymesoda triangula,992026
Eurytellina simulans,594099
Mactra achatina,216451
Rangia mendica,505755
Pholas chiloensis,507031
Haliotis sorenseni,445362
Calotrophon turritus,406358
Cerithidea quoyii,758738
Conus litteratus,215522
Turbinella pyrum,208609
Hydrurga leptonyx,231417
Gardineroseris planulata,207274
Ptilonia magellanica,325562
Eisenia arborea,371990
Arctozenus risso,126352
Pterodroma cervicalis,225957
Bodianus axillaris,218933
Lobotes pacifica,273633
Cristaria plicata,1026038
Antillogorgia elisabethae,708862
Bolinichthys photothorax,158886
Myripristis kuntee,217915
Uranoscopus albesca,274029
Arothron immaculatus,219931
Gunnellichthys viridescens,219609
Pseudovespicula dracaena,282484
Lepidotrigla bispinosa,218126
Helicolenus mouchezi,274769
Mulinia edulis,505741
Tentorium semisuberites,134224
Atrobucca marleyi,218636
Chalceus macrolepidotus,1014592
Diplotaxodon limnothrissa,1010906
Halichoeres cyanocephalus,275760
Lacuna crassior,140167
Stylopathes americana,291150
Bathyraja tunae,398285
Gerres subfasciatus,276969
Numenius tenuirostris,366864
Acanthurus grammoptilus,272961
Sylviocarcinus pictus,443910
Acipenser stellatus,126278
Sorubim lima,1016883
Orthopristis chrysoptera,158810
Thyrsites lepidopodea,1494219
Metapenaeus joyneri,377538
Martialia hyadesi,325305
Hydrolagus novaezealandiae,271415
Salilota australis,282654
Pomadasys incisus,126947
Scomberomorus queenslandicus,273818
Aristeus antennatus,107083
Callorhinus ursinus,254997
Pagrus major,273976
Radicipes gracilis,125357
Paradota marionensis,529023
Lyconus pinnatus,279334
Crocodylus acutus,422566
Brachirus niger,712917
Alloblennius parvus,219230
Anchoa nasus,275528
Aporops bilinearis,218170
Aspericorvina jubata,279753
Bagrus docmak,1026979
Bathyphylax bombifrons,219867
Bolinichthys distofax,272649
Coelorinchus argus,280251
Caranx bucculentus,273270
Cephalopholis sexmaculata,218189
Laubuka laubuca,1011905
Rocio octofasciata,956728
Conidens laticephalus,280382
Formosania lacustris,1026435
Cynoscion parvipinnis,276085
Denariusa bandata,NA
Trachydoras brevis,1021671
Entomacrodus cadenati,277240
Etmopterus brachyurus,215606
Fossorochromis rostratus,1016786
Girardinichthys multiradiatus,1016200
Gymnelopsis brashnikovi,280954
Halosaurus ovenii,126641
Herotilapia multispinosa,1020830
Horabagrus brachysoma,281089
Iguanodectes spilurus,1020498
Kuiterichthys furcipilis,281235
Guyanancistrus brevispinis,1012180
Eumicrotremus awae,1526183
Lucayablennius zingaro,281410
Malpulutta kretseri,1015053
Coelonotus argulus,317230
Mustelus punctulatus,105823
Nectoliparis pelagicus,281641
Nettenchelys gephyra,281738
Odontostomops normalops,126340
Oreonectes anophthalmus,1011783
Aseraggodes xenicus,398698
Paraxenisthmus springeri,282136
Peristedion liorhynchus,274642
Pinguipes brasilianus,236485
Polydactylus sexfilis,NA
Prolabeops melanhypopterus,1026325
Pseudorhombus pentophthalmus,277088
Raiamas ansorgii,1017855
Retropinna retropinna,282568
Rhynchobatus djiddensis,217378
Scarus iseri,276052
Sebastes constellatus,274783
Signigobius biocellatus,282790
Squatina aculeata,105926
Syacium gunteri,275839
Trematocara macrostoma,1014128
Tor khudree,1026321
Trigonolampa miriceps,127377
Urolophus westraliensis,283112
Xyrichtys novacula,126971
Palinustus mossambicus,210353
Gilvossius tyrrhenus,1398927
Thaumastocheles zaleucus,382871
Macrobrachium latimanus,587344
Metapenaeopsis crassissima,377484
Sicyonia carinata,107114
Harpiosquilla raphidea,409258
Creaserinus byersi,885249
Sepia kobiensis,NA
Sepia aureomaculata,342113
Villorita cyprinoides,987300
Chione californiensis,507499
Mactra violacea,505686
Lutraria complanata,505664
Atrina maura,507064
Muricanthus ambiguus,NA
Cymia tectum,396638
Turritella terebra,215163
Conus quercinus,215439
Mauritia histrio,216870
Cephalorhynchus commersonii,254976
Leptoseris papyracea,207278
Ballia callitricha,214079
Petalonia fascia,145863
Lycenchelys bellingshauseni,234776
Pterodroma leucoptera,225774
Choerodon robustus,218950
Pogonophryne cerebropogon,234832
Andrias davidianus,1398063
Lampetra aepyptera,1026288
Bolinichthys supralateralis,126583
Melamphaes leprus,274931
Uranoscopus cadenati,274032
Cyclichthys orbicularis,219968
Gymnothorax kidako,271843
Synodus macrops,217666
Lepidotrigla faurei,218123
Bodianus scrofa,126958
Clarias nigromarmoratus,1013367
Anthothela grandiflora,125414
Upeneus taeniopterus,218685
Metynnis lippincottianus,1026793
Cichla monoculus,1014783
Symphodus tinca,273575
Lacuna parva,140169
Virgularia mirabilis,128539
Irolita westraliensis,398304
Diapterus brevirostris,398538
Halcyon smyrnensis,1443780
Acanthurus guttatus,219650
Valdivia serrata,443915
Huso huso,NA
Pseudoplatystoma fasciatum,874261
Parapristipoma octolineatum,126945
Ruvettus pretiosus,126867
Metapenaeus dobsoni,210394
Callistoctopus macropus,NA
Callorhinchus capensis,221460
Bregmaceros mcclellandi,217740
Brachydeuterus auritus,126943
Scomberomorus niphonius,273817
Pandalus borealis,107649
Arctocephalus pusillus,231410
Acanthina monodon,377982
Primnoa resedaeformis,125411
Ctenocidaris (Eurocidaris) nutrix,513636
Sepioloidea lineolata,342394
Mecistops cataphractus,1478600
Achoerodus gouldii,279497
Alloclinus holderi,279560
Anchoa panamensis,275529
Aprion virescens,212546
Aspidontus dussumieri,219243
Bagrus meridionalis,1019366
Bathyprion danae,126689
Bollmannia boqueronensis,279927
Coelorinchus aspercephalus,280252
Caranx caballus,273271
Cephalopholis sonnerati,218183
Chelaethiops bibie,1022597
Ciliata mustela,126448
Cirrhilabrus apterygia,1548323
Crossostomus fasciatus,280441
Cynoscion phoxocephalus,276086
Dendrochirus barberi,NA
Doratonotus megalepis,280576
Entomocorus benjamini,1017063
Etmopterus bullisi,158521
Fowleria aurita,209401
Girardinus creolus,1383109
Gymnelus hemifasciatus,254583
Hampala dispar,1015493
Herpetoichthys fossatus,281051
Horadandia atukorali,281090
Iheringichthys labrosus,1020411
Kumba calvifrons,275373
Lates angustifrons,1018405
Lethrinops albus,1016694
Lucifuga dentata,1021352
Malthopsis annulifera,277540
Microphotolepis schmidti,281564
Mustelus whitneyi,271395
Nedystoma dayi,1019816
Genidens barbus,280825
Odonus niger,219883
Oreosoma atlanticum,217961
Paracirrhites arcatus,218866
Parazacco spilurus,282137
Peristedion longispatha,274643
Pinirampus pirinampu,1022808
Polydactylus sextarius,218912
Prolatilus jugularis,282360
Pseudorhombus triocellatus,277094
Rainfordia opercularis,282545
Rexea antefurcata,276888
Rhynchobatus luebberti,278219
Scarus taeniopterus,276062
Sebastes diploproa,274787
Sikukia gudgeri,1296624
Squatina africana,217373
Syacium latifrons,275840
Temera hardwickii,282938
Tor tambroides,1021640
Trimma avidori,219587
Urophycis cirrata,272520
Xystreurys liolepis,283199
Palinustus unicornutus,210352
Neoglyphea inopinata,382840
Thaumastochelopsis wardi,382873
Macrobrachium lepidactyloides,587348
Metapenaeopsis dalei,377485
Sicyonia dorsalis,377631
Hemisquilla ensigera,408962
Faxonella clypeata,885276
Sepia latimanus,NA
Sepia foliopeza,NA
Polymesoda inflata,575042
Chionista fluctifraga,507511
Meropesta capillacea,505736
Malleus regula,605717
Atrina tuberculosa,507065
Hexaplex princeps,596162
Vokesimurex recurvirostris,405226
Turritella duplicata,215162
Oxymeris areolata,564239
Oliva tigrina,208380
Cephalorhynchus eutropia,254977
Pavona clavus,207318
Cladodonta lyallii,373639
Hydroclathrus clathratus,145861
Hyperoglyphe bythites,273310
Pterodroma solandri,343983
Thalassoma lunare,212209
Careproctus polarsterni,234818
Halieutopsis galatea,278802
Lampetra ayresii,NA
Centrobranchus nigroocellatus,126584
Cyttopsis rosea,127425
Uranoscopus polli,274043
Cynoglossus carpenteri,274197
Gymnothorax phasmatodes,217504
Synodus dermatogenys,217667
Lophiodes mutilus,217837
Mesoheros festae,1468486
Labeobarbus beso,1027012
Pachycerianthus borealis,283816
Diapterus rhombeus,276415
Triportheus magdalenae,1423307
Cichla orinocensis,1022807
Symphodus bailloni,273566
Lacuna vincta,140170
Neanthes fucata,130387
Potamotrygon falkneri,1013265
Deckertichthys aureolus,1043458
Falco eleonorae,212680
Acanthurus leucopareius,219624
Euryrhynchus amazoniensis,586895
Elops saurus,157875
Anguilla anguilla,126281
Pomadasys argenteus,218570
Trichiurus lepturus,127089
Metapenaeus ensis,210392
Arctocephalus australis,231435
Acipenser sturio,126279
Gadus macrocephalus,254538
Sciaena umbra,127010
Scomberomorus brasiliensis,273811
Pandalus montagui,107651
Arctocephalus gazella,231404
Adelomelon ancilla,606556
Paragorgia johnsoni,125419
Brisaster antarcticus,160790
Centrophorus isodon,271618
Crocodylus intermedius,1670891
Acipenser brevirostrum,157869
Allodontichthys hubbsi,1012427
Anchoa pectoralis,275531
Apristurus brunneus,158512
Cabdio jaya,1805550
Bahaba chaptis,279856
Bathypterois dubius,126342
Zaphotias pedaliotus,322499
Coelorinchus australis,280254
Caranx caninus,273272
Cephalopholis taeniops,279154
Chelidonichthys gabonensis,274875
Ciliata septentrionalis,126449
Conocara fiolenti,126694
Cruriraja atlantis,277288
Cynoscion reticulatus,276088
Dendrochirus biocellatus,NA
Dormitator maculatus,159700
Entosphenus tridentatus,314348
Etmopterus compagnoi,215602
Franciscodoras marmoratus,1020420
Girella simplicidens,280867
Regalecus russellii,400491
Hampala macrolepidota,1020769
Herwigia kreffti,126702
Horaglanis krishnai,1014224
Ijimaia dofleini,272024
Kumococius rodericensis,218141
Lates macrophthalmus,1015940
Lethrinus atkinsoni,278632
Luciobrotula bartschi,217806
Malvoliophis pinguis,281516
Microphysogobio koreensis,1015265
Myaka myaka,1013082
Neenchelys daedalus,281644
Nexilosus latifrons,281746
Oedalechilus labeo,126984
Orestias chungarensis,1011671
Paracirrhites forsteri,218867
Parazanclistius hutchinsi,282138
Peristedion weberi,215622
Pinjalo pinjalo,218506
Polyipnus aquavitus,274979
Promethichthys prometheus,126866
Pseudoscaphirhynchus hermanni,282473
Rostroraja ackleyi,1670923
Rexea bengalensis,219696
Macrocephenchelys brevirostris,281476
Scarus vetula,276064
Sebastes elongatus,274788
Silhouettea dotui,273471
Squatina argentina,271664
Syacium micrurum,158877
Tentoriceps cristatus,219705
Torpedo bauchotae,271679
Trimma okinawae,278508
Urophycis earllii,158989
Yarrella blackfordi,158835
Palinustus waguensis,210351
Acanthacaris caeca,293250
Upogebia capensis,246491
Macrobrachium lepidactylus,587350
Metapenaeopsis goodei,377493
Sicyonia galeata,240803
Parasquilla similis,409162
Hobbseus attenuatus,885360
Sepia longipes,NA
Sepia orbignyana,NA
Polymesoda arctata,596338
Chionopsis gnidia,507512
Standella pellucida,505778
Malleus albus,507057
Pinna rugosa,507084
Penethais callaoensis,1748379
Knefastia tuberculifera,434154
Thylacodes colubrinus,709483
Terebra subulata,208080
Cymbula miniata,456660
Cephalorhynchus heavisidii,254978
Pavona gigantea,289201
Gigartina skottsbergii,371735
Sargassum aquifolium,211988
Hyperoglyphe perciformis,126832
Puffinus gavia,225752
Chlorurus strongylocephalus,219086
Careproctus ampliceps,234764
Alepocephalus australis,217603
Lampetra planeri,148719
Ceratoscopelus warmingii,126586
Antigonia rubescens,217962
Bostrychus africanus,279942
Cynoglossus kopsii,219856
Halichoeres leptotaenia,275769
Synanceia verrucosa,215627
Narcetes stomias,126706
Holothuria arenicola,NA
Pristipomoides macrophthalmus,276555
Kophobelemnon stelliferum,128512
Calotomus viridescens,219077
Boulengerella maculata,1418633
Nimbochromis polystigma,1015297
Symphodus roissali,273573
Skeneopsis planorbis,141539
Nothria conchylega,130467
Hydrolagus lusitanicus,271410
Eugerres lineatus,280741
Charadrius leschenaultii columbinus,1806369
Acanthurus maculiceps,272963
Octopus oculifer,342010
Megalops atlanticus,126430
Anguilla australis,293541
Pomadasys jubelini,273507
Aphanopus carbo,127085
Parapenaeus longirostris,107109
Otaria byronia,344630
Acipenser gueldenstaedtii,126275
Lota lota,154388
Cynoscion analis,276076
Scomberomorus concolor,273812
Acetes japonicus,210646
Odobenus rosmarus,137077
Austrofusus chathamensis,490747
Paragorgia arborea,125418
Abatus cordatus,160763
Centrophorus atromarginatus,271616
Crocodylus mindorensis,1670893
Acipenser dabryanus,410045
Allodontichthys tamazulae,1014363
Anchoa spinifer,275533
Apristurus canutus,271334
Cabdio morar,1026586
Bahaba taipingensis,279858
Bathypterois longipes,126344
Boopsoidea inornata,218593
Coelorinchus biclinozonalis,280255
Caranx heberi,218403
Cephaloscyllium fasciatum,277100
Chelidonichthys lastoviza,127261
Cinetodus froggatti,280189
Conta conta,1026873
Cruriraja durbanensis,217386
Cynoscion similis,276089
Dendrochirus brachypterus,NA
Dorosoma petenense,276310
Eopsetta grigorjewi,280689
Etmopterus decacuspidatus,271631
Fraudella carassiops,280800
Gladioglanis machadoi,1011529
Gymnocaesio gymnoptera,219998
Hannia greenwayi,1051608
Hesperoleucus symmetricus,1017387
Oryzias setnai,1014884
Cobitis choii,1012062
Kuronezumia bubonis,217772
Lates mariae,1017918
Lethrinus enigmaticus,212072
Luciocephalus pulcher,1418110
Mancopsetta maculata,234783
Micropogonias altipinnis,275304
Mycteroperca acutirostris,273876
Neetroplus nematopus,NA
Nezumia aequalis,126473
Sternarchogiton nattereri,1421129
Orinocodoras eigenmanni,1016136
Paraclinus altivelis,282015
Parazen pacificus,221454
Leiarius perruno,1805622
Pinniwallago kanpurensis,1012287
Polylepion cruentum,282314
Pronothobranchius kiyawensis,1016095
Pseudoscaphirhynchus kaufmanni,282474
Okamejei acutispina,279178
Rexea brevilineata,276889
Rhynchodoras woodsi,1012745
Scatophagus argus,276970
Sebastes inermis,274803
Sillaginodes punctatus,282791
Squatina australis,271666
Symbolophorus barnardi,217720
Tenualosa thibaudeaui,1014887
Tetronarce californica,845703
Trimmatom eviotops,219591
Urophycis floridana,158990
Yirrkala kaupii,278950
Menippe nodifrons,241128
Acanthacaris tenuimana,246160
Upogebia major,367758
Macrobrachium macrobrachion,240830
Metapenaeopsis hilarula,220269
Sicyonia lancifer,377639
Euphausia pacifica,237851
Troglocambarus maclanei,885532
Sepia lorigera,NA
Sepia aculeata,NA
Hypanis plicata,381896
Pinctada maculata,464497
Mactra stultorum,140299
Malleus malleus,507055
Semele decisa,507284
Stramonita haemastoma,140417
Polystira nobilis,434713
Thylacodes medusae,709492
Architectonica maxima,585869
Cerithidea decollata,215142
Cephalorhynchus hectori,254979
Pavona varians,207303
Iridaea cordata,325522
Sargassum ilicifolium,494899
Girella nigricans,280865
Puffinus huttoni,225901
Scarus frenatus,219113
Coryphaenoides ferrieri,234589
Diodon holocanthus,127402
Lampetra richardsoni,NA
Gonichthys cocco,126601
Allocyttus guineensis,275299
Dormitator lebretonis,276409
Cynoglossus lachneri,219853
Halichoeres marginatus,218991
Synanceia nana,215626
Neobythites steatiticus,217809
Holothuria cinerascens,1672777
Himantura leoparda,398328
Distichoptilum gracile,128524
Chlorurus cyanescens,219084
Leporinus agassizii,1019329
Crenicichla lenticulata,1018520
Sparisoma frondosum,273775
Nucella lapillus,140403
Ditrupa arietina,130987
Rhinochimaera africana,221463
Heniochus singularius,218766
Charadrius alexandrinus,212611
Acanthurus nigricans,219638
Leiopotherapon plumbeus,1020693
Albula vulpes,212256
Muraenesox cinereus,126296
Conodon nobilis,280386
Sarda sarda,127021
Xiphopenaeus kroyeri,377690
Phoca vitulina,137084
Acipenser transmontanus,238345
Eleginus gracilis,254537
Menticirrhus americanus,159326
Scomberomorus plurilineatus,219719
Macrobrachium amazonicum,587088
Pagophilus groenlandicus,159019
Perumytilus purpuratus,600490
Acanthogorgia armata,125348
Solanometra antarctica,173988
Physiculus fulvus,158987
Crocodylus palustris,1398059
Acipenser fulvescens,271694
Lumpenopsis hypochroma,281437
Anchoa tricolor,275535
Apristurus gibbosus,271337
Aspidophoroides bartoni,NA
Baileychromis centropomoides,1012734
Bathyraja abyssicola,271503
Boraras brigittae,1524293
Coelorinchus braueri,280257
Caranx ignobilis,218414
Cephaloscyllium isabella,298238
Chelidonichthys spinosus,274878
Cirrhigaleus asper,217366
Contusus richei,280389
Cruriraja parcomaculata,217384
Cynoscion stolzmanni,276092
Dendrochirus zebra,218053
Doryichthys boaja,NA
Epalzeorhynchos bicolor,1015830
Etmopterus gracilispinis,158523
Frontilabrus caeruleus,280802
Gladiogobius ensifer,219469
Gymnocanthus herzensteini,274373
Hapalogenys analis,280989
Pseudoxiphophorus attenuatus,1803728
Howella brodiei,126994
Ilisha filigera,281161
Kurtus gulliveri,281236
Lates microlepis,1019150
Lethrinus erythropterus,212074
Luciogobius albus,281423
Neoachiropsetta milfordi,234804
Micropogonias ectenes,275305
Mycteroperca bonaci,159231
Negaprion acutidens,217356
Nezumia condylura,272403
Ogcocephalus corniger,159192
Orthodon microlepidotus,281934
Paraclinus mexicanus,282028
Pardachirus marmoratus,219829
Perryena leucometopon,282222
Pisodonophis boro,217593
Polymetme corythaeola,127300
Baldwinella eos,1803737
Pseudoscopelus altipinnis,126843
Raja mauritaniensis,1536503
Rexea nakamurai,219694
Rhynchogadus hepaticus,126499
Scaturiginichthys vermeilipinnis,991305
Sebastes jordani,274806
Sillaginopsis domina,NA
Squatina californica,271667
Symphodus cinereus,273567
Tephrinectes sinensis,282940
Torpedo fuscomaculata,217379
Trinectes maculatus,159271
Urophycis regia,158991
Yongeichthys nebulosus,219605
Panopeus africanus,107413
Eunephrops bairdii,382841
Upogebia pugettensis,367757
Macrobrachium mammillodactylus,587376
Metapenaeopsis lamellata,377499
Sicyonia stimpsoni,377652
Euphausia nana,237859
Cherax albidus,885536
Sepia lycidas,NA
Sepia pharaonis,NA
Laevicardium crassum,139004
Pinctada radiata,140890
Lutraria angustior,140294
Malletia gigantea,506212
Tagelus californianus,507361
Vasula melones,714223
Polystira oxytropis,434714
Lambis lambis,211096
Architectonica perspectiva,215169
Neobuccinum eatoni,197303
Arctocephalus forsteri,NA
Cycloseris curvata,716444
Porphyra purpurea,144434
Sargassum oligocystum,494981
Zidona dufresnii,382412
Ardenna pacifica,NA
Scarus ghobban,219127
Paraliparis andriashevi,234755
Leucosoma chinensis,NA
Lampetra lanceolata,271317
Hygophum reinhardtii,126604
Zenion hololepis,127421
Eleotris senegalensis,277807
Cynoglossus sealarki,219855
Halichoeres nigrescens,218995
Sufflamen fraenatum,276852
Neobythites stefanovi,276641
Holothuria flavomaculata,1672778
Pseudaspius brandtii,1534979
Urechis unicinctus,266877
Chlorurus enneacanthus,219089
Leporinus klausewitzi,1013756
Crenicichla lugubris,1022289
Callanthias ruber,126789
Boreotrophon truncatus,146733
Ficopomatus enigmaticus,130988
Engraulis australis,272285
Amphilophus labiatus,1018306
Ceryle rudis,212593
Acanthurus nigricauda,219626
Luciobarbus brachycephalus,1020554
Clupea pallasii,151159
Conger oceanicus,158566
Aplodinotus grunniens,590490
Sarda australis,273809
Artemesia longinaris,246225
Histriophoca fasciata,255017
Acipenser baerii,233942
Microgadus tomcod,158928
Menticirrhus littoralis,159327
Scomberomorus munroi,273816
Macrobrachium malcolmsonii,220142
Pusa hispida,159021
Brachidontes rodriguezii,367978
Flabellum macandrewi,NA
Promachocrinus kerguelensis,173830
Squatina occulta,271672
Osteolaemus tetraspis,1478632
Acipenser medirostris,271695
Allomicrodesmus dorotheae,279561
Anchoa trinitatis,275536
Apristurus herklotsi,271338
Aspidoras albater,1383673
Bairdiella ronchus,276072
Bathyraja aleutica,271506
Boridia grossidens,279940
Coelorinchus caelorhincus,398381
Caranx latus,126804
Cephaloscyllium laticeps,277102
Chelidoperca hirundinacea,277020
Cirrhigaleus barbifer,279157
Cookeolus japonicus,127003
Cruriraja poeyi,277290
Cynoscion virescens,276094
Dendrophysa russelii,280499
Dunckerocampus baldwini,310943
Epapterus blohmi,1012059
Etmopterus granulosus,215607
Fucomimus mus,219212
Glanapteryx anguilla,1016129
Gymnocephalus acerina,723433
Haploblepharus edwardsii,217646
Hetereleotris apora,219496
Hozukius emblemarius,281092
Ilisha fuerthii,281162
Kyphosus bigibbus,218707
Latimeria chalumnae,217438
Lethrinus harak,212063
Luciopimelodus pati,1022593
Barbodes resinus,1016539
Micropterus dolomieu,151296
Mycteroperca cidi,273877
Nelusetta ayraud,281648
Nezumia convergens,272404
Ogilbia cayorum,281844
Orthonopias triacis,281935
Paraconger caudilimbatus,158569
Pardachirus pavoninus,278364
Persparsia kopua,282223
Pisodonophis cancrivorus,217594
Polymixia japonica,274320
Propherallodus briggsi,282367
Pseudosimochromis curvifrons,1014728
Rajella annandalei,271587
Rexea prometheoides,219695
Rhynchohyalus natalensis,126734
Schedophilus huttoni,219741
Sebastes maliger,274815
Sillago ciliata,273939
Squatina dumeril,158525
Symphodus melops,273571
Teramulus kieneri,282941
Torpedo mackayana,271682
Trinorfolkia clarkei,283051
Uropterygius macrocephalus,212037
Eonemachilus altus,1805631
Cyclozodion angustum,421921
Eunephrops cadenasi,382842
Upogebia pusilla,107741
Arachnochium mirabile,586925
Metapenaeus affinis,210397
Sicyonia typica,377654
Thysanoessa inermis,110708
Paranephrops planifrons,885694
Sepia bertheloti,141442
Sepia andreana,NA
Laevicardium elatum,381709
Pteria avicular,464504
Lutraria oblonga,NA
Atactodea striata,140349
Chione undatella,507502
Natica broderipiana,NA
Tiariturris libya,435054
Lambis truncata,211091
Dolabella auricularia,208629
Trophon albolabratus,197502
Arctocephalus galapagoensis,255008
Cycloseris distorta,207326
Asparagopsis armata,144438
Sargassum paniculatum,495016
Semele solida,507298
Thalasseus bergii,413041
Scarus niger,219129
Neodraco lonnbergi,1803734
Aluterus heudelotii,159489
Lampetra pacifica,NA
Hygophum taaningi,126605
Atherina lopeziana,272029
Oxyeleotris lineolata,991293
Diodon liturosus,219970
Halichoeres stigmaticus,275802
Suezichthys gracilis,278742
Pterois miles,218077
Holothuria fuscocinerea,NA
Luciobarbus capito,1016630
Holothuria arguinensis,NA
Chlorurus japanensis,219081
Leporinus subniger,1014574
Geophagus abalios,1009482
Chirolophis ascanii,127071
Urosalpinx cinerea,140429
Filograna implexa,130989
Anchoa lucida,275523
Cichlasoma trimaculatum,991205
Botryocladia botryoides,145836
Acanthurus nigroris,219642
Semilabeo obscurus,1012290
Alosa immaculata,272251
Belone belone,126375
Totoaba macdonaldi,283019
Scomber scombrus,127023
Aristaeomorpha foliacea,158326
Phoca largha,255021
Polyodon spathula,994653
Pollachius virens,126441
Umbrina cirrosa,127012
Cybiosarda elegans,280459
Crangon crangon,107552
Pusa caspica,255022
Chamelea striatula,141908
Flabellum angulare,NA
Astrotoma agassizii,173167
Scaphirhynchus suttkusi,282668
Caiman yacare,1478610
Acipenser mikadoi,271696
Allomycterus pilatus,279562
Anchovia clupeoides,279607
Apristurus indicus,217635
Aspiolucius esocinus,1020429
Bajacalifornia burragei,272857
Bathyraja andriashevi,271507
Borostomias antarcticus,127334
Coelorinchus canus,280260
Caranx lugubris,126805
Cephaloscyllium silasi,277103
Chelmon muelleri,278683
Cirrhilabrus balteatus,277838
Copadichromis azureus,1011431
Pagetodes antarcticus,319966
Cynoscion xanthulus,276095
Dentatherina merceri,280500
Dotalabrus alleni,280577
Epetriodus freddyi,280691
Etmopterus hillianus,158522
Fundulosoma thierryi,NA
Glanidium albescens,1020370
Gymnocephalus baloni,1012846
Haploblepharus fuscus,217644
Heteristius cinctus,281053
Girardinichthys turneri,NA
Ilisha melastoma,281167
Kyphosus elegans,273521
Latris lineata,281280
Lethrinus laticaudis,278635
Luciosoma bleekeri,1020028
Mangarinus waterousi,281519
Micropterus punctulatus,1030583
Mycteroperca fusca,127038
Afronemacheilus abyssinicus,1018844
Nezumia duodecim,272405
Oidiphorus brevis,279351
Orthopristis rubra,401818
Paracottus knerii,1020417
Pardiglanis tarabinii,1013079
Perulibatrachus elminensis,279053
Placidochromis electra,1012526
Polynemus paradiseus,276918
Proscyllium habereri,282368
Pseudosphromenus cupanus,282476
Raja asterias,105881
Rexichthys johnpaxtoni,282571
Rhynchopelates oxyrhynchus,282610
Schedophilus ovalis,126834
Sebastes miniatus,274820
Sillago maculata,273947
Squatina formosa,271668
Symphodus ocellatus,273572
Terapon jarbua,218350
Torpedo marmorata,271684
Triodon macropterus,219917
Urotrygon aspidura,283113
Zabidius novemaculeatus,283201
Calappa flammea,158052
Eunephrops manningi,382843
Austinogebia wuhsienweni,NA
Macrobrachium nipponense,587405
Metapenaeus elegans,210395
Sicyonia ingentis,377635
Thysanoessa raschii,110711
Parastacus nicoleti,885700
Sepia madokai,NA
Sepia apama,NA
Laevicardium oblongum,139006
Isognomon ephippium,208462
Mactra glauca,140297
Amarilladesma mactroides,505790
Dosinia ponderosa,507563
Notocochlis chemnitzii,570162
Aporrhais pespelecani,138760
Euprotomus aurisdianae,564720
Ellobium aurisjudae,574843
Nacella concinna,197296
Arctocephalus philippii,255006
Pocillopora grandis,206952
Porphyra umbilicalis,144437
Sargassum polycystum,494865
Sebastes aurora,274774
Onychoprion fuscatus,567827
Balistoides viridescens,219875
Artedidraco orianae,234592
Ancylopsetta dendritica,276007
Ichthyomyzon bdellium,1019850
Myctophum affine,158902
Atherinomorus lacunosus,126331
Ctenogobius lepturus,276484
Cantherhines dumerilii,276248
Heniochus monoceros,218764
Suezichthys caudavittatus,278739
Parascombrops pellucidus,1043467
Holothuria hilla,NA
Misgurnus mizolepis,1019737
Rhizocrinus lofotensis,124188
Scarus caudofasciatus,219110
Megaleporinus trifasciatus,1463310
Geophagus pellegrini,1017544
Lycodes vahlii,127118
Steromphala cineraria,1039839
Sabella spallanzanii,130969
Opisthonema berlangai,275502
Hemichromis elongatus,1021151
Caulerpa cylindracea,660621
Centropyge flavissima,278836
Decorus lemassoni,NA
Alosa fallax,126415
Strongylura marina,159256
Cynoscion nebulosus,159312
Orcynopsis unicolor,127019
Aristeus varidens,234116
Cystophora cristata,137078
Megalops cyprinoides,212253
Gadus chalcogrammus,300735
Umbrina canosai,273796
Grammatorcynus bilineatus,278434
Pleoticus muelleri,377568
Pusa sibirica,255023
Chorus giganteus,404545
Flabellum alabastrum,NA
Gorgonocephalus chilensis,173173
Pseudoscaphirhynchus fedtschenkoi,282472
Fejervarya limnocharis,1458136
Acipenser naccarii,126276
Alloophorus robustus,1019558
Anchovia macrolepidota,279608
Apristurus investigatoris,271340
Aspredinichthys filamentosus,279758
Balantiocheilos melanopterus,1021826
Bathyraja diplotaenia,271511
Borostomias mononema,127336
Coelorinchus caribbaeus,280261
Caranx melampygus,218419
Cephaloscyllium sufflans,217637
Chelmon rostratus,218758
Cirrhilabrus exquisitus,218954
Copeina guttata,1020121
Cryothenia peninsulae,NA
Odaxothrissa ansorgii,281816
Denticeps clupeoides,1013859
Congoglanis alula,1017097
Ephippion guttifer,127413
Etmopterus lucifer,215604
Fundulus bifax,1011780
Glaniopsis denudata,1383774
Gymnocephalus schraetser,367606
Haploblepharus pictus,217645
Heterochromis multidens,1017102
Hucho hucho,1023062
Ilisha pristigastroides,281169
Kyphosus sectatrix,303486
Lavinia exilicauda,1017386
Lethrinus lentjan,212061
Luciosudis normani,234640
Mobula alfredi,1042871
Danio erythromicron,1017044
Mycteroperca interstitialis,273878
Schistura denisoni,1421874
Nezumia latirostrata,272414
Oligocottus snyderi,281875
Orthosternarchus tamandua,1468449
Paracrossochilus acerus,1013678
Pareiodon microps,1021466
Pervagor alternans,279221
Plagiogeneion macrolepis,279326
Polyplacapros tyleri,282317
Prosopium coulterii,567545
Pseudostegophilus nemurus,1020671
Dentiraja australis,1019871
Rhabdalestes brevidorsalis,1016851
Rhynchorhamphus georgii,220015
Schilbe intermedius,581713
Sebastes minor,274821
Sillago sihama,127046
Squatina japonica,271670
Symphorichthys spilurus,282914
Terapon puta,127078
Tetronarce nobiliana,321911
Triphoturus mexicanus,278566
Urotrygon chilensis,283115
Zacco platypus,1026712
Calappa nitida,440302
Homarinus capensis,246318
Alpheus bisincisus,210537
Macrobrachium ohione,421686
Metapenaeus insolitus,377536
Hadropenaeus lucasii,220283
Nyctiphanes australis,237863
Notostomus japonicus,514275
Sepia mestus,NA
Sepia arabica,NA
Monodacna colorata,381900
Isognomon isognomum,208468
Spisula subtruncata,140302
Paphies subtriangulata,505810
Periglypta multicostata,708830
Oliva porphyria,208377
Aporrhais serresiana,138761
Euprotomus bulla,478529
Ellobium aurismidae,591375
Nacella edgari,870959
Arctocephalus townsendi,NA
Pocillopora meandrina,206964
Erythroglossum laciniatum,144749
Turbinaria conoides,221476
Sebastes babcocki,274775
Diomedea sanfordi,379386
Centropyge multispinis,211774
Paraliparis macrocephalus,234652
Apogon imberbis,273021
Ichthyomyzon castaneus,1021311
Dasyscopelus asper,317659
Mugil bananensis,273647
Gobius rubropunctatus,273439
Lepadogaster purpurea,126519
Hippichthys penicillus,277114
Stethojulis interrupta,219063
Scorpaenopsis venosa,218106
Holothuria kefersteini,1672779
Yasuhikotakia modesta,1020293
Boltenia ovifera,103815
Scarus falcipinnis,219096
Schizodon scotorhabdotus,1008651
Geophagus steindachneri,1014603
Lycodes seminudus,127115
Beringius turtoni,138855
Pectinaria californiensis,337505
Saurida lessepsianus,932880
Notolabrus tetricus,281792
Chromochloris zofingiensis,626140
Datnioides polota,280490
Bathyraja albomaculata,271505
Alosa pseudoharengus,158669
Hemiramphus balao,159278
Cynoscion regalis,159313
Gymnosarda unicolor,219712
Heterocarpus reedi,241283
Lobodon carcinophaga,NA
Nemoossis belloci,1043474
Trisopterus esmarkii,126444
Macrodon ancylodon,281477
Auxis thazard,127016
Solenocera agassizii,377658
Erignathus barbatus,137079
Crepipatella lingulata,493731
Desmophyllum dianthus,135159
Asteronyx loveni,124951
Squatina guggenheim,271669
Amietia fuscigula,1514166
Acipenser nudiventris,126277
Allosmerus elongatus,279564
Anchoviella alleni,1014888
Apristurus japonicus,271341
Aspredo aspredo,279760
Balistapus undulatus,219874
Bathyraja griseocauda,234586
Bostockia porosa,1019059
Coelorinchus chilensis,280267
Caranx papuensis,218411
Cephaloscyllium umbratile,277104
Chelmonops truncatus,280142
Cirrhimuraena inhacae,217567
Copella arnoldi,1017646
Cryptacanthodes aleutensis,276390
Odaxothrissa mento,1017109
Derepodichthys alepidotus,280501
Draconetta xenica,221427
Ephippus orbis,280693
Etmopterus molleri,215603
Furcina ishikawae,280803
Glaucosoma hebraicum,279190
Gymnochanda filamentosa,280959
Haplochromis acidens,1013358
Heteroclinus roseus,281066
Hucho ishikawae,1016026
Iluocoetes fimbriatus,281173
Kyphosus vaigiensis,218706
Lebetus guilleti,126902
Lethrinus mahsena,212075
Lumiconger arafura,281435
Mobula birostris,1026118
Microspathodon bairdii,281570
Mycteroperca jordani,273879
Nemaclinus atelestos,281649
Nezumia liolepis,272416
Oligolepis acutipennis,219521
Oxynoemacheilus panthera,1022155
Paracyprichromis brieni,1524197
Pareiorhina rudolphi,1017742
Pterobunocephalus dolichurus,1014789
Plagiognathops microlepis,1020573
Polypterus endlicherii,1021926
Prosopium cylindraceum,282373
Pseudosynanceia melanostigma,282478
Rajella bathyphila,105892
Rhabdamia gracilis,209406
Rhytiodus argenteofuscus,1020124
Schilbe marmoratus,1017635
Sebastes mystinus,274823
Silonia silondia,282793
Squatina nebulosa,271671
Symphorus nematophorus,282915
Terapon theraps,218349
Torpedo panthera,217381
Triplophos hemingi,283054
Urotrygon microphthalmum,283117
Zaireichthys zonatus,1013296
Calappa ocellata,421918
Metanephrops binghami,382848
Alpheus spongiarum,210503
Macrobrachium olfersii,421687
Metapenaeus intermedius,377537
Haliporoides diomedeae,241282
Thysanoessa vicina,236221
Systellaspis braueri,NA
Sepia murrayi,220306
Sepiella ornata,225586
Trachycardium consors,519470
Isognomon perna,208470
Huberimactra grayi,1055865
Talona explanata,224563
Chione compta,507500
Scutellastra mexicana,456684
Euthria cornea,181057
Laevistrombus canarium,564722
Pythia scarabaeus,707659
Nacella kerguelenensis,197297
Arctocephalus tropicalis,231432
Pocillopora verrucosa,206954
Plocamium cartilagineum,145782
Turbinaria decurrens,221478
Sebastes ciliatus,274782
Morus serrator,343991
Pomacanthus asfur,219999
Paranotothenia dewitti,279364
Arnoglossus grohmanni,274165
Ichthyomyzon fossor,590493
Dasyscopelus obtusirostris,1525495
Parachelon grandisquamis,1042881
Awaous lateristriga,219387
Apletodon pellegrini,126512
Iniistius pavo,219004
Stephanolepis diaspros,127408
Scorpaenopsis lactomaculata,277525
Holothuria lessoni,NA
Tachysurus vachellii,NA
Cladophora rupestris,NA
Scarus festivus,219105
Megaleporinus muyscorum,1468634
Rhamphochromis longiceps,1021065
Lycodes gracilis,274100
Neptunea contraria,138922
Echiurus echiurus,110377
Brycon alburnus,1013918
Choerodon anchorago,277262
Codium vermilara,145093
Epinephelus corallicola,273844
Bathyraja multispinis,271525
Alosa aestivalis,158667
Antimora rostrata,126486
Cynoscion steindachneri,276091
Rastrelliger brachysoma,273807
Neocaridina denticulata,586595
Berardius bairdii,242608
Clupea harengus,126417
Trisopterus minutus,126446
Argyrosomus hololepidotus,218632
Auxis rochei,127015
Haliporoides sibogae,220285
Halichoerus grypus,137080
Cymbula safiana,456662
Desmophyllum pertusum,1245747
Ophioplinthus carinata,322562
Oxynotus japonicus,271650
Amietia vertebralis,1670915
Acipenser oxyrinchus,151802
Allotoca dugesii,1026652
Anchoviella brevirostris,275540
Apristurus kampae,271342
Platystacus cotylephorus,282281
Balistes polylepis,275234
Bathyraja hesperafricana,271513
Bostrychus zonatus,279945
Coelorinchus denticulatus,280273
Caranx senegallus,273274
Cephaloscyllium ventriosum,277105
Chelon bispinosus,273634
Cirrhinus cirrhosus,280191
Coptostomabarbus bellcrossi,1012819
Cryptacanthodes bergi,276391
Cypho purpurascens,280467
Derichthys serpentinus,126291
Draculo celetus,219778
Epibulus insidiator,218972
Etmopterus polli,271638
Fusigobius duospilus,278766
Glaucosoma scapulare,279192
Gymnocharacinus bergii,1018689
Astatotilapia burtoni,991221
Heteroconger hassi,217552
Parahucho perryi,320038
Ilyodon furcidens,1019955
Labeo altivelis,1021700
Lebiasina astrigata,NA
Lethrinus microdon,212071
Lumpenella longirostris,254351
Mylochromis formosus,1015440
Microsternarchus bilineatus,1013284
Mycteroperca microlepis,273880
Nemadactylus douglasii,281651
Nezumia loricata,272417
Oligoplites altus,276355
Oryzias javanicus,281940
Callionymus bairdi,159626
Parenchelyurus hepburni,219326
Petalichthys capensis,217875
Plagiopsetta glossa,282266
Polypterus senegalus,1020652
Prosopium williamsoni,567546
Pseudotatia parva,1012878
Rajella bigelowi,105893
Rhabdoblennius nitidus,398622
Ribeiroclinus eigenmanni,282611
Schilbe mystus,1019298
Sebastes rosaceus,274841
Siluranodon auritus,1022910
Squatina oculata,105927
Symphurus atricauda,305635
Tetrabrachium ocellatum,282943
Torpedo sinuspersici,217380
Triplophysa choprai,1015561
Urotrygon munda,283118
Zalembius rosaceus,283202
Calappa sulcata,394994
Metanephrops rubellus,382854
Alpheus stephensoni,514974
Macrobrachium patsa,587430
Metapenaeus kutchensis,377540
Hymenopenaeus equalis,377451
Nyctiphanes simplex,237864
Typhlonida propinqua,1605959
Sepia omani,NA
Sepiella inermis,220314
Trachycardium egmontianum,519471
Decatopecten amiculum,394350
Scissodesma nitida,505761
Atrina chautardi,224536
Iliochione subrugosa,708781
Distorsio decussata,476478
Buccinum humphreysianum,138865
Gibberulus gibberulus,564627
Siphonaria javanica,740945
Perissodonta mirabilis,197352
Phocoena dioptrica,254971
Porites lobata,207225
Asparagopsis taxiformis,144439
Arthrospira platensis,213728
Sebastes helvomaculatus,274799
Pelagodroma marina,212700
Pomacanthus maculosus,220005
Hyporhamphus rosae,272195
Luciobarbus bocagei,474117
Ichthyomyzon gagei,1015054
Lampanyctus nobilis,158897
Neochelon falcipinnis,1042873
Bathygobius burtoni,277622
Perulibatrachus rossignoli,279054
Istiblennius edentulus,219294
Ratabulus tuberculatus,1803738
Scorpaenopsis barbata,218109
Holothuria mexicana,NA
Sargocentron suborbitale,1021098
Ulva intestinalis,234471
Scarus globiceps,219104
Hoplias curupira,1384516
Andinoacara latifrons,1020129
Lycenchelys hureaui,234758
Neptunea antiqua,138920
Lanice conchilega,131495
Moenkhausia pittieri,1383186
Chlorurus microrhinos,277507
Laminaria rodriguezii,145729
Epinephelus howlandi,273856
Muusoctopus thielei,884005
Alosa mediocris,158668
Brosme brosme,126447
Micropogonias furnieri,275307
Rastrelliger kanagurta,127020
Palaemon serratus,107616
Physeter macrocephalus,137119
Alosa alosa,126413
Micromesistius poutassou,126439
Atractoscion aequidens,218634
Euthynnus alletteratus,127017
Panulirus polyphagus,382902
Trichechus inunguis,255026
Darina rustica,505659
Stauropathes arctica,291111
Ophiuroglypha ambigua,236028
Pseudaspius hakonensis,1572045
Limnonectes blythii,1670913
Acipenser persicus,238344
Alosa alabamae,272248
Anchoviella cayennensis,275541
Apristurus laurussonii,105807
Asprocottus abyssalis,1524940
Balistes vetula,127397
Bathyraja interrupta,271515
Bothragonus swanii,279947
Coelorinchus fasciatus,280277
Caranx sexfasciatus,218404
Cephalurus cephalus,280077
Chelon labrosus,126977
Cirrhinus microlepis,1019851
Coradion altivelis,280390
Cryptichthys jojettae,280444
Cyphocharax abramoides,1419669
Dermatolepis dermatolepis,276919
Drepane longimana,220047
Epigonus constanciae,126856
Etmopterus schultzi,271642
Gadella imberbis,158964
Glossamia gjellerupi,1015987
Gymnoclinus cristulatus,280960
Astatotilapia desfontainii,1019096
Heteroconger longissimus,126288
Huso dauricus,NA
Ilyophis brunneus,126326
Labeo angra,1026463
Lecanogaster chrysea,281281
Lethrinus miniatus,212062
Lumpenopsis pavlenkoi,281438
Marcusenius abadii,1026661
Microstoma microstoma,126724
Mycteroperca phenax,159233
Nemadoras humeralis,1019170
Nezumia micronychodon,217777
Oligoplites palometa,276357
Pteropsaron natalensis,398601
Paradiplospinus antarcticus,234697
Pareques fuscovittatus,282140
Petenia splendida,1021117
Plagioscion auratus,991166
Polyspondylogobius sinensis,282319
Protemblemaria bicirrus,282377
Pseudotolithus moorii,273786
Beringraja binoculata,1021330
Rhabdolichops caviceps,1524515
Richardsonichthys leucogaster,215623
Schilbe uranoscopus,1022398
Sebastes schlegelii,274849
Silurichthys citatus,1010642
Squatina tergocellata,271674
Symphurus ginsburgi,274245
Tetracentrum apogonoides,1019887
Tetronarce tokionis,845708
Tripodichthys angustifrons,283055
Urotrygon nana,283119
Zalieutes elater,283203
Hepatus gronovii,344728
Metanephrops sagamiensis,382855
Alpheus lottini,210544
Macrobrachium americanum,587094
Metapenaeus lysianassa,210398
Solenocera membranacea,107120
Thysanoessa spinifera,237874
Iridonida refulgens,1606710
Sepia prashadi,NA
Sepiella japonica,153107
Trachycardium isocardia,519472
Decatopecten radula,394351
Paphies ventricosa,397165
Arcuatula senhousia,505946
Tivela byronensis,507955
Rhinocoryne humboldti,446440
Aplus dorbignyi,888427
Canarium labiatum,532168
Siphonaria laciniosa,NA
Harpovoluta charcoti,197189
Dugong dugon,220227
Porites panamensis,288912
Scinaia hormoides,374105
Limnospira maxima,1327751
Sebastes melanostomus,274819
Pseudobulweria rostrata,344112
Tylosurus choram,126379
Acanthodraco dewitti,234690
Luciobarbus comizo,1021045
Ichthyomyzon greeleyi,1014132
Lampanyctus tenuiformis,158898
Mastacembelus cunningtoni,1383129
Bathygobius casamancus,277623
Allenbatrachus grunniens,221345
Istiblennius lineatus,219296
Sillaginopodys chondropus,321525
Scorpaenodes muciparus,274749
Holothuria notabilis,NA
Centropristis philadelphica,159347
Alaria pylaiei,494942
Scarus scaber,219114
Pygocentrus cariba,1026974
Kronoheros umbrifer,1525913
Parapercis dockinsi,276992
Volutopsius norwegicus,138938
Thelepus cincinnatus,131543
Leporinus ecuadorensis,1017134
Scarus compressus,276043
Padina pavonica,145385
Epinephelus timorensis,273871
Chlorella sorokiniana,614413
Sardinella gibbosa,212277
Gadus morhua,126436
Micropogonias undulatus,151158
Rastrelliger faughni,273808
Macrobrachium rosenbergii,220137
Delphinus delphis,137094
Alosa fallax,126415
Merlangius merlangus,126438
Genyonemus lineatus,280830
Euthynnus affinis,219708
Panulirus argus,382891
Hyperoodon ampullatus,343899
Fusitriton oregonensis,476496
Gersemia rubiformis,156103
Ophionotus hexactis,173591
Sigmops bathyphilus,398363
Euphlyctis hexadactyla,NA
Acipenser schrenckii,271698
Alosa braschnikowi,272249
Anchoviella elongata,275542
Apristurus longicephalus,217634
Asprotilapia leptura,NA
Balistoides conspicillum,219876
Bathyraja irrasa,234785
Bothrocara molle,234593
Coelorinchus formosanus,280279
Caranx tille,218418
Cepola macrophthalma,126835
Chelon persicus,NA
Cirrhinus reba,1026594
Chimarrichthys kishinouyei,1805576
Cryptocentroides arabicus,280445
Cyphotilapia frontosa,1018473
Dermatopsis macrodon,280509
Drombus globiceps,278095
Epigonus denticulatus,126857
Etmopterus sentosus,215601
Gadella maraldi,126488
Psammogobius biocellatus,279206
Gymnocorymbus ternetzi,862543
Pundamilia nyererei,NA
Heterodontus francisci,276694
Hybognathus placitus,1015723
Ilypnus gilberti,281174
Gymnostomus ariza,1526395
Lefua echigonia,1018274
Lethrinus nebulosus,212081
Lumpenus fabricii,127073
Marcusenius macrolepidotus,1013694
Microstomatichthyoborus bashforddeani,1017065
Mycteroperca rosacea,273883
Nemamyxine elongata,281657
Nezumia orbitalis,272422
Oligoplites refulgens,276358
Barbodes palaemophagus,1016541
Paradiplospinus gracilis,219693
Parequula melbournensis,282145
Petersius conserialis,1019361
Plagioscion squamosissimus,990098
Pomacanthus annularis,220004
Proteracanthus sarissophorus,282380
Pseudotriacanthus strigilifer,282479
Okamejei boesemani,279180
Rhabdosargus holubi,218625
Richardsonius balteatus,592850
Schindleria praematura,282679
Sebastes serranoides,274852
Silurus asotus,1018214
Squatina tergocellatoides,271675
Symphurus ligulatus,127133
Tetragonopterus argenteus,1022881
Torpedo torpedo,271691
Triportheus angulatus,1020537
Urotrygon reticulata,283121
Zanclistius elevatus,283207
Hepatus pudibundus,344730
Metanephrops sibogae,382856
Alpheus brevicristatus,514838
Macrobrachium pilimanus,587441
Metapenaeus alcocki,210390
Solenocera pectinata,210415
Thysanoessa longipes,237873
Iridonida tenella,1606717
Sepia recurvirostra,NA
Sepiadarium kochii,342391
Dallocardia muricata,381280
Annachlamys flabellata,393954
Paphies australis,505806
Mytilus trossulus,140482
Tivela planulata,507948
Siphonaria gigas,527759
Pisania striata,138924
Terebellum terebellum,215382
Siphonaria sirius,740940
Provocator pulcher,759251
Enhydra lutris,242598
Acropora florida,207058
Gelidiella acerosa,145567
Chlorella vulgaris,532029
Sebastes nebulosus,274824
Sula dactylatra,212599
Sphyraena flavicauda,212051
Pagetodes atkinsoni,1802004
Bodianus speciosus,126959
Eudontomyzon danfordi,1017700
Diaphus garmani,158888
Lates stappersii,1525847
Amblyeleotris diagonalis,209269
Colletteichthys dussumieri,280360
Istiblennius pox,219290
Sillago attenuata,273935
Uranoscopus guttatus,274039
Holothuria pardalis,NA
Diplectrum labarum,276180
Pelvetia canaliculata,145550
Scarus viridifucatus,219119
Prochilodus rubrotaeniatus,1017588
Halichoeres radiatus,275793
Gobius gasteveni,126890
Polinices hepaticus,419762
Sabellaria alveolata,130866
Lebiasina bimaculata,1021929
Scarus perrico,276057
Phyllariopsis brevipes,145732
Kuhlia mugil,218355
Phaeodactylum tricornutum,NA
Sardinella longiceps,212269
Gadus ogac,NA
Menticirrhus saxatilis,159329
Scomberomorus sinensis,273822
Sicyonia brevirostris,158342
Grampus griseus,137098
Alosa sapidissima,158670
Merluccius capensis,217746
Otolithes ruber,218641
Thunnus thynnus,127029
Panulirus homarus,210355
Globicephala melas,137097
Glycymeris longior,504499
Duva florida,146943
Ophiomisidium speciosum,243760
Salminus hilarii,1014781
Limnonectes magnus,1433709
Acipenser sinensis,271699
Alosa caspia,126414
Anchoviella guianensis,275543
Apristurus macrorhynchus,271343
Asquamiceps caeruleus,272852
Balitora annamitica,1011773
Bathyraja isotrachys,271516
Bothrocarina microcephala,279948
Coelorinchus hexafasciatus,280285
Carapus acus,126661
Ceratias holboelli,126537
Chelonodontops patoca,NA
Cirrhitichthys aprinus,218855
Coralliozetus angelicus,280393
Cryptocentrus albidorsus,278321
Cyprichromis leptosoma,1019204
Dermatopsoides kasougae,220360
Alestopetersius bifasciatus,1013396
Epigonus robustus,209381
Etmopterus splendidus,271643
Gadiculus argenteus,126435
Glossogobius giuris,219471
Gymnocranius frenatus,278871
Haplocylix littoreus,280996
Heterodontus galeatus,276695
Hydrocynus forskahlii,581706
Imparfinis mirini,1017685
Labeo bata,1022798
Leiarius marmoratus,1020624
Lethrinus olivaceus,212069
Lupinoblennius vinctus,281443
Margariscus margarita,567534
Microstomus achne,274293
Mycteroperca rubra,127039
Nemanthias carberryi,209205
Nezumia proxima,272424
Oligoplites saliens,276359
Osteobrama belangeri,1021210
Paradistichodus dimidiatus,1016749
Paretroplus damii,1019595
Petitella georgiae,1013290
Plagiotremus azaleus,278234
Pomacanthus imperator,220001
Proterorhinus marmoratus,126933
Pseudotrichonotus altivelis,282480
Dipturus bullisi,271541
Rhabdosargus thorpei,218623
Ricuzenius nudithorax,282612
Schismatogobius ampluvinculus,1010855
Sebastes serriceps,274853
Silurus biwaensis,1329864
Stalix histrio,282862
Symphurus orientalis,274266
Tetragonurus cuvieri,127080
Tetronarce tremens,845709
Tripterodon orbis,218714
Urotrygon rogersi,283122
Zanclorhynchus spinifer,234683
Dromia erythropus,241022
Metanephrops sinensis,382857
Alpheus digitalis,514862
Macrobrachium raridens,240831
Metapenaeus moyebi,210393
Solenocera africana,107118
Euphausia lucens,221055
Emerita rathbunae,467699
Sepia savignyi,220308
Euprymna berryi,342315
Trachycardium procerum,NA
Bractechlamys vexillum,394391
Donacilla cornea,140350
Septifer bilocularis,216632
Cucullaea labiata,504483
Titanostrombus galeatus,1429806
Calyptraea chinensis,138961
Tibia fusus,215385
Cassis flammea,419777
Cassis tessellata,224273
Inia geoffrensis,254960
Acropora muricata,207007
Gracilaria salicornia,211549
Auxenochlorella pyrenoidosa,1339518
Sebastes polyspinis,274837
Thalassarche carteri,225758
Sphyraena forsteri,212047
Careproctus catherinae,234620
Canthidermis sufflamen,127399
Caspiomyzon graecus,1525063
Diaphus perspicillatus,158890
Serranus accraensis,273887
Amblyeleotris downingi,278963
Lophiodes kempi,278529
Istiblennius spilotus,219300
Sillago arabica,273932
Uranoscopus dollfusi,274036
Holothuria pervicax,NA
Percalates novemaculeatus,1585685
Saccorhiza dermatodea,145734
Naso annulatus,219673
Ichthyoelephas longirostris,1017930
Sparisoma radians,273777
Gobius auratus,126884
Polinices otis,569943
Callipallene brevirostris,134643
Pseudocurimata troschelii,1021241
Morwong fuscus,1526241
Pyropia elongata,626043
Myripristis adusta,217926
Anemonia viridis,100808
Sardinella fimbriata,272269
Molva molva,126461
Umbrina canariensis,127011
Scomberomorus lineolatus,273814
Pleoticus robustus,NA
Phocoena phocoena,137117
Alosa alosa,126413
Merluccius paradoxus,217745
Pogonias cromis,159333
Thunnus atlanticus,159343
Jasus lalandii,246322
Globicephala macrorhynchus,137096
Haliotis kamtschatkana,405014
Eurete simplicissimum,171708
Ophiocten amitinum,173536
Catathyridium jenynsii,1017166
Fejervarya cancrivora,448309
Acnodon normani,1014164
Alosa kessleri,272252
Anchoviella jamesi,1016301
Apristurus macrostomus,271344
Benthophiloides turcomanus,1014795
Incisilabeo behri,1717282
Bathyraja lindbergi,271517
Bothus constellatus,274183
Coelorinchus innotabilis,280291
Carassioides acuminatus,1016266
Ceratias tentaculatus,221406
Chendol keelini,1010951
Cirrhitichthys oxycephalus,218853
Amioides polyacanthus,1017557
Myersina filifer,281597
Cyprinella alvarezdelvillari,1010963
Dermogenys brachynotopterus,280510
Dules auriga,310626
Epinephelides armatus,280694
Etmopterus unicolor,271645
Gadomus arcuatus,126469
Glossolepis incisa,1018277
Gymnocranius griseus,218576
Haplomacrourus nudirostris,217769
Heterodontus japonicus,276696
Hydrocynus vittatus,1054265
Incara multisquamatus,281176
Labeo boga,1022799
Pseudomystus siamensis,1015539
Lethrinus reticulatus,212059
Luposicya lupus,219510
Margrethia obtusirostra,127297
Microsynodontis batesii,1018686
Mycteroperca tigris,273884
Nematabramis alestes,1526109
Nezumia sclerorhynchus,126475
Oligoplites saurus,159645
Osteobrama cotio,1026492
Paradoxodacna piratica,282044
Pareuchiloglanis poilanei,1383238
Petrocephalus catostoma,1020894
Plagopterus argentissimus,1020374
Pomacentrus agassizii,277128
Protogrammus sousai,126797
Chindongo ater,1524109
Dipturus campbelli,217393
Rhacochilus toxotes,282575
Riekertia ellisi,221354
Schismatorhynchos heterorhynchos,1419158
Sebastes taczanowskii,274859
Silurus triostegus,1022128
Stanulus seychellensis,219343
Symphurus plagiusa,159363
Tetranematichthys quadrifilis,1021345
Torquigener altipinnis,278263
Tripterophycis gilchristi,217739
Urotrygon simulatrix,283124
Zanclus cornutus,220083
Cardisoma guanhumi,422183
Metanephrops thomsoni,382859
Alpheus euphrosyne,210507
Macrobrachium rude,220143
Metapenaeus papuensis,377542
Solenocera choprai,210421
Thysanoessa gregaria,110707
Emerita analoga,467695
Sepia trygonina,NA
Euprymna morsei,342317
Vasticardium pectiniforme,381353
Scaeochlamys squamata,393331
Mya truncata,140431
Choromytilus palliopunctatus,506000
Atrina vexillum,216652
Strombus gracilior,564727
Crepidula gibbosa,NA
Stellaria solaris,217332
Cassis madagascariensis,419778
Crepidula goreensis,NA
Lagenodelphis hosei,137099
Acropora humilis,207094
Eucheuma arnoldii,NA
Dunaliella salina,178972
Sebastes saxicola,274848
Thalassarche impavida,1348514
Planiliza subviridis,1043426
Lutjanus jordani,276541
Cataetyx laticeps,126657
Caspiomyzon hellenicus,1524182
Diaphus splendidus,158893
Chelidoperca africana,310096
Amblyeleotris periophthalmus,312917
Antennarius pardalis,272540
Johnius borneensis,276100
Scolopsis frenata,712734
Trichiurus auriga,219706
Holothuria spinifera,NA
Micropogonias megalops,275309
Saccorhiza polyschides,145735
Naso vlamingii,219672
Cyphocharax magdalenae,1014325
Scarus guacamaia,276049
Pomatoschistus norvegicus,126929
Euspira nitida,151894
Nymphon brevirostre,150520
Sternopygus arenatus,1418635
Symphysanodon katayamai,276566
Ulva ohnoi,376562
Myripristis amaena,276190
Pelecanus crispus,137175
Sardinella aurita,126422
Molva dypterygia,126459
Argyrosomus regius,127007
Scomberomorus cavalla,159340
Haliporoides triarthrus,220284
Delphinapterus leucas,137115
Sardinella zunasi,272277
Merluccius senegalensis,126485
Nibea albiflora,281747
Thunnus maccoyii,219720
Jasus frontalis,382880
Orcinus orca,137102
Haliotis spadicea,207658
Smilium zancleanum,733406
Ophioderma brevispinum,245516
Oxydoras niger,1013307
Hoplobatrachus tigerinus,1423452
Acreichthys hajam,277765
Alosa maeotica,272253
Anchoviella lepidentostole,275544
Apristurus manis,105808
Assessor flavissimus,279761
Banjos banjos,279860
Bathyraja matsubarai,271523
Bothus lunatus,274187
Coelorinchus japonicus,280292
Carassius cuvieri,1021969
Ceratobregma acanthops,280078
Cheroscorpaena tridactyla,280143
Cirrhitops fasciatus,218861
Corcyrogobius liechtensteini,126876
Cryptopsaras couesii,126538
Cyprinella analostana,1021263
Dexillus muelleri,317688
Dundocharax bidentatus,1013343
Hyporthodus acanthistius,475097
Etmopterus villosus,271646
Gadopsis bispinosa,1841075
Glyphis gangeticus,277183
Gymnocrotaphus curvidens,218603
Haplophryne mollis,126547
Heterodontus mexicanus,276697
Hydrolagus affinis,105825
Indoreonectes evezardi,1020541
Labeo capensis,1019406
Leiocottus hirundo,281282
Lethrinus rubrioperculatus,212077
Lutjanus agennes,276520
Marilyna darwinii,281520
Microthrissa royauxi,1018782
Mycteroperca venenosa,273885
Nematalosa come,278453
Nezumia stelgidolepis,272428
Oligosarcus hepsetus,1418059
Osteochilus melanopleura,1021724
Paragalaxias dissimilis,1015378
Pareutropius buffei,1524773
Petrochromis polyodon,1018877
Platanichthys platana,282270
Pomacentrus bankanensis,212966
Protomelas annectens,1016808
Maylandia aurora,1012824
Atlantoraja castelnaui,279816
Rhadinesthes decimus,127373
Rimicola dimorpha,282615
Schismorhynchus labialis,217595
Sebastes viviparus,127255
Simenchelys parasitica,126327
Starksia atlantica,276361
Symphurus plagusia,274269
Pachyula conorhynchus,1717285
Tosana niwae,283010
Tripterygion delaisi,127090
Vaillantella cinnamomea,1384063
Zaniolepis frenata,283208
Chaceon eldorado,442697
Metanephrops armatus,382846
Alpheus glaber,107477
Macrobrachium scabriculum,220140
Metapenaeus stebbingi,107108
Solenocera crassicornis,107119
Thysanoessa longicaudata,110709
Hippa marmorata,467822
Ascarosepion tullbergi,1667036
Heteroteuthis dispar,141446
Americardia media,420847
Minnivola pyxidata,393971
Choromytilus meridionalis,224609
Modiolus capax,506104
Pinna bicolor,207896
Lobatus peruvianus,565367
Crepidula unguiformis,138966
Mauritia arabica,216872
Mauritia eglantina,527783
Fissurella nubecula,139970
Lagenorhynchus acutus,NA
Acropora hyacinthus,207044
Hypnea cervicornis,220819
Dunaliella tertiolecta,178590
Sebastes variegatus,274863
Planiliza klunzingeri,1509598
Plicomugil labiosus,218899
Metacarcinus edwardsii,440386
Symphodus trutta,1022158
Eudontomyzon morii,1525450
Diaphus taaningi,158894
Dermatolepis striolata,218195
Amblyeleotris triguttata,278984
Antennarius striatus,158790
Johnius carutta,276103
Scolopsis aurata,276784
Muraenesox bagio,220037
Holothuria whitmaei,1672780
Paralonchurus dumerilii,282064
Chorda filum,145722
Ctenochaetus strigosus,219658
Potamorhina altamazonica,1423143
Scarus coelestinus,276042
Pomatoschistus lozanoi,126925
Patella candei,140678
Pycnogonum litorale,239867
Barbodes semifasciolatus,1026350
Scorpis lineolata,282731
Caulerpa chemnitzia,700395
Myripristis pralinia,217919
Pelecanus onocrotalus,137176
Sardinella maderensis,126423
Phycis blennoides,126501
Atractoscion nobilis,278535
Scomberomorus regalis,273819
Panulirus longipes,210354
Monodon monoceros,137116
Sardinella lemuru,272273
Merluccius bilinearis,158962
Larimichthys crocea,281271
Allothunnus fallai,219707
Jasus edwardsii,382879
Tursiops truncatus,137111
Leukoma asperrima,507734
Aega monophthalma,118825
Ophiosabine vivipara,1574978
Loricariichthys anus,1022586
Hydrophis cyanocinctus,344055
Gila alutacea,1805568
Alosa saposchnikowii,272254
Engraulis nattereri,NA
Apristurus microps,105809
Assurger anzac,279766
Barathrites iris,126664
Bathyraja meridionalis,234792
Bothus maculiferus,274188
Coelorinchus kaiyomaru,280294
Carcharhinus amblyrhynchoides,217350
Ceratoglanis scleronema,1021146
Cherublemma emmelas,280144
Cirrhitus rivulatus,279160
Coregonus autumnalis,127179
Cryptotomus roseus,277118
Cyprinella callistia,1422294
Dexistes rikuzenius,280516
Duopalatinus emarginatus,1022360
Epinephelus adscensionis,159351
Etmopterus virens,271647
Gagata cenia,280806
Glyphis glyphis,277184
Schizopygopsis stolickai,NA
Haplotaxodon microlepis,1018397
Heterodontus portusjacksoni,276699
Hydrolagus africanus,217437
Indostomus paradoxus,1015949
Labeo coubie,1013812
Nuchequula blochii,398529
Lethrinus variegatus,212076
Lutjanus analis,159792
Marleyella bicolorata,219814
Miichthys miiuy,281574
Myctophum nitidulum,126626
Nematalosa erebi,278454
Nibea maculata,281751
Oloplotosus luteus,1012547
Osteochilus spilurus,1021685
Paragaleus leucolomatus,220025
Parexocoetus brachypterus,217872
Petromyzon marinus,101174
Plataplochilus cabindae,1026673
Pomachromis fuscidorsalis,310932
Protomyctophum andriashevi,234737
Maylandia callainos,1011196
Rajella caudaspinosa,217409
Rhadinocentrus ornatus,1017241
Rineloricaria fallax,1017213
Schistura balteata,1014326
Sebastiscus marmoratus,282738
Similiparma hermani,282794
Stathmonotus culebrai,282869
Symphurus strictus,219860
Leiodon cutcutia,1022504
Tosanoides filamentosus,283011
Triso dermopterus,283058
Moolgarda cunnesius,NA
Zanobatus schoenleinii,283210
Maguimithrax spinosissimus,987079
Metanephrops velutinus,382860
Alpheus gracilipes,210514
Macrobrachium sintangense,587551
Metapenaeus tenuipes,377544
Solenocera florea,377664
Euphausia eximia,237853
Hippa strigillata,467833
Sepia peterseni,NA
Neorossia caroli,141447
Fulvia laevigata,605734
Volachlamys singaporina,394326
Geukensia demissa,156859
Mytella guyanensis,533145
Pinna muricata,207895
Persististrombus granulatus,565475
Ocenebra erinaceus,140405
Leporicypraea mappa,396637
Naria erosa,1075042
Hexaplex angularis,225350
Lagenorhynchus albirostris,137101
Isopora palifera,730686
Acanthophora spicifera,211768
Picochlorum atomus,619172
Sebastes wilsoni,274868
Pennahia aneus,1577346
Caesio lunaris,219991
Tetronarce puelcha,321912
Centropomus viridis,280070
Lethenteron kessleri,1018532
Lampadena anomala,126606
Rypticus subbifrenatus,275964
Amblygobius nocturnus,219377
Antennarius indicus,217841
Lagocephalus inermis,219955
Scarus fuscopurpureus,219132
Zenion leptolepis,217955
Thelenota rubralineata,242080
Stellifer ericymba,276156
Gracilaria gracilis,145700
Symphurus ocellatus,219862
Potamorhina latior,1022712
Holacanthus ciliaris,276012
Lebetus scorpioides,126903
Bittium reticulatum,139054
Astrospartus mediterraneus,124963
Neolissochilus thienemanni,1015654
Kathetostoma averruncus,275989
Chondria crassicaulis,372452
Myripristis violacea,217914
Bodianus oxycephalus,273538
Sardinella brasiliensis,300551
Phycis phycis,126502
Pteroscion peli,282503
Scomberomorus tritor,127025
Panulirus regius,107707
Balaenoptera acutorostrata,137087
Anodontostoma chacunda,279626
Merluccius hubbsi,272455
Leiostomus xanthurus,159322
Istiophorus platypterus,158812
Palinurus elephas,107703
Stenella longirostris,137109
Lucina pensylvanica,420791
Stereomastis suhmi,383000
Ophiosabine pentactis,1574977
Hydrolycus scomberoides,1020901
Euphlyctis cyanophlyctis,1359448
Acrochordonichthys chamaeleon,1470219
Alosa sphaerocephala,272255
Anchoviella vaillanti,1018247
Apristurus micropterygeus,271346
Astatoreochromis alluaudi,1018572
Barathronus maculatus,220010
Bathyraja minispinosa,271524
Bothus mancus,219796
Coelorinchus kamoharai,280295
Carcharhinus amblyrhynchos,217337
Ceratoscopelus maderensis,126585
Chetia flaviventris,280145
Cirrhoscyllium expolitum,280193
Coregonus chadary,1020664
Cryptotrema corallinum,280447
Cyprinella camura,1425023
Diademichthys lineatus,219756
Dupouyichthys sapito,1014513
Epinephelus albomarginatus,398484
Pseudetroplus maculatus,1461904
Gagata gagata,280807
Glyptauchen panduratus,280877
Gymnodraco acuticeps,234800
Erethistes hara,NA
Heterodontus quoyi,276700
Hydrolagus alberti,271402
Inegocia japonica,281179
Labeo cylindricus,1016913
Karalla daura,713338
Carasobarbus kosswigi,1013789
Lutjanus apodus,159793
Maroubra yasudai,281524
Millerigobius macrocephalus,126910
Myctophum punctatum,126627
Nematalosa japonica,278456
Nibea semifasciata,281754
Olyra burmanica,1020485
Osteodiscus cascadiae,281946
Paragaleus pectoralis,105803
Parhomaloptera microstoma,1019061
Petroscirtes ancylodon,219330
Platax orbicularis,218711
Haemulopsis axillaris,280973
Protomyctophum bolini,234714
Chindongo elongatus,1524897
Dentiraja cerva,1014949
Rhamdella eriarcha,1013375
Rinoctes nasutus,126708
Schizocypris brucei,1017239
Sebastolobus alascanus,282740
Pseudosimochromis babaulti,1016222
Steatocranus casuarius,1014904
Symphurus tessellatus,274276
Tetraodon pustulatus,275368
Tosarhombus neocaledonicus,283015
Tristramella sacra,1020963
Crenimugil seheli,1043477
Zappa confluentus,283211
Ucides cordatus,422170
Metanephrops arafurensis,382845
Alpheus heterochaelis,158348
Macrobrachium tenellum,587578
Metapenaeus bennettae,377533
Solenocera geijskesi,377665
Euphausia distinguenda,237852
Birgus latro,208668
Sepia elegans,NA
Rondeletiola minor,141448
Dallocardia quadragenaria,381286
Spondylus squamosus,207885
Ischadium recurvum,156861
Mytella strigata,1458663
Spondylus butleri,506964
Malea ringens,410241
Hexaplex trunculus,140396
Mauritia mauritiana,216868
Luria isabella,216862
Bolinus cornutus,140390
Lagenorhynchus australis,NA
Pavona decussata,207320
Gracilaria spinigera,374127
Ceratoneis closterium,NA
Sebastes zacentrus,274869
Scarus persicus,219130
Caesio suevica,219993
Epinephelus radiatus,218222
Chromis limbata,127001
Lethenteron ninae,1384530
Lampadena luminosa,158896
Hyporthodus ergastularius,475076
Gobioides africanus,280886
Calanus finmarchicus,104464
Lagocephalus spadiceus,127415
Scarus ferrugineus,219121
Polymixia berndti,217725
Labiobarbus siamensis,1015553
Nibea coibor,281749
Nelumbo nucifera,1600092
Paralichthys tropicus,275821
Semaprochilodus kneri,1017948
Holacanthus tricolor,276017
Buenia jeffreysii,126872
Ampulla priamus,141963
Astropecten aranciacus,123856
Poropuntius tawarensis,1525799
Gobiomorus maculatus,280897
Chondrophycus dotyi,375747
Myripristis woodsi,276204
Emmelichthys karnellai,278717
Sardinops sagax,217452
Urophycis brasiliensis,272519
Paralonchurus peruanus,282066
Scomberomorus semifasciatus,273820
Panulirus cygnus,382893
Balaenoptera musculus,137090
Brevoortia pectinata,275501
Merluccius productus,272458
Sciaenops ocellatus,159335
Makaira nigricans,126950
Palinurus gilchristi,210074
Stenella coeruleoalba,137107
Odontocymbiola americana,384707
Pasiphaea tarda,107678
Ophiacantha imago,NA
Geophagus proximus,1021549
Rana temporaria,1488291
Acromycter nezumi,275423
Alphestes afer,279567
Ancistrus cirrhosus,1022573
Apristurus nasutus,105810
Asterophysus batrachus,1021299
Barbantus curvifrons,126738
Bathyraja notoroensis,271526
Bothus ocellatus,159275
Coelorinchus karrerae,280296
Carcharhinus amboinensis,217340
Cerdale floridana,280084
Chilara taylori,280146
Cirrhoscyllium formosanum,280194
Coregonus fera,298210
Crystallichthys cyclospilus,280451
Cyprinella lutrensis,1026708
Diagramma pictum,218536
Dysalotus alcocki,159665
Epinephelus amblycephalus,273834
Etropus crossotus,158799
Gaidropsarus argentatus,126451
Alloblennius jugularis,278027
Gymnogeophagus balzanii,1017030
Harengula clupeola,277549
Heterodontus ramalheira,217626
Hydrolagus barbouri,271404
Inimicus cuvieri,212578
Bangana dero,1026567
Karalla dussumieri,713339
Leucaspius delineatus,154321
Lutjanus aratus,276523
Marukawichthys ambulator,281525
Milyeringa veritas,281575
Dasyscopelus selenops,1525496
Nematalosa nasus,217450
Nicholsina denticulata,276038
Oman ypsilon,281876
Osteogeneiosus militaris,281947
Paragaleus tengi,271331
Paricelinus hopliticus,282147
Petrotilapia genalutea,1012162
Platax teira,218710
Rhonciscus bayanus,1577353
Protomyctophum choriodon,234663
Tropheops tropheops,1026902
Rostroraja cervigoni,1667997
Leiarius arekaima,1022271
Risor ruber,282620
Schizodon corti,1525084
Kyphosus ocyurus,1018702
Sinibrama macrops,1020731
Steatogenys duidae,1525481
Symphysanodon berryi,159831
Tetraroge barbata,282946
Toxotes chatareus,283020
Trixiphichthys weberi,283059
Osteomugil speigleri,1509482
Zaprora silenus,254353
Arenaeus cribrarius,158046
Metanephrops australiensis,382847
Alpheus hoplocheles,514892
Macrobrachium sundaicum,587567
Metapenaeus conjunctus,246343
Solenocera hextii,210424
Euphausia tenera,221052
Neolithodes asperrimus,240654
Sepia erostrata,NA
Rossia macrosoma,141449
Bucardium ringens,225595
Scutarcopagia scobinata,216529
Lithophaga lithophaga,140459
Leiosolenus attenuatus,506055
Spondylus imperialis,506942
Tegula pellisserpentis,413468
Gracilipurpura craticulata,1591032
Talparia talpa,216894
Lyncina leviathan leviathan,578033
Hexaplex duplex,596154
Lagenorhynchus cruciger,NA
Euphyllia glabrescens,207617
Gracilaria textorii,371201
Crypthecodinium cohnii,109998
Lyopsetta exilis,281452
Gerres nigri,276963
Arothron stellatus,219928
Pelecanoides georgicus,225780
Cynoglossus browni,127131
Lethenteron reissneri,298381
Lepidophanes guentheri,126621
Scortum barcoo,888195
Gobioides sagitta,280890
Brycinus nurse,581695
Lamnostoma orientale,217570
Scarus arabicus,219122
Polyipnus spinosus,274998
Herklotsichthys spilura,212265
Acanthopagrus arabicus,835123
Astyanax bimaculatus,1023047
Calanus helgolandicus,NA
Semaprochilodus laticeps,1020075
Pomacanthus paru,276025
Lesueurigobius suerii,126907
Doris pseudoargus,NA
Psilaster andromeda,123908
Luciobarbus guiraonis,1020918
Naso hexacanthus,219667
Chondrus yendoi,371695
Naso brachycentron,219664
Odontanthias tapui,344679
Dorosoma cepedianum,159600
Urophycis chuss,126503
Nibea mitsukurii,281753
Scomberomorus koreanus,273813
Sagmariasus verreauxi,382906
Megaptera novaeangliae,137092
Brevoortia patronus,275500
Merluccius capensis,217746
Pseudotolithus senegallus,273787
Tetrapturus belone,126952
Procambarus clarkii,465540
Phocoenoides dalli,254987
Ostrea puelchana,397163
Lipkebe holthuisi,421684
Acodontaster elongatus,172769
Conorhynchos conirostris,1339657
Rana dalmatina,1670908
Acropoma hanedai,278050
Alphestes multiguttatus,279569
Ancylopsetta cycloidea,276006
Apristurus parvipinnis,271347
Asterorhombus cocosensis,277970
Barbatula barbatula,1013379
Bathyraja pallida,105866
Bothus pantherinus,219795
Coelorinchus kermadecus,280297
Carcharhinus borneensis,271319
Cestraeus oxyrhyncus,280089
Chilatherina axelrodi,1012493
Cirrhoscyllium japonicum,280195
Coregonus hiemalis,1418044
Crystallogobius linearis,126878
Cyprinella proserpina,1419447
Dialommus fuscus,280517
Bunocephalus aleuropsis,1020396
Epinephelus andersoni,218254
Etropus microstomus,158801
Gaidropsarus macrophthalmus,126456
Glyptophidium japonicum,278389
Gymnogobius macrognathos,314521
Harengula humeralis,367197
Heterodontus zebra,276701
Hydrolagus deani,271407
Inlecypris auropurpurea,NA
Labeo dussumieri,1022166
Leiognathus equula,303762
Petroleuciscus borysthenicus,1026991
Lutjanus bohar,218479
Mastacembelus alboguttatus,1019435
Mimagoniates inequalis,1017771
Myersglanis blythii,1020637
Nemateleotris decora,219612
Nimbochromis fuscotaeniatus,1016789
Omegophora armilla,281877
Osteoglossum bicirrhosum,1026694
Paragobiodon echinocephalus,219535
Meuschenia scabra,1841076
Petrotyx hopkinsi,282224
Platyallabes tihoni,1014563
Rhonciscus branickii,1624425
Protomyctophum tenisoni,234767
Maylandia zebra,1019099
Dactylobatus clarkii,280475
Rhamdia quelen,1022983
Rita rita,282621
Schizodon fasciatus,1022675
Sectoria atriceps,1014467
Decorus decorus,1805556
Steeneichthys plesiopsus,282876
Symphysodon aequifasciatus,1018653
Tetrosomus concatenatus,219916
Toxotes jaculatrix,283021
Paracobitis starostini,1805625
Valencia letourneuxi,1020039
Zapteryx exasperata,283213
Callinectes bocourti,394860
Metanephrops boschmai,382849
Alpheus japonicus,514899
Macrobrachium villosimanus,587600
Metapenaeus dalli,377534
Solenocera koelbeli,210422
Hansarsia gracilis,1649787
Parastacus brasiliensis,885731
Sepia tokioensis,NA
Austrorossia antillensis,342276
Vasticardium rubicundum,381371
Tellinides timorensis,724439
Modiolus auriculatus,140463
Modiolus americanus,420705
Spondylus versicolor,207866
Volutella caestus,1736040
Muricopsis cristata,140401
Cypraea tigris,216843
Lyncina lynx,527793
Thaisella coronata,574257
Lagenorhynchus obliquidens,NA
Dipsastraea favus,718748
Gracilaria veleroae,503905
Skeletonema costatum,149074
Limanda sakhalinensis,274292
Schedophilus pemarco,273317
Lagocephalus lunaris,219957
Patagonotothen guntheri,234738
Cynoscion guatucupa,276078
Lampetra zanandreai,1528666
Lobianchia gemellarii,158901
Ostorhinchus aureus,712648
Gobionellus occidentalis,276501
Hoplias macrophthalmus,1017833
Equulites lineolatus,713341
Scartelaos tenuis,282672
Polyipnus indicus,217608
Neoarius midgleyi,281675
Eucinostomus currani,276416
Prochilodus magdalenae,1015065
Calanus glacialis,104465
Curimata mivartii,1423166
Pomacanthus arcuatus,159287
Lesueurigobius sanzi,126906
Melanella alba,139832
Solaster endeca,124160
Luciobarbus microcephalus,1013400
Prionurus chrysurus,282345
Codium reediae,375154
Naso caeruleacauda,278003
Liopropoma erythraeum,275941
Brevoortia aurea,275498
Urophycis tenuis,126504
Larimichthys polyactis,281273
Scomberomorus multiradiatus,273815
Palinurus mauritanicus,107704
Caretta caretta,137205
Dussumieria acuta,126419
Merluccius paradoxus,217745
Pseudotolithus typus,127009
Kajikia albida,712906
Pontastacus leptodactylus,885112
Balaenoptera edeni,137089
Argeneuthria cerealis,889668
Glyphocrangon lowryi,515703
Odontaster meridionalis,172774
Anodus elongatus,1020126
Pelophylax lessonae,1035199
Neolissochilus hexagonolepis,1022528
Alticorpus macrocleithrum,1011988
Andamia reyi,279612
Apristurus platyrhynchus,271349
Asterropteryx ensifera,277496
Barbichthys laevis,1020140
Arctoraja parmifera,1577324
Bothus podas,127129
Coelorinchus kishinouyei,280298
Carcharhinus cautus,271320
Cetichthys indagator,221396
Chilochromis duponti,1018790
Cirricaecula johnsoni,280196
Coregonus hoyi,1049459
Ctenacis fehlmanni,220033
Cyprinella spiloptera,1020798
Diancistrus longifilis,280534
Dysomma anguillare,221386
Epinephelus awoara,273836
Etropus peruvianus,275709
Gaidropsarus mediterraneus,126457
Glyptosternon maculatum,1526172
Gymnomuraena zebra,217476
Harengula jaguana,277551
Heteromormyrus pauciradiatus,1020910
Hydrolagus eidolon,271408
Inpaichthys kerri,1383677
Labeo dyocheilus,1026570
Aurigequula fasciata,1019864
Squalius cii,1021373
Lutjanus buccanella,159794
Masturus lanceolatus,127404
Mimoblennius atrocinctus,277718
Myersina lachneri,281598
Nematistius pectoralis,281664
Niphon spinosus,281758
Omobranchus anolius,278012
Ostichthys acanthorhinus,217936
Paragoniates alburnus,1020276
Parioglossus aporos,278745
Phaenomonas cooperae,217591
Platybelone argalus,126377
Pomadasys commersonnii,218563
Protomyzon aphelocheilus,1013663
Pseudotrypauchen multiradiatus,282483
Leucoraja compagnoi,217397
Rhamdiopsis moreirai,1383147
Rivulus cylindraceus,1021201
Schizopygopsis pylzovi,1019586
Securicula gora,957049
Sinocyclocheilus anatirostris,1010499
Plectroglyphidodon apicalis,1605251
Synanceia alula,276861
Tewara cranwellae,282949
Trachelochismus melobesia,283024
Trogloglanis pattersoni,1016955
Valenciennea alleni,277027
Amblydoras gonzalezi,1524512
Callinectes exasperatus,422037
Metanephrops formosanus,382851
Aristaeomorpha woodmasoni,220249
Macrobrachium vollenhovenii,240834
Metapenaeus demani,377705
Daphnia magna,148372
Euphausia diomedeae,221056
Calappa rubroguttata,241043
Sepia pardex,NA
Rossia bullisi,342194
Cardiocardita ajar,225631
Asaphis violascens,213508
Modiolus barbatus,140464
Modiolus eiseni,506125
Placuna placenta,367820
Megastraea turbanica,528083
Rapana venosa,140416
Lyncina vitellus,530884
Mauritia maculifera,390564
Thais nodosa,224924
Lagenorhynchus obscurus,231434
Platygyra daedalea,NA
Hypnea pannosa,220816
Posidonia oceanica,145794
Platichthys stellatus,154781
Lutjanus fulgens,276535
Grammoplites suppositus,218139
Thaumeledone gunteri,342262
Enchelycore anatina,126298
Lethenteron alaskense,1012536
Notoscopelus caudispinosus,158914
Apogon coccineus,209326
Cryptocentrus cryptocentrus,219432
Planiliza abu,1418558
Leptojulis cyanopleura,281319
Zebrasoma xanthurum,219681
Nansenia macrolepis,221413
Phorcus sauciatus,689178
Pontinus sierra,274693
Crenimugil crenilabis,NA
Calanus hyperboreus,104467
Brycinus imberi,NA
Lumpenus lampretaeformis,154675
Thorogobius ephippiatus,126937
Tritonia hombergii,416648
Henricia sanguinolenta,123974
Enteromius callipterus,1526108
Platax boersii,276801
Costaria costata,371985
Neoniphon opercularis,217929
Liopropoma lunulatum,218257
Brevoortia tyrannus,158691
Melanogrammus aeglefinus,126437
Pseudotolithus senegalensis,127008
Gasterochisma melampus,219709
Palinurus delagoae,210070
Pelodiscus sinensis,1026091
Dussumieria elopsoides,212259
Macruronus novaezelandiae,272450
Atrobucca nibe,218637
Tetrapturus pfluegeri,126954
Faxonius limosus,885313
Balaenoptera borealis,137088
Patella depressa,151374
Sympagurus dimorphus,246465
Hippasteria falklandica,178110
Ageneiosus inermis,1013554
Pelophylax ridibundus,1526205
Aculeola nigra,279502
Alticus kirkii,219233
Andersonia leptura,1017048
Apristurus profundorum,158513
Asthenomacrurus fragilis,279767
Barbonymus altus,1015056
Bathyraja richardsoni,105867
Botia dario,1011889
Coelorinchus labiatus,280299
Carcharhinus dussumieri,217347
Cetomimoides parri,280093
Paraconger similis,271793
Cirrimaxilla formosa,280199
Coregonus kiyi,1016849
Cteniloricaria platystoma,1020733
Cyprinella venusta,1016054
Dianema longibarbis,1020306
Ebinania vermiculata,274672
Epinephelus bleekeri,273838
Eubalichthys bucephalus,280729
Gaidropsarus vulgaris,126458
Glyptothorax alaknandi,1524500
Gymnorhamphichthys hypostomus,1340386
Harengula thrissina,277552
Heteromycteris capensis,219826
Hydrolagus mirabilis,105826
Iodotropheus sprengerae,1013080
Labeo fimbriatus,1022460
Eubleekeria splendens,398527
Squalius cephalus,282855
Lutjanus colorado,276529
Mataeocephalus acipenserinus,277195
Minilabrus striatus,281576
Myleus pacu,1022273
Nematobrycon lacortei,1011335
Cobitis delicata,NA
Omosudis lowii,272087
Ostracion cubicum,403462
Paragunnellichthys seychellensis,219613
Paristiopterus gallipavo,282149
Phaeoptyx conklini,282226
Platycephalus endrachtensis,274657
Rhonciscus crocro,1577354
Protonibea diacanthus,282382
Pseudupeneus maculatus,159421
Rajella barnardi,217410
Rhamphichthys hahni,1015083
Roeboexodon guyanensis,1014322
Schizopyge curvifrons,NA
Deveximentum insidiator,1526390
Sinogastromyzon puliensis,1012882
Stegastes adustus,276659
Synaphobranchus kaupii,126328
Thalassobathia pelagica,126660
Trachelyichthys decaradiatus,1012879
Tropheus annectens,1018955
Valenciennellus tripunctulatus,127316
Zebrasoma flavescens,219683
Callinectes larvatus,422038
Metanephrops japonicus,382852
Aristeus alcocki,220252
Macrobrachium australe,220138
Metapenaeus eboracensis,377535
Daphnia pulex,148375
Euphausia similis,221048
Cardisoma armatum,1478169
Sepia tenuipes,NA
Rossia pacifica,346432
Anadara cornea,504346
Gari togata,507153
Modiolus kurilensis,541262
Modiolus rectus,506105
Placuna ephippium,504274
Megastraea undosa,528084
Labrus merula,126967
Monetaria annulus,216875
Monetaria moneta,216874
Dorsanum miran,553029
Leptonychotes weddellii,195932
Danafungia horrida,716608
Hypnea valentiae,145636
Nanozostera noltei,NA
Chionoecetes bairdi,368558
Polymixia nobilis,127163
Rogadius prionotus,NA
Aptenodytes patagonicus,212656
Gobius ater,126883
Lethenteron appendix,845581
Notoscopelus resplendens,158916
Ostorhinchus cookii,712654
Cryptocentrus lutheri,219431
Macrourus caml,712470
Lethrinus crocineus,212082
Iniistius pentadactylus,312553
Lophiodes insidiator,217836
Xantho poressa,107442
Pseudobalistes naufragium,279161
Acanthistius patachonicus,278725
Centropages hamatus,104496
Hydrolycus armatus,1418385
Leptoclinus maculatus,127072
Acanthurus tractus,301914
Epitonium clathrus,146905
Stichastrella rosea,123813
Parachondrostoma arrigonis,1020898
Pampus cinereus,273994
Crassiphycus birdiae,1380443
Paracaesio sordida,218503
Ostichthys ovaloculus,276208
Ethmalosa fimbriata,280725
Eleginus nawaga,272298
Pseudotolithus elongatus,273784
Grammatorcynus bicarinatus,278433
Procambarus acutus,885379
Alligator mississippiensis,886665
Etrumeus sadina,584793
Macrourus berglax,126472
Pennahia argentata,282196
Tetrapturus georgii,126953
Austropotamobius pallipes,246227
Balaenoptera physalus,137091
Patella lugubris,456664
Diacanthurus rubricatus,366317
Solaster regularis,172792
Acestrorhynchus microlepis,1010773
Telmatobius culeus,1663430
Acyrtops beryllinus,279504
Altolamprologus calvus,1012644
Andriashevia aptera,279614
Apristurus riveri,158514
Astrabe lactisella,279771
Barbonymus balleroides,1022192
Bathyraja shuntovi,271533
Syncrossus hymenophysa,1021711
Coelorinchus tokiensis,280349
Carcharhinus fitzroyensis,271321
Cetomimus picklei,221397
Chilodus fritillus,1010639
Cirripectes alboapicalis,276716
Coregonus macrophthalmus,1019928
Ctenobrycon spilurus,1418642
Cyprinion watsoni,1013915
Diaphus bertelseni,126588
Ebomegobius goodi,280580
Epinephelus bruneus,273840
Euchilichthys astatodon,1525499
Galaxias brevipinnis,280809
Gnathanacanthus goetzeei,280884
Gymnoscopelus bolini,234729
Harpagifer bispinis,234626
Heteromycteris japonicus,278103
Hydrolagus mitsukurii,271414
Iotichthys phlegethontis,1020423
Labeo forskalii,1022581
Leiopotherapon aheneus,1013644
Telestes polylepis,1020856
Lutjanus cyanopterus,159796
Mataeocephalus tenuicauda,277199
Minous coccineus,215617
Myliobatis aquila,105860
Nematogenys inermis,1020873
Nocomis biguttatus,1021410
Omox biporos,281879
Ostracoberyx dorygenys,221428
Parahollardia lineata,282046
Parkraemeria ornata,282151
Phago boulengeri,1019573
Platycephalus bassensis,274652
Haemulopsis leuciscus,280975
Protopterus aethiopicus,1021560
Psilodraco breviceps,234694
Caliraja cortezensis,1803739
Rhamphocetichthys savagei,282577
Roeboides dayi,1014776
Schizothorax esocinus,1017935
Deveximentum ruconius,1805566
Sio nordenskjoldii,234692
Plectroglyphidodon fasciolatus,1592381
Dagetichthys albomaculatus,NA
Thalassoma bifasciatum,159786
Trachelyopterichthys anduzei,1383843
Tropidophoxinellus hellenicus,1475751
Vanacampus margaritifer,283127
Zebrias quagga,219838
Callinectes ornatus,158053
Metanephrops neptunus,382853
Aristeus semidentatus,220253
Macrobrachium birmanicum,587139
Batepenaeopsis acclivirostris,884357
Daphnia longispina,148373
Nyctiphanes capensis,221058
Goniopsis pelii,241197
Sepia subtenuipes,342177
Rossia tortugaensis,342199
Arca navicularis,215228
Hiatula diphos,747125
Modiolus modulaides,214960
Mytella speciosa,506152
Siliqua inflexa,1646331
Turbo fluctuosus,413380
Tritia reticulata,876821
Arestorides argus,527787
Monetaria obvelata,570809
Natica collaria,NA
Lipotes vexillifer,254962
Ctenactis echinata,216132
Jania adhaerens,NA
Amphibolis antarctica,374718
Sebastes crameri,274785
Microchirus hexophthalmus,NA
Photopectoralis bindus,398536
Paralomis verrilli,378132
Gobius bucchichi,126885
Entosphenus folletti,1012757
Taaningichthys minimus,126632
Ostorhinchus cyanosoma,319876
Asterropteryx semipunctata,277497
Anabarilius grahami,1018181
Lethrinus genivittatus,212078
Iniistius bimaculatus,312550
Diaphus knappi,217685
Bohadschia atra,210765
Porichthys margaritatus,275655
Ceraesignum maximum,766307
Pseudocalanus elongatus,104515
Acestrorhynchus abbreviatus,1423173
Lycenchelys sarsii,127101
Makaira mazara,219729
Acanthodoris pilosa,140627
Pseudarchaster parelii,124085
Pseudochondrostoma willkommii,1020917
Salariopsis fluviatilis,1800056
Crassiphycus caudatus,NA
Parupeneus insularis,277815
Ostichthys sandix ,NA
Etrumeus whiteheadi,217441
Microgadus proximus,275873
Pagellus erythrinus,127060
Auxis thazard,127016
Astacus astacus,877649
Crocodylus johnstoni,1041088
Tenualosa ilisha,278568
Coryphaenoides rupestris,158960
Lethrinus atlanticus,278633
Pampus chinensis,273993
Euastacus armatus,885624
Chelonia mydas,137206
Polititapes durus,507876
Eurythenes gryllus,102563
Cuenotaster involutus,172784
Libinia emarginata,158426
Trachemys scripta,999901
Acyrtus artius,279505
Aluterus monoceros,127407
Anduzedoras oxyrhynchus,1013316
Apristurus saldanha,217636
Astrapogon alutus,279772
Barbonymus platysoma,1805551
Arctoraja simoterus,316399
Boulengerella cuvieri,1418082
Coelorinchus macrochir,280304
Carcharhinus galapagensis,105790
Cetonurus crassiceps,272312
Chiloglanis batesii,280149
Citharichthys arctifrons,158791
Coregonus muksun,274341
Ctenochaetus binotatus,219655
Cyprinocirrhites polyactis,218864
Diaphus brachycephalus,126589
Ebosia bleekeri,280581
Epinephelus caninus,127033
Barbeuchiloglanis feae,1805606
Neochanna cleaveri,281677
Gnathobagrus depressus,NA
Gymnoscopelus braueri,234642
Harriotta raleighana,105829
Heteronarce garmani,220971
Chimaera ogilbyi,298552
Ipnops agassizii,221395
Labeo fuelleborni,1470233
Leiuranus semicinctus,217572
Squalius pyrenaicus,1020756
Lutjanus decussatus,276530
Mauligobius maderensis,126908
Minous quincarinatus,277745
Myliobatis californica,271485
Nematops macrochirus,281669
Nocomis leptocephalus,1328672
Ompok bimaculatus,281881
Othos dentex,281948
Hypsoblennius paytensis,276329
Rasbora labiosa,1383229
Phallichthys fairweatheri,1013831
Platyclarias machadoi,1012692
Rhencus macracanthus,1577352
Protopterus annectens,1021564
Psilogobius mainlandi,282485
Atlantoraja cyclophora,279817
Rhamphochromis brevis,NA
Rogadius welanderi,277260
Schizothorax richardsonii,1018368
Selachophidium guentheri,217820
Siokunichthys bentuviai,218033
Stegastes leucostictus,159291
Dagetichthys commersonnii,NA
Thalassoma duperrey,273579
Trachelyopterus coriaceus,1022287
Urolophus javanicus,283101
Vandellia cirrhosa,1019237
Zebrias zebrinus,277592
Achelous gibbesii,557883
Nephropides caribaeus,382861
Aristeus virilis,220251
Macrobrachium caledonicum,587155
Mierspenaeopsis sculptilis,585386
Daphnia galeata,717575
Euphausia lamelligera,237856
Grapsus grapsus,422188
Brachioteuthis riisei,138852
Austrorossia bipapillata,342278
Anadara pilula,504339
Gari squamosa,507164
Modiolus modiolus,140467
Dendostrea folium,506716
Solen grandis,367773
Pomaulax spiratus,581673
Tritia mutabilis,876840
Lyncina leviathan bouteti,578034
Erronea onyx,216860
Natica fulminea,225279
Lissodelphis borealis,254975
Fungia fungites,207350
Solieria filiformis,232604
Posidonia angustifolia,374711
Ellochelon vaigiensis,218878
Dagetichthys cadenati,NA
Equulites leuciscus,398520
Labiobarbus festivus,1418507
Gobius fallax,126889
Lampetra hubbsi,NA
Leuciscus schmidti,1019270
Ostorhinchus fleurieu,319878
Boleophthalmus dussumieri,279925
Aspiorhynchus laticeps,1017931
Planiliza alata,1043423
Xiphasia setifer,219345
Chelidonichthys queketti,218121
Leuciscus baicalensis,1020385
Thenus indicus,382973
Argonauta nouryi,341786
Pseudocalanus minutus,104517
Distichodus mossambicus,1021051
Pomatoschistus pictus,126930
Benthodesmus simonyi,127087
Acteon tornatilis,138691
Ophiura sarsii,124934
Esomus metallicus,280717
Channa pleurophthalma,1018597
Crassiphycus changii,1327614
Plectorhinchus pica (formerly P. picus),NA
Ostichthys archiepiscopus,217933
Hilsa kelee,212278
Pseudophycis bachus,282468
Pagellus bellottii,127058
Auxis rochei,127015
Pacifastacus leniusculus,885106
Crocodylus niloticus,1034995
Tenualosa toli,217454
Beryx splendens,126395
Pagellus bogaraveo,127059
Peprilus triacanthus,159828
Cancer irroratus,158057
Eretmochelys imbricata,137207
Priene scabrum,476542
Alcithoe larochei,385239
Pteraster rugatus,234950
Prochilodus nigricans,1011318
Malaclemys terrapin,422564
Fenerbahce formosus,1012524
Aluterus scriptus,159491
Anguilla bengalensis,217456
Apristurus sibogae,271350
Astroblepus chotae,1470727
Barboides gracilis,1013176
Arctoraja smirnovi,NA
Boulengerochromis microlepis,1019102
Coelorinchus marinii,280308
Carcharhinus hemiodon,271322
Paracetopsis bleekeri,1020048
Chilomycterus reticulatus,219964
Citharichthys arenaceus,275685
Coregonus nasus,274342
Ctenogobiops aurocingulus,278350
Cyprinodon alvarezi,1383664
Diaphus dumerilii,126590
Echelus myrus,126314
Epinephelus chlorostigma,218199
Eucinostomus dowii,276417
Galaxias fasciatus,280810
Gnathocharax steindachneri,1017358
Gymnoscopelus fraseri,234657
Harttia gracilis,1011043
Heteronarce mollis,278301
Hydrolagus pallidus,105827
Iracundus signifer,218058
Labeo gonius,1026571
Lentipes armatus,281284
Telestes souffia,465538
Lutjanus dentatus,276531
Maulisia acuticeps,272946
Minyichthys myersi,218027
Myliobatis chilensis,271486
Nemichthys curvirostris,126305
Nocomis micropogon,1020930
Ompok pabda,1026982
Otocinclus affinis,1383088
Parailia pellucida,1469360
Parma kermadecensis,282154
Phalloceros caudimaculatus,282229
Platydoras costatus,1020735
Pomadasys maculatus,218568
Protosalanx chinensis,1419287
Psilorhynchus sucatio,1022789
Rajella dissimilis,217411
Rhamphocottus richardsonii,282578
Rohtee ogilbii,1022448
Schroederichthys bivius,282684
Selar boops,126813
Siphamia versicolor,277710
Stegophilus insidiosus,1021262
Dagetichthys lusitanicus,403345
Thalassoma pavo,126970
Trachichthys australis,283027
Urolophus kaianus,283102
Vanderhorstia ambanoro,219602
Zebrus zebrus,126941
Achelous spinimanus,456069
Nephropsis aculeata,382862
Atya gabonensis,240816
Macrobrachium carcinus,246169
Parapenaeopsis stylifera,210408
Artemia franciscana,717572
Hansarsia megalops,1649789
Pachygrapsus transversus,107457
Chiroteuthis veranii,139125
Semirossia equalis,342232
Trisidos semitorta,504474
Gari truncata,507166
Modiolus philippinarum,214951
Dendostrea frons,420779
Solen lamarckii,NA
Turbo saxosus,413422
Tritia neritea,876816
Monetaria caputserpentis,570811
Lyncina schilderorum,578031
Natica marochiensis,208000
Lissodelphis peronii,231414
Pleuractis paumotensis,716547
Mastocarpus stellatus,145650
Posidonia australis,374712
Pseudopercis semifasciata,282463
Stephanolepis hispida,307126
Equulites oblongus,713342
Mystacoleucus padangensis,1021722
Gobius geniporus,126891
Entosphenus lethophagus,1524438
Leuciscus bergi,1016310
Pristiapogon fraenatus,209369
Callogobius bifasciatus,219405
Carassius gibelio,234033
Lutjanus bengalensis,218484
Xenisthmus balius,277958
Chaunax pictus,126539
Panopea zelandica,505403
Portunus segnis,1061760
Argonauta hians,215276
Pseudocalanus acuspes,104514
Distichodus schenga,1021698
Schedophilus haedrichi,273314
Parablennius gattorugine,126770
Margarites helicinus,141821
Ophiura ophiura,124929
Trigonopoma pauciperforatum,1015112
Scorpaena mystes,274726
Cystoseira compressa,145511
Sargocentron tiere,217954
Plectranthias taylori,279027
Tenualosa reevesii,278570
Pollachius pollachius,126440
Diplodus sargus,127053
Euthynnus lineatus,273806
Cherax tenuimanus,885580
Crocodylus novaeguineae,1670896
Opisthonema libertate,275504
Zenopsis conchifer,127426
Pagellus acarne,127057
Peprilus simillimus,276563
Metacarcinus magister,440388
Caiman crocodilus,1417014
Scurria plana,456646
Provocator mirabilis,759247
Glabraster antarctica,178005
Boleophthalmus pectinirostris,279926
Dermochelys coriacea,137209
Adelosebastes latens,279508
Amanses scopas,212242
Anguilla bicolor,217455
Apristurus sinensis,271351
Astrocottus leprops,279775
Barbopsis devecchii,1015904
Bathyraja smithii,217383
Boulengeromyrus knoepffleri,1013292
Coelorinchus matamua,280309
Carcharhinus leiodon,271323
Cetopsorhamdia boquillae,1383194
Chilorhinus platyrhynchus,280151
Citharichthys gilberti,275688
Coregonus nilssoni,1021910
Ctenogobius fasciatus,276483
Cyprinodon atrorus,1383621
Diaphus effulgens,126591
Echeneis naucrates,126848
Hyporthodus cifuentesi,1605279
Euclichthys polynemus,280735
Galaxias maculatus,280811
Gnathochromis permaxillaris,1525326
Gymnoscopelus opisthopterus,234749
Harttiella crassicauda,1014110
Heterophotus ophistoma,158733
Hydrolagus purpurescens,271417
Iranocichla hormuzensis,281182
Labeo horie,1021930
Flabellicauda bolini,1804061
Leucopsarion petersii,281341
Lutjanus erythropterus,276534
Maxillicosta raoulensis,281533
Minytrema melanops,1022836
Myliobatis freminvillei,399783
Nemichthys scolopaceus,126306
Nomeus gronovii,126991
Oncopterus darwinii,281885
Otolithoides biauritus,281949
Parakneria abbreviata,1592321
Parmaturus campechiensis,282162
Phallocottus obtusus,282230
Platygillellus altivelis,282271
Pomadasys multimaculatus,401886
Protosciaena trewavasae,282384
Psilotris alepis,282488
Dipturus doutrei,217390
Rhaphiodon vulpinus,1021215
Rohteichthys microlepis,1021828
Schroederichthys chilensis,282685
Selenanthias analis,282746
Siphonognathus argyrophanes,282803
Stegostoma tigrinum,313100
Dagetichthys marginatus,403346
Thalassophryne maculosa,282954
Trachidermus fasciatus,283028
Trygonoptera mucosa,283060
Vanneaugobius canariensis,NA
Zenarchopterus dispar,220018
Carpilius corallinus,422051
Nephropsis rosea,382867
Atya innocous,586043
Macrobrachium gangeticum,587232
Batepenaeopsis tenella,584938
Artemia persimilis,740633
Euphausia americana,110682
Trapezarma angolensis,1472863
Chiroteuthis picteti,139124
Semirossia tenera,157036
Trisidos tortuosa,504475
Azorinus abbreviatus,507341
Xenostrobus pulex,744582
Ostrea angelica,542013
Leporimetis ephippium,724897
Turbo squamiger,413439
Tritia incrassata,876825
Lyncina carneola,216866
Mauritia scurra,216867
Monodonta nebulosa,546926
Lontra felina,NA
Halomitra pileus,207361
Lithothamnion corallioides,553539
Chaetomorpha linum,145027
Thunnus orientalis,273823
Paralichthys patagonicus,275818
Albula glossodonta,212255
Mystus nigriceps,1022024
Gobius roulei,126894
Entosphenus macrostoma,1012282
Gymnodiptychus dybowskii,1019694
Ostorhinchus gularis,712660
Callogobius plumatus,219404
Chanodichthys erythropterus,1016987
Lutjanus lunulatus,218492
Valenciennea sexguttata,219598
Champsodon capensis,220337
Astichopus multifidus,241780
Pomacea urceus,848374
Graneledone verrucosa,157019
Pseudocalanus moultoni,157678
Myloplus asterias,1014997
Lipophrys pholis,126768
Callionymus reticulatus,126795
Colus gracilis,138899
Ophiura albida,124913
Sundadanio axelrodi,1012814
Pontinus furcirhinus,274685
Dictyota acutiloba,374386
Sargocentron microstoma,217952
Polylepion russelli,282315
Spratelloides gracilis,212263
Boreogadus saida,126433
Diplodus cervinus,127051
Katsuwonus pelamis,127018
Cherax destructor,885551
Crocodylus rhombifer,1478618
Opisthonema oglinum,158695
Capros aper,127419
Diplodus annularis,127049
Anabas testudineus,279597
Cancer borealis,158056
Crocodylus porosus,344030
Semimytilus patagonicus,1518612
Fusitriton magellanicus,476494
Cycethra verrucosa,172748
Brycon hilarii,1019231
Hoplobatrachus crassus,1670919
Fundulus xenicus,308885
Amaralia hypsiura,1021527
Anguilla dieffenbachii,271703
Apristurus spongiceps,271352
Astrodoras asterifrons,1021670
Barbourisia rufa,159425
Bathyraja spinosissima,271536
Bovichtus elongatus,NA
Coelorinchus multispinulosus,280318
Carcharhinus perezii,271324
Cetoscarus bicolor,219078
Chiloscyllium arabicum,277827
Citharichthys gymnorhinus,158793
Coregonus peled,274344
Ctenolabrus rupestris,126964
Cyprinodon latifasciatus,1019967
Diaphus holti,126592
Echidna catenata,278676
Epinephelus coioides,218200
Eucrossorhinus dasypogon,298163
Galaxias postvectis,280813
Gnathodentex aureolineatus,218574
Gymnothorax dovii,271831
Hasemania melanura,1017689
Heteroplopomus barbatus,281071
Hygophum benoiti,126602
Garra typhlops,1014566
Labeo kontius,1026583
Lepadogaster candolii,272526
Leuresthes sardina,281343
Lutjanus fulviflamma,218490
Maynea puncta,281537
Yarica hyalosoma,1016379
Myliobatis goodei,271487
Nemipterus balinensis,278118
Nomorhamphus brembachi,1011317
Oncorhynchus apache,1013114
Otolithoides pama,281950
Parakuhlia macrophthalma,1577343
Parmaturus macmillani,282163
Phalloptychus januarius,1019722
Notoglanidium depierrei,1012525
Pomadasys olivaceus,218565
Prototroctes maraena,282385
Psychrolutes macrocephalus,221445
Rostroraja eglanteria,1460141
Bathycongrus bertini,712432
Romanichthys valsanicola,1013946
Schroederichthys maculatus,282686
Sciades dowii,282694
Sirembo imberbis,282810
Steindachneria argentea,282877
Synbranchus marmoratus,282920
Barchatus cirrhosus,316546
Trachinops brauni,283029
Trygonoptera ovalis,283061
Vanstraelenia chirophthalma,283134
Zenion japonicum,275298
Charybdis natator,NA
Nephropsis suhmi,241296
Atyoida pilipes,582121
Nematopalaemon schmitti,514443
Parapenaeopsis uncta,NA
Artemia urmiana,740631
Euphausia gibboides,110684
Paromola cuvieri,107264
Galiteuthis armata,153063
Sepietta oweniana,141452
Donax asper,494693
Solecurtus divaricatus,507346
Jolya rhomboidea,506049
Ostrea angasi,397159
Phylloda foliacea,714812
Capulus ungaricus,138984
Tritia lima,1115499
Erronea caurica,216861
Lyncina ventriculus,578038
Murex scolopax,730428
Mirounga angustirostris,255018
Polyphyllia talpina,211418
Portieria hornemannii,213851
Halimeda tuna,144483
Notomuraenobathys microcephalus,712467
Variola albimarginata,218305
Tachysurus dumerili,1420786
Pangasius djambal,1010349
Gobius vittatus,126896
Entosphenus minimus,1524387
Carlarius parkii,1020768
Jaydia truncata,713309
Brachyamblyopus brachysoma,279973
Chanodichthys mongolicus,1020530
Mimoblennius cirrosus,277719
Valenciennea persica,277034
Branchiostegus doliatus,367287
Australostichopus mollis,529443
Onykia carriboea,140650
Abdopus aculeatus,409949
Metridia longa,NA
Myloplus schomburgkii,1021798
Callionymus maculatus,126793
Helicolenus barathri,274764
Colus islandicus,138902
Ophiopholis aculeata,125125
Cobitis paludica,1014050
Bellator loxias,276275
Dictyota sandvicensis,376055
Scarus altipinnis,276039
Mobula yarae,1830940
Clupeonella cultriventris,126418
Gaidropsarus ensis,126453
Dentex gibbosus,273964
Thunnus tonggol,219722
Cherax quadricarinatus,885573
Crocodylus moreletii,1476232
Konosirus punctatus,281225
Pseudocyttus maculatus,127424
Diplodus vulgaris,127054
Seriolella porosa,282757
Cancer productus,440382
Crocodylus siamensis,1478596
Strongylocentrotus droebachiensis,124321
Aeneator recens,490675
Rhopiella hirsuta,172745
Brycon amazonicus,1015965
Acanthostracion quadricornis,158920
Sargocentron hastatum,272211
Amarginops hildae,NA
Anguilla marmorata,217457
Apristurus stenseni,271353
Astronesthes gemmifer,127322
Barbucca diabolica,1011539
Bathyraja trachouros,271537
Brachaelurus waddi,279950
Coelorinchus occa,280323
Carcharhinus sorrah,217339
Cetostoma regani,126406
Chiloscyllium caeruleopunctatum,399526
Citharichthys sordidus,275694
Coregonus pollan,1022580
Ctenolucius beani,1317763
Cyprinodon macularius,1018286
Diaphus lucidus,126593
Echidna nebulosa,217469
Epinephelus costae,127034
Eucryphycus californicus,280736
Galaxias vulgaris,1014254
Gnatholepis anjerensis,219475
Gymnothorax flavimarginatus,217495
Hassar affinis,1014796
Heteropneustes fossilis,281072
Hylopanchax stictopleuron,1014276
Iriatherina werneri,991270
Labeo mesops,1016216
Lepadogaster lepadogaster,126518
Leurochilus acon,281345
Lutjanus fulvus,218475
Mccoskerichthys sandae,281538
Miracorvina angolensis,281578
Myliobatis hamlyni,271488
Nemipterus bathybius,278120
Norfolkia brachylepis,219185
Oncorhynchus chrysogaster,1013582
Otopharynx argyrosoma,1016800
Parakysis anomalopteryx,1011543
Parmaturus melanobranchus,NA
Phallostethus dunckeri,1017371
Mylochromis melanonotus,1016799
Pomadasys perotaei,273510
Psammodiscus ocellatus,398683
Ptarmus jubatus,218131
Rostroraja equatorialis,1670924
Rheocles alaotrensis,1017304
Romanogobio tenuicorpus,1015549
Schroederichthys tenuis,282688
Sciades herzbergii,282697
Sisor rabdophorus,1022751
Steindachneridion amblyurum,1467483
Synchiropus agassizii,NA
Thamnaconus hypargyreus,277208
Trachinotus africanus,218439
Trygonoptera personata,283062
Varicus marilynae,283137
Zesticelus ochotensis,283217
Portunus sanguinolentus,1061758
Nephropsis acanthura,241293
Atya scabra,586055
Nematopalaemon hastatus,240836
Batepenaeopsis venusta,584940
Artemia sinica,740634
Euphausia hanseni,110685
Ocypode africana,241191
Liocranchia reinhardtii,341818
Sepietta neglecta,141450
Donax californicus,494696
Polymesoda bengalensis,NA
Modiolus squamosus,420706
Ostrea atherstonei,224651
Scutarcopagia linguafelis,729827
Galeodea echinophora,139023
Tritia corniculum,876831
Mauritia depressa,216871
Ovula ovum,216904
Lobatus raninus,531851
Mirounga leonina,231413
Merulina ampliata,207407
Gracilaria arcuata,145691
Laminaria digitata,145724
Muraenolepis orangiensis,234824
Argyrops bleekeri,279055
Anodonta cygnea,234103
Puntioplites waandersi,1021289
Gobius xanthocephalus,126897
Entosphenus similis,1012492
Lophiobagrus cyclurus,1014719
Taeniamia fucata,1010872
Bryaninops yongei,219391
Coreius guichenoti,1014768
Minous dempsterae,277742
Upeneus japonicus,218694
Cheilodactylus fasciatus,218868
Stichopus monotuberculatus,210909
Walvisteuthis virilis,342418
Bathypurpurata profunda,325321
Paraeuchaeta barbata,NA
Rhamphichthys rostratus,1021437
Cottus gobio,127196
Neoscorpaena nielseni,281705
Colus jeffreysianus,138903
Acrocnida brachiata,236130
Cathorops dasycephalus,280042
Prionotus albirostris,276278
Eisenia bicyclis,371991
Scarus oviceps,219111
Hexanchus vitulus,217627
Sprattus sprattus,126425
Trisopterus luscus,126445
Dentex canariensis,273960
Thunnus alalunga,127026
Cancer pagurus,107276
Tomistoma schlegelii,1663416
Clupanodon thrissa,280223
Sphyraena barracuda,345843
Diplodus puntazzo,127052
Seriolella punctata,282758
Eriocheir sinensis,107451
Corallium rubrum,125416
Trochita pileus,533535
Austrofusus glans,490748
Henricia obesa,178757
Hoplias malabaricus,874263
Acanthurus bahianus,159578
Adontosternarchus balaenops,1463318
Amarsipus carlsbergi,219735
Anguilla mossambica,217458
Aprognathodon platyventris,279670
Astronesthes indica,NA
Barbulifer antennatus,279861
Bathyraja trachura,271538
Brachaluteres jacksonianus,279951
Coelorinchus oliverianus,280324
Carcharhinus tilstoni,271325
Chaca bankanensis,1021697
Chiloscyllium griseum,277829
Citharichthys spilopterus,159166
Coregonus reighardi,1016527
Ctenopharynx intermedius,1021066
Cypselurus oligolepis,217867
Diaphus metopoclampus,126594
Echidna peli,278679
Epinephelus cyanopodus,273845
Eucyclogobius newberryi,280737
Galaxias zebratus,1017092
Gnathonemus petersii,1015207
Gymnothorax funebris,158583
Hatcheria macraei,1015006
Heteropriacanthus cruentatus,127004
Hymenocephalus italicus,158961
Irolita waitii,281183
Labeo microphthalmus,1020180
Lepidarchus adonis,1383602
Leuroglossus schmidti,254551
Lutjanus gibbus,218480
Meadia abyssalis,221387
Mirapinna esau,126410
Myliobatis longirostris,271489
Nemipterus celebicus,278121
Normichthys operosus,126745
Oneirodes acanthias,272620
Otophidium chickcharney,275631
Paralabidochromis victoriae,NA
Parmaturus pilosus,282165
Phanerodon furcatus,240730
Platygobio gracilis,567544
Pomadasys stridens,126948
Psammogobius knysnaensis,219555
Pteraclis aesticola,273151
Rajella fuliginea,271589
Chrysichthys dendrophorus,1524557
Roncador stearnsii,282628
Schubotzia eduardiana,NA
Selene brevoortii,273283
Skiffia lermae,1249856
Steindachnerina varii,1384004
Synchirus gilli,282921
Thamnaconus modestoides,220079
Trachinotus anak,273288
Trygonorrhina fasciata,283064
Variichthys jamoerensis,1013164
Zeugopterus punctatus,127151
Macrophthalmus depressus,NA
Nephropsis sulcata,246173
Atyopsis spinipes,582116
Nematopalaemon tenuipes,220144
Arafurapenaeopsis arafurica,584934
Lepas anatifera,224112
Trachysalambria brevisuturae,377685
Ocypode cursor,107464
Mesonychoteuthis hamiltoni,325299
Sepietta obscura,141451
Donax carinatus,494697
Anomalodiscus squamosus,507445
Modiolus adriaticus,140462
Ostrea denselamellosa,397162
Quidnipagus palatam,216526
Galeodea rugosa,139024
Tritia corrugata,1748592
Tanea undulata,570116
Volva volva,431078
Cittarium pica,419449
Monachus monachus,137081
Lobophyllia corymbosa,207391
Hydropuntia edulis,376384
Saccharina latissima,234483
Notolepis annulata,234627
Bodianus perditio,218934
Sargassum fusiforme,494972
Rasbora argyrotaenia,1021906
Gymnammodytes cicerelus,126753
Tetrapleurodon geminis,1008280
Chrysichthys platycephalus,NA
Cheilodipterus arabicus,278890
Coryogalops anomolus,219415
Cyprinus pellegrini,1015593
Minous monodactylus,215615
Upeneus doriae,273666
Lycodes esmarkii,127103
Stichopus naso,242057
Leachia cyclura,225819
Bentheledone rotunda,342284
Acartia (Acartiura) longiremis,346037
Sternopygus aequilabiatus,1022922
Cottus poecilopus,127197
Pterygotrigla guezei,214687
Dendronotus frondosus,139523
Amphiura filiformis,125080
Occidentarius platypogon,293656
Prionotus birostratus,276280
Galaxaura rugosa,145739
Scarus schlegeli,276060
Acroteriobatus variegatus,1012968
Ethmidium maculatum,280726
Micromesistius australis,234781
Dentex congoensis,273961
Thunnus albacares,127027
Menippe mercenaria,422070
Corallium japonicum,291837
Sardina pilchardus,126421
Sphyraena afra,273977
Diplodus holbrookii,273972
Hyperoglyphe antarctica,219737
Lithodes santolla,368559
Pleurocorallium elatius,1311278
Alca torda,137128
Maurea turnerarum,467363
Tremaster mirabilis,124002
Takifugu obscurus,278420
Acanthurus bariene,219637
Adrianichthys kruyti,1017373
Amazonsprattus scintilla,1524157
Anguilla reinhardtii,271711
Apsilus dentatus,277617
Astronesthes leucopogon,127324
Barbuligobius boehlkei,219388
Bathyraja tzinovskii,271539
Brachionichthys hirsutus,279954
Coelorinchus parallelus,280325
Carcharias tricuspidatus,209411
Chaca chaca,1026888
Chiloscyllium indicum,367212
Citharichthys stampflii,275695
Coregonus sardinella,127181
Ctenopoma kingsleyae,1015018
Cypselurus poecilopterus,217864
Diaphus mollis,126595
Echidna polyzona,217467
Epinephelus daemelii,273846
Eudontomyzon mariae,478547
Galeichthys peruvianus,277553
Gnathophis heterognathos,271757
Gymnothorax maderensis,126299
Hazeus otakii,281001
Brachaelurus colcloughi,313932
Hypentelium nigricans,1022874
Irvineia orientalis,1013542
Labeo nandina,1026588
Lepidiolamprologus attenuatus,1017315
Leuropharus lasiops,281346
Lutjanus goreensis,276538
Mecaenichthys immaculatus,281539
Mirognathus normani,126704
Myliobatis tenuicaudatus,271491
Nemipterus gracilis,278123
Notacanthus chemnitzii,126643
Onigocia grandisquamis,NA
Owstonia grammodon,278550
Paralabrax albomaculatus,282051
Parmaturus xaniurus,282166
Pharyngochromis acuticeps,1250005
Platygobiopsis akihito,282277
Pomadasys suillus,273515
Psammoperca waigiensis,282395
Grammonus diagrammus,272770
Leucoraja garmani,158552
Rhina ancylostomus,148846
Rondeletia bicolor,159428
Schultzea beta,282691
Selene brownii,273284
Smithichthys fucorum,219225
Stelgistrum stejnegeri,282880
Syncomistes kimberleyensis,1009448
Thamnaconus modestus,277210
Trachinotus baillonii,218440
Trygonorrhina dumerilii,1020469
Variola louti,218304
Zeus capensis,217958
Ocypode rotundata,444996
Nephropsis agassizii,382863
Caridina africana,240818
Palaemon ortmanni,514456
Kishinouyepenaeopsis cornuta,NA
Erugosquilla massavensis,136132
Palaemon vietnamicus,932375
Callinectes amnicola,241105
Teuthowenia megalops,139429
Sepiola rondeletii,141459
Gloripallium pallium,215389
Circe scripta,216564
Arcuatula arcuatula,505953
Ostrea equestris,156924
Cyclotellina remies,710876
Semicassis granulata,419784
Tritia gibbosula,991267
Natica stellata,571879
Tonna canaliculata,208008
Globivasum capitellum,1735856
Neomonachus schauinslandi,1663107
Lobophyllia hemprichii,207392
Hydropuntia eucheumatoides,376385
Fucus serratus,145546
Paraliparis meganchus,234769
Branchiostegus wardi,276744
Cipangopaludina chinensis,1541795
Thynnichthys vaillanti,1017127
Gymnammodytes semisquamatus,126754
Tetrapleurodon spadiceus,1467197
Chrysichthys sianenna,NA
Cheilodipterus macrodon,209373
Coryogalops monospilus,273430
Gymnodiptychus pachycheilus,1019225
Muraenichthys schultzei,217574
Upeneus asymmetricus,126988
Herklotsichthys punctatus,126420
Stichopus ocellatus,387641
Taonius pavo,139428
Hapalochlaena lunulata,342333
Acartia (Acartiura) clausi,149755
Labeo congoro,1017303
Cantherhines macrocerus,276250
Cottunculus thomsonii,127237
Facelina auriculata,153375
Ophiothrix fragilis,125131
Notarius insculptus,281767
Prionotus ruscarius,276290
Gayralia oxysperma,214368
Chlorurus spilurus,712772
Sebastes melanostictus,1015496
Limnothrissa miodon,1026860
Merluccius merluccius,126484
Spondyliosoma cantharus,127066
Thunnus obesus,127028
Portunus pelagicus,1061754
Pleurocorallium konojoi,1311282
Sprattus fuegensis,272281
Mugil cephalus,126983
Dentex macrophthalmus,273965
Psenopsis anomala,277902
Lithodes maja,107205
Pleurocorallium secundum,1311288
Alle alle,137129
Pinnoctopus cordiformis,342381
Cheiraster (Luidiaster) hirsutus,178249
Takifugu rubripes,278428
Acanthurus chirurgus,159580
Adventor elongatus,279510
Ambassis ambassis,277730
Anisarchus macrops,273988
Apsilus fuscus,212548
Astronesthes neopogon,127327
Labeobarbus aeneus,1017490
Bathyraja violacea,271540
Brachyamblyopus anotus,NA
Coelorinchus scaphopsis,280334
Cardiopharynx schoutedeni,1014666
Chaenogaleus macrostoma,280095
Chiloscyllium plagiosum,277832
Citharichthys stigmaeus,275696
Coregonus tugun,1022904
Ctenopoma petherici,1016213
Cypselurus simus,312479
Diaphus rafinesquii,126596
Echinophryne crassispina,280584
Epinephelus diacanthus,218236
Eugerres axillaris,280738
Galeus arae,271355
Gnathopogon caerulescens,1018907
Gymnothorax meleagris,217503
Helcogramma aquila,402624
Heteroscymnoides marleyi,221458
Engkaria eubranchus,1805613
Isbrueckerichthys alipionis,1014357
Labeo niloticus,1021956
Lepidion ensiferus,217733
Leviprora inops,281347
Lutjanus griseus,159797
Meda fulgida,1021389
Pyronotanthias flavoguttatus,1803578
Myliobatis tobijei,271492
Nemipterus hexodon,278124
Notesthes robusta,281773
Onuxodon fowleri,217833
Oxuderces dentatus,281951
Paralabrax clathratus,282054
Parodon pongoensis,1014417
Phasmatocottus ctenopterygius,282232
Platynematichthys notatus,1021316
Pomatoschistus bathi,126922
Psectrogaster amazonica,1019677
Pteragogus enneacanthus,279210
Dipturus gigas,271547
Rhinecanthus aculeatus,219890
Ronquilus jordani,282629
Schultzidia johnstonensis,217596
Paraselene orstedii,1779369
Snyderidia canina,282817
Stellerina xyosterna,254366
Syngnathoides biaculeatus,218035
Thamnaconus septentrionalis,220081
Trachinotus botla,218442
Trypauchenichthys sumatrensis,283066
Velifer hypselopterus,217887
Zingel zingel,1023029
Carpilius convexus,209150
Nephropsis atlantica,107255
Caridina edulis,586202
Palaemon pacificus,220148
Parapenaeopsis coromandelica,210411
Oratosquilla oratoria,395015
Leandrites indicus,514440
Callinectes marginatus,241106
Chtenopteryx sicula,181377
Sepiola atlantica,141454
Amusium papyraceum,NA
Gafrarium pectinatum,141914
Lithophaga teres,208435
Saccostrea kegaki,506737
Azorinus chamasolen,141541
Semicassis saburon,509237
Patella rustica,140683
Paratectonatica tigrina,1432965
Tonna dolium,208012
Volutella muricata,1736039
Neomonachus tropicalis,1663105
Pectinia lactuca,207378
Centroceras clavulatum,144531
Himanthalia elongata,145551
Harpagifer georgianus,234728
Erythrocles schlegelii,218466
Lunarca ovalis,420721
Tor tambra,1022217
Gymnothorax afer,271813
Mordacia lapicida,281594
Chrysichthys stappersii,NA
Cheilodipterus novemstriatus,209374
Coryogalops tessellatus,273431
Hemibarbus maculatus,1014993
Nemipterus bipunctatus,218517
Trypauchen vagina,219593
Hemiramphus archipelagicus,272174
Stichopus pseudohorrens,528812
Bathothauma lyromma,139422
Sasakiopus salebrosus,534138
Oithona similis,106656
Opsaridium microcephalum,1019254
Cantherhines pullus,159493
Careproctus reinhardti,127212
Philine aperta,140744
Centrostephanus longispinus,124331
Notarius kessleri,281768
Prionotus stephanophrys,276291
Gloiopeltis furcata,372181
Scarus spinus,276061
Orestias agassii,NA
Engraulis encrasicolus,126426
Merluccius australis,272452
Oblada melanurus,1577363
Istiophorus albicans,126949
Portunus trituberculatus,1061762
Tubipora musica,207409
Herklotsichthys quadrimaculatus,212264
Mugil curema,159416
Dentex dentex,273962
Trichopodus pectoralis,1017825
Paralomis granulosa,394052
Hemicorallium regale,1311260
Cepphus grylle,137130
Enteroctopus zealandicus,534424
Leptychaster kerguelenensis,152501
Colossoma macropomum x Piaractus brachypomus,NA
Acanthurus coeruleus,159581
Aeoliscus punctulatus,217967
Ambassis gymnocephalus,220044
Anisochromis kenyae,218309
Apterichtus kendalli,158598
Astronesthes nigra,NA
Labeobarbus altianalis,1019273
Bathysauroides gigas,279875
Devario acuticephala,1016847
Coelorinchus ventrilux,280354
Careproctus bathycoetus,274412
Gymnogobius castaneus,314519
Chiloscyllium punctatum,277833
Citharidium ansorgii,1018792
Coregonus wartmanni,1023011
Ctenops nobilis,280455
Cyrtocara moorii,1018794
Diaphus termophilus,126598
Echinorhinus cookei,271656
Hyporthodus drummondhayi,1803571
Eugnathichthys eetveldii,1017293
Figaro boardmani,318064
Gnathopogon elongatus,956730
Gymnothorax mordax,271856
Helcogrammoides antarcticus,234774
Hexagrammos otakii,279411
Hyperlophus vittatus,281096
Isichthys henryi,1019963
Labeo pangusia,1026589
Lepidion guentheri,126494
Liachirus melanospilos,281348
Lutjanus guttatus,276539
Medialuna californiensis,281541
Mistichthys luzonensis,1018793
Mylocheilus caurinus,281605
Nemipterus japonicus,218515
Nothobranchius jubbi,1012368
Onychostoma alticorpus,1525698
Oxycheilinus arenatus,219037
Paralabrax maculatofasciatus,282058
Parophidion schmidti,272836
Phenablennius heyligeri,282233
Schizopygopsis extrema,1805619
Pomoxis annularis,1022855
Psephurus gladius,1021135
Pterapogon kauderni,282494
Dipturus gudgeri,271548
Rhinelepis aspera,1022672
Rosenblattia robusta,282630
Schwetzochromis neodon,1014299
Selene peruviana,273286
Snyderina guentheri,282818
Stellifer fuerthii,276157
Syngnathus abaster,127386
Thayeria boehlkei,1013942
Trachinotus cayennensis,273289
Tubbia tasmanica,219743
Vellitor centropomus,283138
Zoarchias glaber,283219
Etisus laevimanus,209115
Nephropsis carpenteri,241294
Caridina gracilirostris,NA
Palaemon pandaliformis,587678
Mierspenaeopsis hardwickii,585389
Cloridopsis scorpio,409230
Macrobrachium surinamicum,587577
Callinectes pallidus,241107
Abralia veranyi,139688
Lusepiola birostrata,1437797
Nodipecten nodosus,225252
Exolaternula spengleri,1148687
Jolya arata,506047
Saccostrea malabonensis,506731
Solemya togata,141545
Cerithium alucastrum,NA
Patella ulyssiponensis,140684
Natica vitellus,571880
Tonna tessellata,410306
Lithopoma caelatum,413408
Neophoca cinerea,255001
Seriatopora caliendrum,206969
Ceramothamnion pacificum,1739124
Alaria esculenta,145716
Genioliparis lindbergi,234605
Verilus pacificus,1524260
Delphinus capensis,NA
Toxotes microlepis,283022
Gymnothorax bacalladoi,271822
Mordacia praecox,1008377
Phractura fasciata,1016868
Cheilodipterus persicus,278896
Lesueurigobius koumansi,273444
Megalobrama terminalis,1015822
Nemipterus zysron,218519
Trimma winterbottomi,278520
Hirundichthys oxycephalus,272171
Stichopus vastus,242062
Egea inermis,342293
Opisthoteuthis agassizii,140652
Temora longicornis,104878
Ballerus ballerus,279859
Jasus caveorum,382878
Paraliparis kerguelensis,234698
Pleurobranchus membranaceus,140820
Gracilechinus elegans,532035
Notarius planiceps,281772
Platycephalus caeruleopunctatus,274653
Gloiopeltis tenax,372182
Scarus xanthopleura,276065
Orestias lutea,NA
Engraulis mordax,272286
Merluccius gayi,293628
Argyrops spinifer,218590
Istiompax indica,712905
Callinectes sapidus,107379
Paracentrotus lividus,124316
Strangomera bentincki,282909
Mugil incilis,273654
Dentex angolensis,273958
Helostoma temminckii,1460145
Paralomis aculeata,550646
Corallium sp. nov.,NA
Uria aalge,137133
Muusoctopus tegginmathae,NA
Bathybiaster loripes,172715
Oreochromis aureus x O. niloticus,NA
Acanthurus lineatus,159582
Cichlasoma portalegrense,1020628
Ambassis jacksoniensis,NA
Anisotremus davidsonii,279617
Apteronotus albifrons,1022974
Astronotus ocellatus,862538
Labeobarbus codringtonii,1018196
Bathysaurus ferox,126369
Brachygalaxias bullocki,1018201
Caenotropus labyrinthicus,1419672
Careproctus furcellus,254548
Chaenomugil proboscideus,280101
Chilotilapia rhoadesii,1018045
Citharinops distichodoides,1017003
Coregonus widegreni,404077
Ctenosciaena gracilicirrhus,280456
Cyttomimus affinis,280468
Diapoma speculiferum,1019358
Echiodon cryomargarites,234602
Epinephelus fasciatomaculosus,273852
Euleptorhamphus viridis,220012
Galeus eastmani,271358
Gobiesox adustus,275663
Gymnothorax moringa,158584
Helicophagus typus,1021369
Hexanchus nakamurai,105834
Hyperopisus bebe,581707
Isistius brasiliensis,215612
Labeo rosae,1017093
Lepidion lepidion,126495
Notoglanidium maculatum,1525786
Lutjanus jocu,159798
Megachasma pelagios,281542
Mitotichthys mollisoni,281582
Mylopharodon conocephalus,1021496
Nemipterus marginatus,278126
Notiocampus ruber,281774
Opaeophacus acrogeneius,281887
Oxycirrhites typus,218865
Paralabrax nebulifer,282059
Parosphromenus allani,1011665
Phenacobius catostomus,1020183
Platyrhina sinensis,282279
Pomoxis nigromaculatus,592856
Psettina brevirictis,219811
Ptereleotris arabica,277119
Okamejei heemstrai,217399
Rhinichthys atratulus,159985
Rosenblattichthys alatus,272104
Notarius troschelii,293654
Selene vomer,159649
Pegusa bleekeri,1803665
Stellifer lanceolatus,159337
Syngnathus acus,127387
Thermarces cerberus,282964
Trachinotus coppingeri,273290
Tuberoschistura cambodgiensis,1011416
Venefica proboscidea,126310
Zoogoneticus quitzeoensis,1026887
Grapsus albolineatus,207523
Nephropsis ensirostris,246172
Caridina laevis,586272
Palaemon paucidens,514458
Alcockpenaeopsis hungerfordii,584932
Erugosquilla woodmasoni,409245
Palaemon zariquieyi,932407
Cronius ruber,241109
Abralia andamanica,341825
Sepiola affinis,141453
Euvola ziczac,394073
Mysia undata,140728
Stavelia subdistorta,506190
Saccostrea mordax,819190
Gastrana fragilis,141578
Cerithium vulgatum,NA
Tonna galea,141687
Polinices albumen,570148
Ficus gracilis,214984
Lithopoma tectum,419499
Neophocaena phocaenoides,254985
Seriatopora hystrix,206973
Gelidium johnstonii,372122
Lessonia trabeculata,373655
Adelieledone polymorpha,325319
Ostichthys japonicus,276207
Tursiops aduncus,254983
Scleropages formosus,1009717
Hyperoplus lanceolatus,126756
Sardinella rouxi,272276
Gymnothorax mareei,271847
Apogonichthyoides nigripinnis,209390
Mauligobius nigri,273445
Rutilus caspicus,307935
Neopomacentrus cyanomos,218839
Trichonotus arabicus,279117
Hypoatherina temminckii,217883
Bullacta caurina,1340048
Liguriella podophthalma,342354
Vampyroteuthis infernalis,141887
Lepeophtheirus salmonis,NA
Enteromius litamba,1526060
Dardanus arrosor,107197
Arnoglossus rueppelii,127127
Scaphander lignarius,139488
Cidaris cidaris,124257
Plicofollis tonggol,282302
Platycephalus fuscus,274658
Gracilaria coronopifolia,371184
Carasobarbus luteus,1012174
Orestias ispi,1012303
Cetengraulis edentulus,280091
Merluccius polli,272457
Cheimerius nufar,218594
Kajikia audax,712907
Callinectes danae,107378
Dermechinus horridus,160803
Engraulis japonicus,219984
Mugil capurrii,126982
Dentex maroccanus,273966
Dormitator latifrons,276408
Paralomis spinosissima,369208
Limulus polyphemus,150514
Uria lomvia,137134
Acesta maui,457862
Labidiaster annulatus,234924
Thalassarche chlororhynchos,159069
Abyssobrotula galatheae,236126
Andinoacara pulcher,991177
Ambassis natalensis,220039
Genyatremus dovii,995103
Apteronotus leptorhynchus,1525945
Astroscopus guttatus,159251
Labeobarbus bynni,1026004
Bathysolea lactea,274296
Brachyglanis frenata,NA
Caesio caerulaurea,219995
Allocareproctus jordani,279555
Chaenophryne draco,126559
Chimaera cubana,271396
Citharinus citharus,1020007
Corematodus shiranus,1019220
Paratrypauchen microcephalus,398626
Cyttopsis cypho,275301
Diapteron cyanostictum,NA
Echiophis punctifer,158610
Epinephelus fasciatus,218207
Eulophias tanneri,280747
Galeus longirostris,271360
Romanogobio albipinnatus,1015653
Gymnothorax ocellatus,271865
Helogenes castaneus,1524794
Hexatrygon bickelli,221455
Hyperoplus immaculatus,126755
Isistius plutodus,277768
Labeo sindensis,NA
Lepidion microcephalus,272482
Lichnochromis acuticeps,1015285
Lutjanus johnii,218496
Megadontognathus cuyuniensis,1010944
Mitsukurina owstoni,105842
Mylossoma acanthogaster,1021817
Nemipterus mesoprion,278127
Notocetichthys trunovi,234616
Opeatogenys cadenati,272527
Oxyconger leptognathus,281953
Paralaubuca barroni,1015548
Rhinotocinclus britskii,1805635
Phenacogrammus aurantiacus,1014476
Platyrhinoidis triseriata,282280
Pontinus accraensis,274681
Pseudacanthicus fordii,1421140
Pterengraulis atherinoides,282496
Raja herwigi,271577
Rhinichthys cataractae,567547
Rouleina attrita,126709
Sciadonus cryptophthalmus,126651
Seleniolycus laevifasciatus,234701
Pegusa impar,236490
Stellifer microps,276163
Syngnathus phlegon,127388
Thoracocharax securis,1026657
Trachinotus falcatus,367285
Rhinogobius philippinus,1016202
Ventrifossa atherodon,275590
Zu cristatus,126529
Metopograpsus messor,207536
Nephropsis malhaensis,241295
Caridina nilotica,241260
Palaemon serrifer,514465
Kishinouyepenaeopsis maxillipedo,NA
Miyakella nepa,723698
Lysmata amboinensis,241289
Polybius corrugatus,1752528
Abraliopsis morisii,237819
Adinaefiola aurantiaca,1437788
Talochlamys multistriata,236714
Petricolaria pholadiformis,156961
Estellacar olivacea,504639
Saccostrea palmula,506729
Peronidia albicans,878285
Hirtomurex squamosus,NA
Phorcus articulatus,689174
Polinices peselephanti,568326
Ficus subintermedia,NA
Lithopoma tuber,528078
Ommatophoca rossii,231412
Stylophora pistillata,206982
Gelidium pusillum,145590
Macrocystis pyrifera,232231
Pareledone turqueti,239393
Ostichthys kaianus,217934
Erythrocles scintillans,273398
Hexagrammos decagrammus,240732
Labrus viridis,126968
Pellonula vorax,282187
Enchelycore nigricans,271808
Apogonichthyoides pseudotaeniatus,475091
Nematogobius maindroni,281667
Schizothorax yunnanensis,1016604
Neopomacentrus sindensis,218834
Trichonotus setiger,279123
Hyporhamphus limbatus,272185
Mystacoleucus atridorsalis,1383245
Megalocranchia maxima,341821
Mauremys reevesii,1451623
Caligus elongatus,135754
Cathorops mapale,280046
Podiceps nigricollis,137184
Symphurus nigrescens,127134
Trivia arctica,141741
Spatangus purpureus,124418
Neoarius graeffei,281673
Ebinania macquariensis,234672
Gracilaria domingensis,372998
Luciobarbus esocinus,1019939
Trichomycterus rivulatus,1019167
Anchoa mitchilli,158699
Merluccius albidus,158748
Pagrus pagrus,127063
Tetrapturus angustirostris,219734
Callinectes toxotes,442769
Pyura stolonifera,215927
Engraulis anchoita,272284
Chelon ramada,1042830
Spondyliosoma emarginatum,218628
Sebastes norvegicus,151324
Maja squinado,107350
Asterias rubens,123776
Stercorarius parasiticus,137172
Euciroa galatheae,406392
Serolis gracilis,258117
Pterodroma macroptera,212644
Abyssocottus elochini,1014036
Aesopia cornuta,219819
Ambloplites rupestris,151293
Anisotremus interruptus,279619
Apterygocampus epinnulatus,279671
Psalidodon fasciatus,1524224
Luciobarbus callensis,1016736
Bathysphyraenops simplex,159845
Brachygobius aggregatus,279975
Caesio cuning,278536
Careproctus melanurus,254549
Chaenopsis alepidota,293559
Chimaera jordani,271397
Citharinus gibbosus,1019010
Coreobagrus ichikawai,1013949
Cualac tessellatus,1013973
Cyttus novaezealandiae,277985
Diapterus auratus,159726
Echiostoma barbatum,127340
Epinephelus flavocaeruleus,218203
Eumecichthys fiski,217888
Galeus murinus,105813
Gobiobotia brevibarba,1008141
Gymnothorax polygonius,126300
Baldwinella aureorubens,1015364
Scorpiodoras bolivarensis,1805608
Hypocritichthys analis,1804082
Iso flosmaris,276751
Labeo umbratus,1017481
Lepidoblennius haplodactylus,281288
Lile piquitinga,281352
Lutjanus lutjanus,218495
Megalechis thoracata,1021884
Miuroglanis platycephalus,1019674
Mylossoma aureum,1020515
Nemipterus nematophorus,278128
Notocheirus hubbsi,281775
Ophichthus gomesii,271955
Oxydoras kneri,1021115
Paralepis brevirostris,126360
Parrella fusca,282170
Phenacorhamdia anisura,1011707
Haplochromis degeni,1017472
Poptella brevispina,1011524
Zebrias japonicus,403352
Pterocaesio chrysozona,213662
Okamejei hollandi,279182
Rhinichthys osculus,592846
Ruanoho decemdigitatus,282632
Protosciaena bathytatos,315356
Uranoscopus turbisquamatus,1804084
Pegusa nasuta,127157
Stellifer minor,276164
Syngnathus rostellatus,127389
Thorogobius angolensis,273476
Trachinotus goreensis,273291
Tydemania navigatoris,221469
Ventrifossa ctenomelas,275591
Zu elongatus,221405
Calappa hepatica,209501
Nephropsis neglecta,382865
Caridina propinqua,586373
Palaemon xiphias,107617
Parapenaeopsis nana,377554
Stereomastis sculpta,107700
Lysmata debelius,515365
Achelous hastatus,1474844
Ancistrocheirus lesueurii,138747
Sepiola intermedia,141456
Flexopecten flexuosus,225259
Pholas dactylus,140770
Portlandia isonota,506537
Striostrea margaritacea,224641
Moerella pulchella,1055920
Coralliophila brevis,139398
Phorcus turbinatus,689179
Neverita didyma,568320
Cassis cornuta,208963
Turbo canaliculatus,528088
Peponocephala electra,137103
Heliopora coerulea,210725
Laurencia pacifica,372840
Halymenia dilatata,211642
Fregetta tropica,212696
Pontinus macrocephalus,274689
Sanquerus validus,442830
Homalaspis plana,440523
Liparis tanakae,274541
Glossanodon polli,272906
Uropterygius wheeleri,277956
Apogonichthyoides taeniatus,209391
Nematogobius brachynemus,281666
Sinocyclocheilus grahami,282800
Nuchequula gerreoides,398531
Torquigener hypselogeneion,219961
Hyporhamphus quoyi,272192
Meristotheca dakarensis,388703
Sandalops melancholicus,342386
Mauremys nigricans,1671005
Balanus crenatus,106215
Pterodoras rivasi,1013314
Tachybaptus ruficollis,148790
Zeugopterus regius,236488
Delectopecten vitreus,140702
Echinocardium cordatum,124392
Euristhmus microceps,280755
Eumicrotremus spinosus,127217
Gracilaria manilaensis,374143
Arabibarbus grypus,1044791
Wallagonia leerii,NA
Ilisha africana,281158
Macruronus magellanicus,272449
Chrysophrys auratus,367239
Xiphias gladius,127094
Carcinus maenas,107381
Pyura chilensis,251256
Engraulis ringens,272287
Chelon auratus,1044127
Archosargus probatocephalus,159238
Sebastes flavidus,274795
Jacquinotia edwardsii,442003
Echinus esculentus,124287
Sterna hirundo,137162
Hyalinoecia tubicola,130464
Euneognathia gigas,174884
Larus dominicanus,212624
Cataetyx lepidogenys,272763
Aetapcus maculatus,279511
Amblyceps mangois,1026877
Anisotremus scapularis,279622
Aptocyclus ventricosus,254299
Asymbolus analis,279779
Carasobarbus canis,1020743
Bathystethus cultratus,279876
Brachyhypopomus beebei,1014559
Caesio varilineata,219988
Carinotetraodon lorteti,1467068
Chaetobranchopsis australis,1018294
Chimaera owstoni,271399
Citharinus latus,1022054
Coreoleuciscus splendidus,1015267
Cubanichthys cubensis,280458
Dacodraco hunteri,234614
Diastobranchus capensis,158656
Eckloniaichthys scylliorhiniceps,219758
Hyporthodus flavolimbatus,475077
Eumegistus brevorti,280748
Galeus nipponensis,271362
Gobiocichla ethelwynnae,1383760
Gymnothorax porphyreus,271872
Hemerocoetes artus,281003
Himantolophus albinares,126543
Hyphessobrycon axelrodi,281101
Isocirrhitus sexfasciatus,281185
Labeo victorianus,1018659
Lepidoblepharon ophthalmolepis,281290
Lile stolifera,281353
Lutjanus mahogoni,159799
Megalocottus platycephalus,254411
Dialommus macrocephalus,280518
Mylossoma duriventre,1016059
Nemipterus nemurus,218522
Notoclinops caerulepunctus,281777
Ophichthus remiger,271976
Oxyeleotris fimbriata,991292
Paralepis coregonoides,126361
Parupeneus trifasciatus,277826
Phenacoscorpius adenensis,218072
Platytroctes mirus,126747
Porcostoma dentatum,1841065
Pseudalutarius nasicornis,220074
Pterocaesio digramma,213657
Amblyraja hyperborea,105863
Rhinobatos annandalei,271594
Rudarius ercodes,282633
Cilus gilberti,280187
Semaprochilodus insignis,1018426
Solea ovata,274311
Stellifer oscitans,276166
Syngnathus schmidti,127390
Thrattidion noctivagus,1013087
Trachinotus kennedyi,273292
Tylerius spinosissimus,219963
Ventrifossa divergens,217789
Zungaro zungaro,1026885
Ashtoret lunaris,107310
Nephropsis occidentalis,382866
Caridina tonkinensis,586439
Palaemon adspersus,107613
Parapenaeus australiensis,377559
Metapenaeus anchistus,377532
Saron neglectus,210451
Grapsus tenuicrustatus,207529
Pterygioteuthis giardi,141097
Adinaefiola ligulata,1437787
Manupecten pesfelis,225645
Pinna rudis,140781
Aequiyoldia eightsii,868255
Equichlamys bifrons,391844
Macomangulus tenuis,878470
Coralliophila meyendorffii,139399
Calliostoma conulus,141752
Polinices mammilla,216923
Cypraecassis rufa,217000
Turbo castanea,528089
Phocarctos hookeri,231422
Antipathes dichotoma,103309
Osmundea sinicola,374754
Ahnfeltia plicata,144422
Halobaena caerulea,212645
Priacanthus hamrur,218360
Sciades parkeri,712442
Alburnus tarichi,1026599
Lophius litulon,272600
Bathylagoides argyrogaster,279873
Panturichthys longus,271796
Jaydia queketti,209280
Periophthalmus barbarus,277973
Spinibarbus sinensis,1020560
Omobranchus fasciolatus,219318
Torquigener flavimaculosus,219962
Hyporhamphus sindensis,272197
Meristotheca senegalense,NA
Pelophylax nigromaculatus,1488231
Aptenodytes forsteri,225773
Themisto libellula,156452
Trachelyopterus galeatus,1018418
Hydrobates castro,1806345
Xanthichthys ringens,159486
Pseudamussium peslutrae,140717
Echinocardium flavescens,124394
Hemiancistrus landoni,NA
Aseraggodes haackeanus,279718
Gracilaria parvispora,374587
Plagioscion magdalenae,NA
Calonectris borealis,1348497
Chirocentrus dorab,212257
Nezumia bairdii,183289
Pterogymnus laniarius,218619
Stromateus fiatola,127076
Carcinus aestuarii,107380
Ulva australis,660661
Anchoa hepsetus,158698
Chelon parsia,NA
Argyrozona argyrozona,218592
Sebastes alutus,254573
Metanephrops mozambicus,241290
Loxechinus albus,160809
Sterna paradisaea,137165
Madrepora oculata,135209
Arcturides cornutus,259019
Thalassarche chrysostoma,225760
Acanthobrama microlepis,1020219
Aethaloperca rogaa,218168
Amblychaeturichthys sciistius,279574
Anisotremus surinamensis,279623
Aptychotrema rostrata,279673
Asymbolus vincenti,279786
Cheilobarbus capensis,1526229
Bathytroctes microlepis,126693
Brachyistius frenatus,240721
Caesioperca lepidoptera,280011
Caristius fasciatus,873087
Chaetobranchus flavescens,1020536
Chimaera phantasma,271401
Citharoides macrolepidotus,277502
Coreoperca kawamebari,1022148
Cubiceps baxteri,219745
Dactylophora nigricans,280476
Dibranchus atlanticus,126558
Protomelas ornatus,NA
Epinephelus guttatus,159352
Eumesogrammus praecisus,159817
Galeus piperatus,271363
Gobiodon acicularis,276921
Gymnothorax pseudothyrsoideus,271878
Hemerorhinus opici,281009
Pateobatis bleekeri,1043413
Hyphessobrycon herbertaxelrodi,1012316
Isogomphodon oxyrhynchus,NA
Labeotropheus fuelleborni,1016252
Lepidocephalichthys guntea,281291
Chromidotilapia cavalliensis,1013175
Lutjanus malabaricus,218481
Megalodoras uranoscopus,1016385
Gila coriacea,1805553
Olyra longicaudata,1019915
Nemipterus peronii,218520
Notoglanidium pallidum,1012770
Ophichthus rufus,126316
Oxygaster anomalura,1022111
Paraletharchus pacificus,282062
Parupeneus cyclostomus,218665
Phenacostethus posthon,282234
Platytroctes apus,126746
Porichthys porosissimus,275662
Pseudamia zonata,276899
Pterocaesio pisang,213658
Beringraja inornata,1461134
Acroteriobatus annulatus,871953
Ruscarius meanyi,282637
Sciaenochromis ahli,1015441
Semaprochilodus taeniurus,1150190
Solea senegalensis,127159
Stellifer rastrifer,276168
Syngnathus taenionotus,127391
Chironemus maculosus,712747
Trachinotus marginatus,273293
Tylochromis aristoma,1011558
Ventrifossa garmani,275593
Zungaropsis multimaculatus,1018005
Cardisoma carnifex,210291
Thymopides grobovi,382874
Caridina weberi,586294
Palaemon concinnus,220149
Parapenaeus fissurus,210400
Penaeus silasi,NA
Processa peruviana,515411
Varuna litterata,207551
Pyroteuthis margaritifera,157031
Sepiola robusta,141458
Pseudamussium clavatum,140716
Gari depressa,140869
Alectryonella plicatula,506699
Flexopecten glaber,236720
Thracia phaseolina,152378
Babelomurex cariniferus,224954
Calliostoma granulatum,141753
Notocochlis gualteriana,370551
Phalium bandatum,217002
Voluta musica,382406
Phocoena sinus,343897
Antipathes grandis,283903
Pyropia perforata,626064
Ahnfeltia fastigiata,372235
Pachyptila desolata,212649
Sargocentron spiniferum,217950
Amphiarius phrygiatus,279586
Sotalia guianensis,344009
Neosalanx tangkahkeii,281704
Bathytroctes michaelsarsi,126692
Panturichthys mauritanicus,126294
Acropoma japonicum,220048
Thorogobius rofeni,273477
Procypris rabaudi,1015895
Omobranchus mekranensis,219321
Tomiyamichthys latruncularius,398654
Hyporhamphus unicuspis,272199
Magallana sikamea,836041
Hoplobatrachus chinensis,NA
Cladosiphon okamuranus,371901
Onisimus glacialis,102644
Trachelyopterus insignis,1020132
Sula leucogaster,212597
Fowlerichthys radiosus,712508
Palliolum tigerinum,140710
Brissopsis lyrifera,124373
Pangasius polyuranodon,281984
Symphurus atramentatus,274233
Gracilaria vermiculophylla,236157
Centrophorus lesliei,1385217
Hydrobates monorhis,NA
Chanos chanos,217625
Macroramphosus scolopax,127378
Sparus aurata,151523
Pampus argenteus,127075
Scylla serrata,208814
Saccharina japonica,377084
Engraulis capensis,219983
Planiliza macrolepis,1043424
Cymatoceps nasutus,218601
Sebastes mentella,127254
Metanephrops challengeri,382850
Apostichopus japonicus,241776
Ardea cinerea,212668
Oculina virgosa,287103
Antarcturus oryx,257933
Catharacta antarctica,NA
Acanthaphritis barbata,279465
Mastacembelus sexdecimspinus,1524143
Amblycirrhitus earnshawi,277567
Anisotremus virginicus,279625
Aptychotrema vincentiana,279675
Ataeniobius toweri,1018650
Luciobarbus graellsii,1020876
Bathyuroconger vicinus,126284
Brachymystax lenok,1026966
Caesioscorpis theagenes,280013
Carlastyanax aurocaudatus,NA
Chaetodermis penicilligerus,280112
Chionobathyscus dewitti,234650
Paracitharus macrolepis,NA
Corica soborna,280401
Cubiceps caeruleus,273675
Dactyloptena gilberti,218159
Diceratias bispinosus,272555
Economidichthys pygmaeus,1015990
Hyporthodus haifensis,712594
Eumicrotremus derjugini,127215
Galeus polli,271364
Gobiomorphus breviceps,1014935
Gymnothorax rueppelliae,217477
Peckoltia braueri,1017604
Urogymnus polylepis,1011468
Hypleurochilus aequipinnis,276311
Isopisthus parvipinnis,281187
Labichthys carinatus,158588
Lepidocephalichthys thermalis,1021849
Poecilia caymanensis,NA
Lutjanus monostigma,218474
Pinirampus argentina,NA
Mobula eregoodoo,217434
Myoxocephalus jaok,254527
Nemipterus tambuloides,278130
Notograptus guttatus,281783
Ophidion barbatum,126675
Halichoeres californicus,240728
Paralichthodes algoensis,219815
Parupeneus forsskali,218669
Phenagoniates macrolepis,1017276
Platyurosternarchus macrostoma,1525936
Porochilus meraukensis,1017426
Pseudamiops gracilicauda,209301
Pterocaesio tessellata,278945
Amblyraja jenseni,105864
Acroteriobatus blochii,1022262
Rusichthys plesiomorphus,218338
Scleronema minutum,1019599
Bodianus reticulatus,1804085
Solegnathus dunckeri,278075
Stellifer stellifer,276169
Syngnathus tenuirostris,127392
Thryssa baelama,212291
Trachinotus maxillosus,273294
Tylosurus crocodilus,159259
Ventrifossa macropogon,158747
Paristiopterus labiosus,282150
Chaceon macphersoni,442703
Thymops birsteini,382876
Paratya compressa,586650
Palaemon elegans,107614
Parapenaeus investigatoris,210401
Metapenaeopsis wellsi,377531
Heterocarpus hayashii,515431
Ocypode ceratophthalmus,207578
Watasenia scintillans,342419
Sepiola steenstrupiana,141460
Barnea candida,140767
Gari fervensis,140870
Magallana ariakensis,836034
Crassadoma gigantea,240774
Thracia pubescens,141650
Ranella olearium,141115
Calliostoma gualterianum,NA
Tanea lineata,592609
Phalium areola,217009
Voluta virescens,382547
Phocoena spinipinnis,343898
Lepidisis olapa,NA
Gymnogongrus griffithsiae,145657
Schoenoplectus acutus,1672912
Pagodroma nivea,225772
Caristius macropus,126824
Sciades proops,282702
Procellaria conspicillata,405096
Paralichthys isosceles,275814
Conocara macropterum,126695
Pythonichthys macrurus,282525
Synagrops bellus,159584
Wheelerigobius wirtzi,283163
Oreochromis andersonii x O. niloticus,NA
Omobranchus punctatus,219320
Thysanophrys celebica,218157
Uraspis helvola,218449
Quasipaa spinosa,1611311
Podocnemis expansa,1339079
Chrysaora plocamia,287210
Gammarus locusta,102281
Ageneiosus pardalis,1014533
Sula sula,212596
Melanocetus murrayi,126557
Musculus discors,140472
Paraleptopentacta elongata,1474372
Gymnothorax javanicus,217502
Symphurus chabanaudi,274239
Grateloupia gibbesii,372982
Centrophorus longipinnis,1385219
Thalasseus bengalensis,413039
Salmo trutta,127187
Lampris guttatus,126522
Boops boops,127047
Ariomma indica,219752
Necora puber,107398
Undaria pinnatifida,145721
Cetengraulis mysticetus,280092
Odontesthes bonariensis,281825
Pagrus caeruleostictus,127062
Sebastes capensis,221446
Homarus americanus,156134
Microcosmus vulgaris,103846
Larus canus,137141
Enallopsammia rostrata,135190
Themisto gaudichaudii,325384
Catharacta chilensis,NA
Acantharchus pomotis,293694
Aethotaxis mitopteryx,234660
Platydoras hancockii,1022365
Annamia normani,1015814
Taeniamia zosterophora,1021454
Ataxolepis apus,126408
Barbus haasi,1525641
Batrachocephalus mino,279878
Brachynectes fasciatus,279982
Caffrogobius agulhensis,219402
Carlhubbsia kidderi,1525356
Chaetodipterus faber,159703
Awaous fluviatilis,475063
Clariallabes attemsi,1525516
Coris gaimard,218960
Cubiceps capensis,159423
Dactylopterus volitans,127232
Dicotylichthys punctulatus,219969
Ecsenius aequalis,277646
Epinephelus heniochus,273855
Eumicrotremus taranetzi,274496
Galeus sauteri,271365
Gobiomorus dormitor,280896
Gymnothorax undulatus,217508
Hemibagrus baramensis,1018438
Pateobatis fai,1043416
Hypnos monopterygius,314648
Isopisthus altipinnis,NA
Labichthys yanoi,275442
Lepidocephalichthys annandalei,1012795
Limnichthys nitidus,219164
Lutjanus novemfasciatus,276544
Megalonibea fusca,281544
Mobula hypostoma,158530
Myoxocephalus octodecemspinosus,159520
Nemuroglanis lanceolatus,1019675
Notolabrus celidotus,281786
Giuris margaritaceus,318181
Oxylapia polli,1013423
Paralichthys adspersus,275806
Parupeneus macronemus,277817
Pherallodichthys meshimaensis,282236
Perissodus elaviae,NA
Poroclinus rothrocki,254385
Pseudancistrus barbatus,1017722
Pterochromis congicus,1019251
Dipturus johannisdavisi,271550
Zapteryx brevirostris,283212
Squalius alburnoides,1020902
Scleropages jardinii,991306
Semilabeo notabilis,1383101
Soleichthys siammakuti,282823
Stemonidium hypomelas,282881
Syngnathus typhle,127393
Thryssa dussumieri,275553
Trachinotus mookalee,273295
Typhlachirus caecus,283074
Ventrifossa nigrodorsalis,275601
Oncorhynchus aguabonita,1019567
Platymera gaudichaudii,440341
Thymops nilenta,1653867
Campylonotus rathbunae,342627
Palaemon gravieri,514449
Parapenaeus lanceolatus,377560
Metapenaeus suluensis,377543
Heterocarpus parvispina,515436
Charybdis feriatus,NA
Okutania anonycha,1468871
Sepiolina nipponensis,342396
Cyrtopleura costata,156840
Pteria hirundo,140891
Magallana cuttackensis,NA
Nodipecten subnodosus,394383
Dosinia exoleta,141911
Charonia lampas,141101
Calliostoma laugieri,141759
Mammilla melanostoma,569972
Phalium glaucum,217006
Natica adansoni,224855
Platanista gangetica,254967
Mnemiopsis leidyi,106401
Gymnogongrus tenuis,145659
Pterocladiella caerulescens,374576
Alosa curensis,300333
Lutjanus adetii,276519
Cathorops spixii,280049
Hypomesus nipponensis,279421
Peltorhamphus novaezeelandiae,282191
Einara macrolepis,126701
Pythonichthys microphthalmus,282526
Kaperangus microlepis,1486838
Yongeichthys thomasi,278115
Helcogramma steinitzi,279250
Ophichthus apicalis,217588
Thalassoma purpureum,212213
Cubiceps whiteleggii,273680
Cucumaria japonica,NA
Mesocentrotus nudus,591103
Hemiramphus saltator,272178
Gammaracanthus lacustris,489922
Bathyclarias nyasensis,1026421
Mergellus albellus,232039
Himantolophus groenlandicus,126545
Turtonia minuta,141875
Psolus phantapus,124710
Strophidon dorsalis,1433680
Symphurus elongatus,274241
Grateloupia lanceola,371072
Centrophorus seychellorum,388405
Amphioctopus arenicola,342271
Oncorhynchus gorbuscha,127182
Hoplostethus atlanticus,126402
Chrysoblephus cristiceps,218597
Seriolella brama,282755
Scyllarus arctus,107709
Lessonia nigrescens,373654
Coilia mystus,279082
Channa punctata,280129
Pagrus auriga,127061
Sebastes pinniger,274836
Chaceon maritae,234117
Monostroma nitidum,371800
Larus fuscus,137142
Solenosmilia variabilis,135168
Pallenopsis vanhoeffeni,240390
Thalassarche bulleri,225776
Similiparma lurida,889885
Aetobatus flagellum,278241
Amblyeleotris aurora,209272
Anodontiglanis dahli,991189
Archistes biseriatus,279679
Parateleopus indicus,1805557
Enteromius holotaenia,1470717
Batrachocottus baicalensis,1020418
Brachypetersius altus,1015203
Cairnsichthys rhombosomoides,1016078
Carnegiella marthae,1007272
Chaetodipterus lippei,276411
Chirocentrodon bleekerianus,280154
Clarias alluaudi,1017810
Coris julis,126963
Cubiceps gracilis,126990
Dactylopus dactylopus,278368
Dicrolene introniger,275895
Ecsenius lividanalis,277662
Epinephelus hexagonatus,218232
Rhynchocypris percnurus,1026590
Galeus schultzi,271366
Ctenogobius claytonii,276482
Gymnothorax unicolor,126301
Hemibarbus labeo,1015524
Maculabatis gerrardi,1042867
Hypoatherina barnesi,217884
Isopsetta isolepis,281189
Labidesthes sicculus,422550
Lepidogalaxias salamandroides,1013726
Greenwoodochromis abeelei,1525006
Lutjanus rivulatus,218494
Megupsilon aporus,1383637
Mobula kuhlii,217436
Myrichthys maculosus,217578
Neoaploactis tridorsalis,281672
Notolepis coatsi,234695
Ophioblennius atlanticus,126769
Oxylebius pictus,240743
Paralichthys albigutta,158825
Parupeneus multifasciatus,277820
Pherallodus indicus,277112
Plectobranchus evides,282283
Porocottus tentaculatus,279432
Pseudanos trimaculatus,1021340
Pterocryptis gangelica,1020459
Okamejei kenojei,279183
Glaucostegus cemiculus,1016062
Sarmarutilus rubilio,1418252
Scobinichthys granulatus,282705
Semotilus atromaculatus,590495
Solenostomus cyanopterus,217977
Stemonosudis elegans,220335
Syngnathus variegatus,127394
Thryssa encrasicholoides,158704
Trachinotus paitensis,273296
Typhleotris madagascariensis,1015600
Ventrifossa petersonii,275604
Oncorhynchus clarkii,274347
Glebocarcinus amphioetus,440383
Jasus paulensis,246323
Argis lar,254487
Palaemon longirostris,107615
Parapenaeus longipes,210399
Parapenaeopsis gracillima,377551
Heterocarpus affinis,515426
Podophthalmus vigil,208884
Berryteuthis magister,342286
Thysanoteuthis rhombus,141680
Atrina fragilis,146524
Scrobicularia plana,141424
Lopha cristagalli,216638
Pecten albicans,393865
Venus casina,141934
Charonia tritonis,141102
Calliostoma zizyphinum,141767
Mammilla sebae,569979
Gutturnium muricinum,220950
Thetystrombus latus,1428085
Platanista minor,NA
Arenicola defodiens,129867
Spirulina subsalsa,660753
Pterocladia heteroplatos,212193
Symbolophorus veranyi,126630
Lutjanus kasmira,218482
Lepophidium brevibarbe,275619
Salangichthys microdon,282650
Rhencus panamensis,320982
Leptoderma macrops,126703
Facciolella oxyrhynchus,126307
Branchiostegus semifasciatus,276741
Zebrasoma scopas,219679
Istigobius decoratus,219504
Opistognathus muscatensis,219137
Tetrosomus gibbosus,219915
Brama orcini,221417
Cucumaria frondosa,124612
Capsosiphon fulvescens,145935
Cleisthenes herzensteini,NA
Apherusa glacialis,102166
Aguarunichthys inpai,1384050
Larus michahellis,232052
Linophryne lucifer,126550
Timoclea ovata,141929
Leptosynapta inhaerens,124465
Xenomystax atrarius,283188
Symphurus undecimplerus,274280
Grateloupia turuturu,295880
Centrophorus westraliensis,398265
Amphioctopus exannulatus,535623
Oncorhynchus nerka,254569
Zeus faber,127427
Chrysoblephus gibbiceps,218598
Seriolella violacea,282760
Lithodes murrayi,241288
Fucus vesiculosus,145548
Lycengraulis grossidens,281446
Channa striata,280130
Petrus rupestris,218611
Scorpaena porcus,127247
Haliotis discus,397082
Laminaria hyperborea,145725
Larus glaucoides,137144
Goniocorella dumosa,290021
Nymphon brachyrhynchum,240140
Thalassarche cauta,225902
Abudefduf saxatilis,159288
Aetobatus narinari,217426
Amblygaster clupeoides,278995
Anomalochromis thomasi,1017217
Archocentrus centrarchus,1020252
Atelomycterus macleayi,279789
Labeobarbus johnstonii,1526111
Batrachoides liberiensis,278665
Brachyplatystoma filamentosum,279984
Eugnathogobius kabilia,1014412
Carpiodes carpio,890545
Chaetodipterus zonatus,276412
Chirocentrus nudus,212258
Clarias ngamensis,280203
Corvula macrops,280403
Cubiceps kotlyari,273676
Dactyloscopus crossotus,276397
Dicrossus maculatus,1015148
Ectodus descampsii,1019144
Epinephelus labriformis,273858
Eupetrichthys angustipes,280750
Gambusia affinis,159325
Gobiopsis liolepis,1803729
Gymnothorax vicinus,126302
Hemibates stenosoma,1018934
Urogymnus granulatus,989371
Hypodoras forficulatus,1016318
Isorineloricaria spinosissima,1466499
Labidochromis caeruleus,1013981
Lepidogobius lepidus,281292
Limnocottus bergianus,1015258
Lutjanus rufolineatus,276548
Meiacanthus abditus,279302
Mobula mobular,105858
Myripristis jacobus,159385
Neobola moeruensis,NA
Notolychnus valdiviae,126629
Ophiocara macrolepidotum,NA
Oxymetopon compressus,281958
Paralichthys brasiliensis,275808
Parupeneus pleurostigma,218656
Philypnodon grandiceps,1021044
Plectorhinchus cinctus,273485
Poroderma africanum,217649
Pseudanthias bimaculatus,218274
Pterodoras granulosus,1016627
Malacoraja kreffti,105877
Pseudobatos glaucostigma,1577351
Rypticus saponaceus,275963
Scolichthys greenwayi,1383617
Seriola carpenteri,126815
Solenostomus paradoxus,217976
Hypoatherina panatela,310979
Synodontis alberti,1019576
Thryssa hamiltonii,275555
Trachinotus rhodopus,273297
Typhlichthys subterraneus,1015002
Verasper moseri,283141
Oncorhynchus gilae,1014244
Romaleon antennarium,440397
Justitia longimana,382881
Crangon affinis,246272
Palaemon macrodactylus,181372
Parapenaeus sextuberculatus,210402
Penaeopsis eduardoi,377565
Heterocarpus hostilis,515432
Thalamita crenata,NA
Gonatopsis borealis,342326
Tremoctopus violaceus,141694
Atrina pectinata,140779
Pharus legumen,140736
Striostrea prismatica,506739
Pecten excavatus,393900
Dosinia lupinus,141912
Monoplex corrugatus,476518
Clanculus jussieui,141773
Tonna allium,208010
Monoplex nicobaricus,476529
Cymbium marmoratum,384771
Pontoporia blainvillei,254964
Marphysa sanguinea,130075
Alsidium helminthochorton,144785
Pterocladia lucida,371171
Ulva rigida,145990
Lutjanus lemniscatus,218485
Isostichopus badionotus,367868
Sebastolobus macrochir,282742
Iberochondrostoma lemmingii,1020895
Rouleina maderensis,126710
Hoplunnis punctata,275447
Alepes kleinii,273268
Acanthurus blochii,219639
Istigobius ornatus,219505
Opistognathus nigromarginatus,219136
Pristiapogon kallopterus,712696
Ateleopus japonicus,276690
Kuronezumia leonis,217771
Silvetia siliquosa,374119
Sebastes auriculatus,274773
Eusirus holmii,102200
Brachyplatystoma tigrinum,1524202
Larus melanocephalus,NA
Dosima fascicularis,106148
Spisula elliptica,140300
Thyone fusus,124670
Ophichthus triserialis,271987
Citharichthys platophrys,275693
Gymnogongrus durvillei,1356750
Scorpaena loppei,127244
Amphioctopus kagoshimensis,534098
Oncorhynchus kisutch,127184
Allocyttus niger,234810
Chrysoblephus anglicus,218595
Seriolella caerulea,282756
Lithodes ferox,240655
Durvillaea antarctica,373370
Alepocephalus bairdii,126682
Lates calcarifer,278957
Rhabdosargus globiceps,218624
Pontinus kuhlii,127240
Haliotis gigantea,367891
Ascophyllum nodosum,145541
Larus hyperboreus,137145
Aciculites pulchra,171181
Decolopoda australis,173243
Diomedea amsterdamensis,405082
Acanthemblemaria aspera,279443
Aetobatus ocellatus,278243
Amblygaster leiogaster,217440
Anomalops katoptron,279629
Archolaemus blax,1013183
Atelomycterus marmoratus,279790
Enteromius lineomaculatus,1470230
Batrachomoeus occidentalis,279881
Brachyplatystoma juruense,1026890
Calamopteryx goslinei,280019
Caspiomyzon wagneri,280039
Chaetodon aureofasciatus,273326
Chirodactylus brachydactylus,218871
Clarias theodorae,1017218
Corydoras aeneus,1014877
Cubiceps pauciradiatus,159424
Dadyanos insignis,280478
Dictyosoma temminckii,NA
Ectreposebastes imus,159566
Epinephelus lanceolatus,218224
Eupleurogrammus glossodon,280751
Heterophallus echeagarayi,NA
Gobiopterus brachypterus,280900
Gymnotus carapo,1020602
Hemibrycon dentatus,1017403
Brevitrygon imbricata,1042823
Paracentropogon rubripinnis,277237
Istiblennius bellus,219297
Labiobarbus leptocheilus,1026609
Lepidomeda vittata,1020375
Limnotilapia dardennii,1027001
Lutjanus sebae,218499
Mekongina erythrospila,1015046
Mobula munkiana,271482
Myripristis murdjan,217925
Neobythites analis,217811
Notolycodes schmidti,281793
Ophiogobius jenynsi,281898
Oxymonacanthus halli,220064
Paralichthys lethostigma,158829
Parupeneus porphyreus,218662
Pholidichthys anguis,282241
Plectorhinchus flavomaculatus,218549
Poroderma pantherinum,217650
Pseudanthias fasciatus,277451
Pterogobius elapoides,282497
Dipturus lanceorostratus,217394
Glaucostegus granulatus,280873
Sabanejewia balcanica,1016368
Scoliodon laticaudus,217364
Seriola fasciata,126817
Solivomer arenidens,282826
Stenobrachius leucopsarus,254363
Synodontis angelicus,1013961
Thryssa kammalensis,275556
Trachinotus stilbe,273298
Pimelodella kronei,1526124
Verasper variegatus,283142
Gobio gobio,154316
Cancer johngarthi,440379
Nupalirus japonicus,382884
Crangon alaskensis,515542
Palaemon maculatus,240838
Parapenaeus politus,377562
Trachysalambria longipes,377687
Pandalus amplus,1337980
Ranina ranina,209574
Gonatopsis makko,342328
Barnea truncata,156750
Pinna nobilis,140780
Solecurtus strigilatus,141544
Ostrea megodon,542159
Swiftopecten swiftii,393354
Pitar rudis,141926
Cabestana cutacea,141099
Steromphala adansonii,1039842
Tonna perdix,208014
Monoplex aquatilis,476516
Natica turtoni,NA
Sotalia fluviatilis,254982
Perinereis cultrifera,130408
Ceramium ciliatum,144537
Pterocladiella nana,376110
Hygophum hygomii,126603
Lutjanus timoriensis,401758
Barbonymus schwanefeldii,1021642
Diomedea antipodensis,405084
Scorpaena elongata,127242
Talismania antillarum,126711
Ariosoma anale,158565
Lutjanus endecacanthus,276533
Acanthurus mata,219651
Oxyurichthys papuensis,126921
Oplopomus oplopomus,219523
Ostorhinchus nigripes,1020825
Peprilus snyderi,276564
Athyonidium chilensis,848271
Brachyplatystoma rousseauxii,1021508
Acartia tonsa,362901
Pagurus prideaux,107239
Duopalatinus peruanus,1014651
Hydrocoloeus minutus,567449
Balanus balanus,106213
Cyrtodaria siliqua,140102
Botryllus schlosseri,103862
Myrichthys tigrinus,275489
Hippoglossina bollmani,275823
Halymenia formosa,211646
Bythaelurus naylori,1042809
Amphioctopus marginatus,534099
Salvelinus alpinus,127188
Allocyttus verrucosus,127422
Chrysoblephus puniceus,218600
Osphronemus goramy,281942
Paralomis formosa,369207
Asterfilopsis furcellata,1372921
Ilisha elongata,281160
Mycteroperca xenarcha,273886
Rhabdosargus sarba,218621
Trigla lyra,127266
Haliotis rubra,445354
Treptacantha barbata,NA
Xema sabini,137167
Poecillastra laminaris,170263
Colossendeis robusta,173208
Thalassarche melanophris,343995
Aaptosyax grypus,1011282
Aetomylaeus maculatus,217428
Amblygaster sirm,217439
Anoplagonus inermis,279630
Archoplites interruptus,1021622
Atherina breviceps,217877
Luciobarbus longiceps,1022203
Batrichthys albofasciatus,221350
Brachyplatystoma vaillantii,279985
Calamus arctifrons,275966
Caspiosoma caspium,126873
Chaetodon capistratus,159661
Chirodactylus grandis,218870
Clarias werneri,1018406
Corydoras paleatus,NA
Culaea inconstans,567530
Daector dowi,280479
Didogobius kochi,273432
Nannoperca vittata,1020471
Epinephelus latifasciatus,218214
Eupleurogrammus muticus,280752
Gammogobius steinitzi,126882
Gobiosoma bosc,159767
Gymnotus pantherinus,1526070
Hemicaranx amblyrhynchus,159640
Pateobatis jenkinsii,1043418
Hypogaleus hyugaensis,220020
Istigobius campbelli,278032
Labracinus cyclophthalmus,281242
Lepidonectes bimaculatus,712815
Linophryne algibarbata,159180
Lutjanus vitta,218483
Melamphaes acanthomus,274924
Mobula rochebrunei,NA
Myroconger compressus,281606
Neocentropogon aeglefinus,278571
Notopogon fernandezianus,278994
Ophioscion adustus,281900
Oxynotus bruniensis,271648
Paralichthys oblongus,NA
Paruroconger drachi,NA
Pholis gunnellus,126996
Plectorhinchus pictus,367252
Porogadus abyssalis,275634
Pyronotanthias parvirostris,1803576
Pteroidichthys amboinensis,282501
Dentiraja lemprieri,712395
Glaucostegus halavi,280874
Saccoderma melanostigma,1014515
Scolopsis bilineata,209219
Seriola hippos,276649
Canthophrys gongota,1026427
Stenogobius beauforti,1018325
Synodontis contractus,1013208
Thryssa malabarica,212288
Trachinotus teraia,273299
Typhlobarbus nudiventris,1012240
Verilus sordidus,283143
Halieutaea stellata,220344
Ethusa ciliatifrons,440433
Linuparus somniosus,210644
Neocrangon communis,423552
Palaemon northropi,421690
Daphnia jollyi,NA
Solenocera melantho,377669
Pantomus affinis,514363
Carpilius maculatus,209151
Gonatus fabricii,153097
Barnea subtruncata,506981
Gari elongata,213519
Latona cuneata,1476861
Crassostrea columbiensis,506703
Zygochlamys delicatula,393701
Rostrimacoma cancellata,879854
Monoplex parthenopeus,476531
Turritellinella tricarinata,1381415
Tonna sulcosa,208013
Monoplex intermedius,476522
Sinum concavum,225301
Sousa chinensis,220226
Perinereis rullieri,130413
Ellisolandia elongata,732248
Orthogonacladia madagascariense,1372951
Aequorea forskalea,117270
Etelis radiosus,276518
Spirula spirula,141548
Diomedea dabbenena,379381
Scorpaena maderensis,274721
Talismania homoptera,126712
Uroconger syringinus,158574
Scolopsis lineata,276786
Benthodesmus tenuis,159834
Oxyurichthys tentacularis,219529
Ostracion cyanurus,219909
Anampses caeruleopunctatus,218920
Paragaleus longicaudatus,1577342
Lepidopsetta polyxystra,281307
Rajella kukujevi,105895
Ebalia tumefacta,107302
Cancer porteri,440381
Pimelodus albofasciatus,1012875
Larus genei,NA
Megabalanus azoricus,106224
Pododesmus patelliformis,138751
Ascidia virginea,103717
Strongylura incisa,275981
Pseudorhombus diplospilus,277077
Hormophysa cuneiformis,372019
Onychostoma macrolepis,1020562
Amphioctopus mototi,535841
Salvelinus namaycush,567548
Mugil liza,273655
Lithognathus lithognathus,218604
Oxyeleotris marmorata,281954
Chionoecetes opilio,107315
Kappaphycus alvarezii,371403
Pellona ditchela,212279
Epinephelus marginatus,127036
Chrysoblephus laticeps,218599
Chelidonichthys kumu,218122
Haliotis tuberculata,140059
Eucheuma denticulatum,213998
Pagophila eburnea,137154
Psammocinia hawere,165068
Colossendeis enigmatica,239966
Procellaria westlandica,225904
Abalistes stellatus,219873
Aetomylaeus milvus,278474
Amblyglyphidodon aureus,277595
Anoplarchus purpurescens,279633
Arcos decoris,279681
Atherina hepsetus,272028
Enteromius macrotaenia,1460148
Bedotia geayi,1383130
Laiopteryx novaezeelandiae,1803669
Calamus bajonado,159241
Cataetyx alleni,126656
Chaetodon hoefleri,126836
Chirodactylus jessicalenorum,218872
Clariger cosmurus,280205
Corymbophanes andersoni,1017909
Culter alburnus,1021471
Dagetichthys lakdoensis,1013541
Dieidolycus leptodermatus,234724
Eeyorius hutchinsi,280587
Epinephelus macrospilos,218202
Euprotomicroides zantedeschia,221457
Gargariscus prionocephalus,280815
Gobitrichinotus radiocularis,280906
Gymnura altavela,105856
Hemicaranx bicolor,276352
Himantura marginata,298785
Brachygobius xanthozona,313948
Ituglanis amazonicus,1019949
Labracoglossa argenteiventris,281245
Lepidoperca pulchella,281303
Liobagrus reinii,1020056
Lutjanus vivanus,159801
Atherinella pachylepis,279806
Mobula tarapacana,105859
Myrophis punctatus,158643
Neoceratias spinifer,159187
Notopogon xenosoma,217974
Stellifer punctatissimus,1668000
Oxynotus caribbaeus,271649
Paralichthys woolmani,275822
Parvilux ingens,282178
Phosichthys argenteus,220007
Plectorhinchus schotaf,218551
Porogobius schlegelii,282320
Pseudanthias squamipinnis,218278
Pterois antennata,NA
Leucoraja lentiginosa,271564
Rhinobatos holcorhynchus,213642
Saccodon dariensis,1017439
Scolopsis bimaculata,712733
Seriola peruana,276650
Somniosus pacificus,271654
Stenotomus caprinus,159810
Synodontis decorus,1016899
Thryssa mystax,275559
Echiichthys vipera,150630
Typhlobelus ternetzi,1014510
Neovespicula depressifrons,281731
Desmodema polystictum,158922
Cardisoma crassum,444442
Linuparus sordidus,382882
Crangon franciscorum,241261
Palaemon kadiakensis,932392
Penaeopsis rectacuta,246387
Solenocera alfonso,377718
Plesionika beebei,514367
Eriphia smithii,440488
Gonatus madokai,341858
Stauroteuthis syrtensis,153122
Heterodonax pacificus,507183
Donax denticulatus,420902
Adamussium colbecki,197021
Zygochlamys patagonica,236717
Dreissena polymorpha,181566
Pseudofusus rostratus,NA
Turritella turbona,141874
Malea pomum,217025
Haustellum haustellum,217157
Nerita senegalensis,224270
Sousa teuszii,254970
Scoletoma impatiens,NA
Cystoclonium purpureum,145615
Coryphaena equiselis,126845
Chrysaora hysoscella,135304
Paracaesio stonei,278688
Stoloteuthis leucoptera,157037
Thalassarche eremita,225779
Serranus atricauda,127040
Talismania longifilis,217604
Paraconger notialis,271791
Plectorhinchus lessonii,273488
Lepidopus dubius,274017
Pseudapocryptes elongatus,282403
Parablennius opercularis,273133
Amphiprion allardi,212771
Gymnura natalensis,215610
Chitala ornata,1022648
Narcine bancroftii,275386
Eualus pusiolus,107507
Rhithropanopeus harrisii,107414
Pimelodus blochii,282263
Hydroprogne caspia,567825
Jaera albifrons,NA
Papyridea soleniformis,225385
Ascidiella aspersa,103718
Strongylura scapularis,275984
Trinectes fimbriatus,275997
Kappaphycus striatus,494822
Mustelus sinusmexicanus,271394
Amphioctopus ovulum,534588
Thymallus thymallus,154375
Joturus pichardi,281205
Lithognathus mormyrus,127055
Gobius niger,126892
Nephropsis stewarti,220231
Palmaria palmata,145771
Salmo salar,127186
Epinephelus aeneus,127032
Pachymetopon aeneum,218606
Chelidonichthys capensis,218120
Thaisella chocolata,714218
Digenea simplex,144808
Rissa tridactyla,137156
Geodia vestigifera,170193
Pseudopallene glutus,NA
Procellaria parkinsoni,225914
Abbottina rivularis,1018726
Aetomylaeus nichofii,278475
Amblygobius albimaculatus,219379
Anoplocapros amygdaloides,277921
Arctogadus glacialis,126432
Atherina presbyter,272030
Labeobarbus marequensis,1026324
Beliops xanthokrossos,279886
Brachypterois serrulata,279987
Calamus brachysomus,275967
Cathorops fuerthii,280043
Chaetodon humeralis,273343
Chirolophis nugator,254577
Clarotes bidorsalis,1014985
Corynopoma riisei,1021310
Cunningtonia longiventralis,1018398
Dallia pectoralis,1020019
Dimidiochromis compressiceps,1018246
Ego zebra,280591
Epinephelus maculatus,273860
Euprotomicrus bispinatus,215608
Garra dembeensis,1022598
Gobius cobitis,126886
Gymnura australis,271474
Hemicaranx leucurus,276353
Fluvitrygon oxyrhynchus,1423356
Hypophthalmus edentatus,281103
Ivindomyrus opdenboschi,1012841
Labrichthys unilineatus,219013
Lepidophanes gaussi,126620
Liobranchia stria,281360
Luvarus imperialis,126974
Melanocetus johnsonii,126556
Mobula thurstoni,217430
Mystacoleucus argenteus,1467482
Neoceratodus forsteri,1421405
Notopterus notopterus,281795
Ophisternon aenigmaticum,405366
Oxyporhamphus convexus,NA
Paraliparis bathybius,127222
Pastinachus sephen,217419
Photoblepharon steinitzi,159366
Plectranthias altipinnatus,NA
Poromitra crassiceps,127273
Pseudaphya ferreri,126934
Pterois radiata,NA
Rajella leopardus,217407
Rhinobatos hynnicephalus,271598
Saccopharynx ampullaceus,127171
Scolopsis ghanam,209222
Seriola rivoliana,126818
Sonorolux fluminis,282832
Stereolepis doederleini,282883
Synodontis eupterus,1016734
Thryssa purava,275561
Trachipterus arcticus,126527
Garra widdowsoni,1014056
Vimba vimba,283150
Trachipterus trachypterus,126528
Johngarthia planata,444454
Linuparus trigonus,210643
Crangon nigricauda,515551
Palaemon paludosus,932400
Penaeopsis serrata,107111
Solenocera alticarinata,210414
Plesionika carinirostris,515473
Bathynectes piperitus,241104
Gonatus kamtschaticus,341857
Anadara antiquata,207754
Hiatula chinensis,747144
Donax dentifer,494703
Flexopecten felipponei,394234
Leopecten stillmani,605760
Mytilopsis leucophaeata,156887
Tarantinaea lignaria,NA
Haliotis asinina,147456
Lotoria lotoria,476511
Murex ternispina,730433
Cymbium cymbium,224552
Stenella attenuata,137105
Diopatra cuprea,157339
Chondracanthus chamissoi,213951
Trachyscorpia cristulata,127256
Caulolatilus chrysops,159403
Pristipomoides auricilla,218512
Euprymna tasmanica,342324
Thalassarche steadi,1348515
Sphyraena viridensis,127069
Talismania mekistonema,126713
Ophichthus ophis,126315
Argyrosomus heinii,273783
Ariomma melana,403239
Oxyurichthys ophthalmonema,219530
Parablennius thysanius,273139
Acanthurus leucosternon,219628
Ovalipes iridescens,442760
Octopus mimus,342001
Chimaera opalescens,712407
Fucus spiralis,145547
Polybius pusillus,151200
Pimelodus punctatus,1017383
Gelochelidon nilotica,148798
Idotea balthica,119039
Phacoides pectinatus,420800
Ascidiella scabra,103719
Tylosurus pacificus,272147
Sphoeroides trichocephalus,275285
Laurencia mcdermidiae,374675
Carpiodes cyprinus,1022879
Amphioctopus polyzenia,534582
Thymallus arcticus,254571
Planiliza haematocheilus,1509599
Lithognathus aureti,218605
Gobius ophiocephalus,NA
Metanephrops andamanicus,220230
Chondrus crispus,145625
Oncorhynchus keta,127183
Epinephelus tauvina,218205
Polysteganus praeorbitalis,218616
Pterygotrigla polyommata,277050
Concholepas concholepas,395353
Callophyllis variegata,162919
Anas crecca,158943
Crella incrustans,169032
Oropallene dimorpha,239812
Procellaria cinerea,212652
Ablabys binotatus,221448
Aetomylaeus vespertilio,217427
Troglichthys rosae,1622411
Anoplogaster cornuta,126393
Argentina elongata,272894
Atherinella argentea,279794
Enteromius mattozi,1042349
Bellapiscis lesleyae,279887
Hiatirhaphis cascajalensis,1803726
Calamus calamus,159242
Catlocarpio siamensis,1019120
Chaetodon striatus,159663
Chironemus georgianus,280157
Cleidopus gloriamaris,280209
Coryogalops adamsoni,273427
Curimata cyprinoides,874267
Dalophis obtusirostris,271934
Porocephalichthys dasyrhynchus,475075
Ehirava fluviatilis,280592
Epinephelus magniscuttis,218235
Euristhmus lepturus,280754
Garra ghorensis,1524184
Gobius cruentatus,126888
Gymnura crebripunctata,271476
Hemicaranx zelotes,276354
Styracura pacifica,1297576
Hypoplectrodes huntii,281106
Japonoconger africanus,281191
Gobioclinus gobio,993099
Lepidopsetta mochigarei,281306
Liopropoma africanum,218258
Luxilus chrysocephalus,1016147
Melanocharacidium blennioides,1017968
Mochokiella paynei,1383699
Brachysomophis porphyreus,279128
Neochanna burrowsius,1016280
Notoraja ochroderma,281797
Ophisurus macrorhynchos,271992
Oligolepis formosanus,1524876
Paraliparis copei,159530
Pataecus fronto,282179
Photocorynus spiniceps,282243
Plectrogenium barsukovi,282284
Poropuntius deauratus,1022191
Pseudapocryptes borneensis,282402
Pterois russelii,218082
Leucoraja leucosticta,271565
Rhinobatos irvinei,271599
Sacura boulengeri,277200
Scolopsis monogramma,276788
Seriola zonata,159650
Sorosichthys ananassa,282833
Sternarchella curvioperculata,NA
Synodontis flavitaeniatus,1016951
Thryssa scratchleyi,275562
Trachonurus sulcatus,158745
Typhlogobius californiensis,283075
Apogonichthyoides chrysurus,475069
Diretmichthys parini,126396
Gecarcinus quadratus,NA
Palinurus charlestoni,241297
Crangon nigromaculata,515552
Palaemon sinensis,932403
Penaeopsis balssi,210383
Solenocera australiana,377661
Plesionika mexicana,515497
Calappa convexa,440299
Gonatus steenstrupi,140027
Anadara biangulata,504306
Nuttallia nuttallii,507187
Donax faba,NA
Aequipecten tehuelchus,394229
Leopecten diegensis,394087
Mytilopsis sallei,397147
Aptyxis syracusana,448924
Haliotis glabra,445330
Monoplex pilearis,476533
Murex trapa,743629
Cymbium glans,225406
Stenella clymene,137106
Holothuria impatiens,NA
Sarcothalia crispata,371718
Cetonurus globiceps,126467
Mullus argentinae,273661
Pristipomoides flavipinnis,276553
Sepiadarium austrinum,342389
Phoebastria irrorata,344105
Synapturichthys kleinii,236492
Aulastomatomorpha phospherops,279832
Herpetoichthys regius,314604
Pseudotolithus epipercus,273785
Antennablennius bifilum,219239
Piaractus mesopotamicus x P. brachypomus,NA
Paracheilinus mccoskeri,219042
Abudefduf sexfasciatus,159289
Ocypode ryderi,207576
Ompok hypophthalmus,1021751
Dorosoma smithi,1014760
Galathea nexa,107152
Brachynotus sexdentatus,107450
Pimelodus yuma,1494011
Chlidonias hybrida,137135
Idotea pelagica,119050
Abra alba,141433
Microcosmus sabatieri,103844
Hyporhamphus australis,272179
Sphoeroides lobatus,275279
Laurencia nidifica,212013
Metynnis maculatus,1021327
Amphioctopus rex,534567
Plecoglossus altivelis,293715
Chelon saliens,1042832
Pachymetopon blochii,218607
Sebastes entomelas,274791
Nephrops norvegicus,107254
Pyropia tenera,626074
Oncorhynchus masou,293637
Epinephelus analogus,273835
Polysteganus coeruleopunctatus,218614
Ophiodon elongatus,240745
Littorina littorea,140262
Centroberyx affinis,276891
Mareca penelope,1464521
Callyspongia (Callyspongia) nuda,1424111
Austropallene brachyura,173035
Procellaria aequinoctialis,212651
Ablennes hians,159246
Mastacembelus flavidus,1013668
Amblypharyngodon melettinus,1012593
Anostomoides atrianalis,1017891
Argentina kagoshimae,272896
Doboatherina balabacensis,1526036
Barbus meridionalis,1022733
Bellator brachychir,276271
Brachysomophis crocodilinus,217560
Calamus penna,159245
Catoprion mento,1019373
Chaetodontoplus ballinae,280113
Chirophryne xenolophus,280160
Cleisthenes pinetorum,280211
Coryphaenoides acrolepis,272313
Curimatopsis cryptica,1383788
Danacetichthys galathenus,280482
Dinolestes lewini,280548
Eigenmannia humboldtii,1020131
Epinephelus merra,218228
Eurycheilichthys pantherinus,1525869
Garra gotyla,1026576
Gobius paganellus,126893
Gymnura japonica,215609
Cetopsis candiru,1022494
Styracura schmardae,1297575
Hypoplectrus chlorurus,281113
Japonolaeops gracilis,1803662
Labroides dimidiatus,219014
Lepidopus fitchi,274018
Liopropoma eukrines,159230
Luxilus cornutus,862600
Melanochromis auratus,1468426
Mochokus brevis,1526150
Mystus cavasius,281615
Neochanna diversus,1383546
Insentiraja subtilispinosa,281181
Ophisurus serpens,126317
Oxyzygonectes dovii,281963
Paraliparis meridionalis,274598
Patagonotothen tessellata,279346
Photonectes albipennis,275171
Plectroglyphidodon dickii,212855
Compsaraia compsa,1010983
Pseudaspius leptocephalus,1023018
Pterois sphex,NA
Rajella lintea,1019159
Pseudobatos lentiginosus,1043479
Sagamia geneionema,282648
Scolopsis taenioptera,276789
Seriolina nigrofasciata,218438
Ratabulus prionotus,1803572
Apteronotus cuchillejo,1014273
Synodontis nigriventris,1015139
Thryssa setirostris,212289
Trachurus delagoa,218445
Typhlonarke aysoni,283076
Vinciguerria attenuata,127302
Paraliparis antarcticus,274548
Johngarthia malpilensis,444453
Panulirus marginatus,382900
Crangon septemspinosa,158355
Palaemon tonkinensis,932380
Penaeus canaliculatus,NA
Solenocera halli,377667
Plesionika trispinus,515523
Calappula saussurei,440315
Gonatus onyx,341859
Anadara corbuloides,138783
Psammotella cruenta,420908
Donax gracilis,494708
Grimothea johni,1607481
Leopecten sericeus,394088
Megalonaias nervosa,857346
Episcomitra cornicula,1060398
Haliotis ovina,445340
Ranularia pyrum,476557
Murex tribulus,743630
Cymbium pepo,384806
Stenella frontalis,137108
Isostichopus fuscus,529516
Mazzaella laminarioides,371711
Plagiogeneion rubiginosum,218467
Chionis albus,225754
Pristipomoides zonatus,218514
Metasepia pfefferi,NA
Aplocheilus panchax,279652
Synodus synodus,126373
Holtbyrnia innesi,158723
Pisodonophis semicinctus,126318
Dentex barnardi,273959
Antennablennius hypenetes,219236
Ictalurus punctatus x I. furcatus,NA
Paragobiodon xanthosoma,219539
Halichoeres scapularis,218990
Ocypode madagascariensis,444989
Ompok miostoma,1018842
Coregonus ussuriensis,274346
Hippolyte varians,107518
Leptochiton asellus,140199
Sorubim cuspicaudus,1010121
Chlidonias niger,137137
Idotea granulosa,119044
Abra prismatica,141436
Cladophora albida,145033
Hyporhamphus regularis,293615
Melichthys vidua,219879
Mazzaella japonica,371700
Myloplus rubripinnis,1021800
Amphioctopus robsoni,534563
Mallotus villosus,126735
Planiliza planiceps,1509464
Polysteganus undulosus,218617
Sebastes paucispinis,274833
Homarus gammarus,107253
Pyropia haitanensis,626047
Oncorhynchus tshawytscha,158075
Epinephelus morio,159354
Evynnis tumifrons,398545
Anoplopoma fimbria,159463
Anadara kagoshimensis,504360
Epinephelus itajara,159353
Anas platyrhynchos,148791
Peprilus medius,276561
Austrodecus simulans,239817
Phoebetria palpebrata,212631
Aborichthys elongatus,1016819
Afronandus sheljuzhkoi,1524916
Amblypharyngodon microlepis,1021679
Anostomus anostomus,1021605
Argentina silus,126715
Atherinops affinis,279812
Enteromius neumayeri,1165239
Bathytroctes macrolepis,126691
Branchiostegus japonicus,276739
Calamus proridens,275973
Catostomus catostomus,158706
Chaetostoma sovichthys,1525121
Chirostoma estor,NA
Cleithracara maronii,405367
Coryphaenoides anguliceps,272316
Cyathochromis obliquidens,1015277
Danakilia franchettii,1015849
Dinoperca petersi,220085
Eigenmannia virescens,1021874
Epinephelus morrhua,218201
Eurymen gyrinus,254565
Garra lamta,1026584
Gobius strictus,126895
Gymnura marmorata,271479
Rubricatochromis bimaculatus,1802010
Fluvitrygon signifer,1524177
Hypoplectrus nigricans,281118
Jeboehlkia gladifer,281197
Labropsis alleni,278463
Lepidopygopsis typus,1014755
Pseudopleuronectes obscurus,275358
Luzonichthys earlei,276712
Pseudotropheus johannii,1012953
Modicus minimus,281586
Mystus gulio,281616
Neocirrhites armatus,281678
Notoraja tobitukai,281798
Ophthalmolycus amberensis,234617
Pachycara brachycephalum,234688
Paraliparis terraenovae,NA
Zungaro jahu,1468456
Photostomias guernei,127372
Plectropomus areolatus,218263
Potamalosa richmondia,282325
Pseudecheneis sulcata,1022207
Pterois volitans,159559
Dipturus macrocauda,271553
Pseudobatos leucorhynchus,1043484
Sagamichthys abei,234630
Scolopsis vosmeri,209217
Seriphus politus,282761
Sorubim trigonocephalus,1016855
Sternarchorhamphus muelleri,1466596
Synodontis nigromaculatus,1016662
Thryssa vitrirostris,NA
Trachurus indicus,218443
Tyrannochromis macrostoma,1016813
Vinciguerria nimbaria,127303
Paraliparis gracilis,234590
Goniopsis pulchra,444459
Panulirus pascuensis,382901
Aegaeon lacazei,107549
Palaemon varians,587704
Penaeus longistylus,NA
Solenocera pectinulata,377673
Paracrangon areolata,515589
Hepatus kossmanni,440266
Histioteuthis bonnellii,140111
Anadara gibbosa,504350
Pinctada capensis,464521
Donax hanleyanus,494710
Ylistrum japonicum,821598
Euvola vogdesi,394078
Pleurobema cordatum,857360
Isara nigra,1063869
Haliotis planata,445437
Distorsio anus,217011
Nassa francolinus,215686
Fissurella coarctata,224281
Steno bredanensis,137110
Echinometra vanbrunti,513244
Gracilaria chilensis,373381
Zameus squamulosus,283206
Neolithodes diomedeae,378126
Gymnocranius euanus,278870
Sepia opipara,NA
Anguilla nebulosa,271708
Trachinus araneus,127081
Holtbyrnia macrops,126740
Mystriophis crosnieri,281611
Argyrops filamentosus,218591
Antennablennius simonyi,278943
Channa maculata x C. argus,NA
Paramonacanthus arabicus,278917
Halichoeres iridis,218997
Platymaia turbynei,210258
Oxygaster pointoni,1015543
Ariopsis seemanni,293653
Inachus dorsettensis,107327
Skenea profunda,141529
Platysilurus mucosus,1017753
Sternula albifrons,567480
Hyperia galba,103251
Arcopagia crassa,141577
Cladophora sericea,145065
Hyporhamphus melanochir,272186
Rhinecanthus rectangulus,219886
Padina gymnospora,145384
Serrasalmus calmoni,NA
Amphioctopus siamensis,534527
Osmerus eperlanus,126736
Atherina boyeri,272027
Sarpa salpa,127064
Sebastes fasciatus,127252
Chaceon quinquedens,158407
Zostera marina,495077
Oncorhynchus mykiss,127185
Epinephelus areolatus,218204
Acanthopagrus schlegelii,293534
Psettodes erumei,219788
Tegillarca granosa,504471
Glossanodon leioglossus,126717
Anser anser,416682
Eubalaena japonica,254974
Notosaria nigricans,235435
Phoebetria fusca,212632
Blicca bjoerkna,154274
Agamyxis pectinifrons,1026624
Amblypharyngodon mola,1012854
Anotopterus pharao,126334
Argentina sphyraena,126716
Atherinopsis californiensis,279813
Enteromius paludinosus,1214761
Bellottia apoda,126654
Bregmaceros atlanticus,126431
Calamus taurinus,275974
Catostomus commersonii,158707
Amblychaeturichthys hexanema,279573
Chirostomias pliopterus,127339
Bodianus parrae,1803573
Coryphaenoides ariommus,272317
Cyathopharynx furcifer,1019098
Danaphos oculatus,280483
Bathyclarias atribranchus,1013747
Einara edentula,126700
Hyporthodus mystacinus,475099
Eurypegasus draconis,218161
Garra mullya,1026398
Pomatoschistus flavescens,1526389
Gymnura micrura,158529
Hemichromis fasciatus,581701
Maculabatis toshi,1042869
Hypoplectrus unicolor,281121
Jenkinsia lamprotaenia,281198
Labrus bergylta,126965
Lepidorhynchus denticulatus,281308
Lioscorpius longiceps,281363
Lycenchelys melanostomias,274072
Melanonus gracilis,221402
Moenkhausia intermedia,1012706
Mystus tengara,1022781
Neoclinus blanchardi,281679
Notoscopelus bolini,158913
Ophthalmolycus bothriocephalus,234743
Pachychilon macedonicum,1019559
Paraliparis trilobodon,234780
Pavoclinus graminis,219224
Photostylus pycnopterus,126707
Plectropomus laevis,218260
Potamorhina laticeps,1418637
Pseudechidna brummeri,217528
Gnatholebias hoignei,NA
Raja maderensis,105884
Acroteriobatus leucospilus,1016293
Neosalangichthys ishikawae,1017446
Scomberoides commersonnianus,218432
Serraniculus pumilio,282762
Sorubimichthys planiceps,1020608
Sternarchorhynchus curvirostris,1467198
Synodontis njassae,1383135
Thryssa whiteheadi,275565
Trachurus novaezelandiae,273304
Tyson belos,283079
Vinciguerria poweriae,127304
Brama australis,273146
Sesarma sulcatum,444686
Panulirus stimpsoni,382903
Pontocaris pennata,220373
Palaemon vulgaris,932406
Penaeus marginatus,NA
Mesopenaeus tropicalis,377474
Sclerocrangon atrox,515672
Hepatus lineatus,440267
Stigmatoteuthis dofleini,410402
Anadara ferruginea,504349
Pinctada chemnitzii,207898
Donax incarnatus,NA
Amusium pleuronectes,215388
Ensis magnus,160539
Ellipsaria lineolata,857261
Episcomitra zonata,1060402
Haliotis varia,207654
Distorsio reticularis,476487
Nassa serta,215680
Tectus dentatus,988483
Trichechus manatus,159509
Bohadschia vitiensis,210759
Gelidium chilense,373658
Paralithodes camtschaticus,233889
Argonauta nodosus,1530663
Gymnocranius grandoculis,218579
Valencia hispanica,1022014
Hemibagrus wyckii,1021363
Trachinus radiatus,127083
Maulisia mauli,126742
Mystriophis rostellatus,281612
Pagrus africanus,273975
Antennablennius variopunctatus,219237
Pseudoplatystoma corruscans x P. reticulatum,NA
Paramonacanthus choirocephalus,278918
Halichoeres poeyi,275790
Neosarmatium meinerti,207563
Schizothorax davidi,1019700
Ariopsis guatemalensis,293651
Macropodia rostrata,107345
Pusillina tumidula,986822
Pseudoplatystoma magdaleniatum,1008562
Thalasseus sandvicensis,413044
Microdeutopus gryllotalpa,102048
Tridonta montagui,146518
Rhizoclonium riparium,145075
Hyporhamphus dussumieri,213175
Rhinecanthus verrucosus,219888
Pyropia dentata,626040
Hemiodus semitaeniatus,1021308
Amphioctopus varunae,534516
Osmerus mordax,126737
Menidia menidia,159228
Acanthopagrus berda,218588
Sebastes goodei,274798
Haliotis rufescens,445357
Alopias superciliosus,105835
Salvelinus fontinalis,154241
Polyprion americanus,126998
Acanthopagrus latus,218587
Psettodes belcheri,276823
Ex Unionidae,NA
Ilisha megaloptera,281166
Anser brachyrhynchus,416683
Chionoecetes japonicus,442163
Smittoidea ornatipectoralis,174404
Fulmarus glacialoides,212638
Abramites eques,1020154
Tympanopleura atronasus,1467484
Amblypomacentrus breviceps,279576
Anoxypristis cuspidata,217374
Argonectes longiceps,1013996
Leptatherina wallacei,281310
Enteromius perince,1165237
Belobranchus belobranchus,279889
Breitensteinia insignis,1019966
Callanthias japonicus,273153
Catostomus latipinnis,1383080
Chagunius chagunio,1026488
Chitala chitala,1026796
Clevelandia ios,280215
Coryphaenoides armatus,158952
Cycleptus elongatus,1022872
Danaphryne nigrifilis,159201
Diodon hystrix,127403
Eirmotus octozona,1010586
Hyporthodus nigritus,475100
Eurypharynx pelecanoides,127165
Garra rufa,1312572
Gobulus crescentalis,280908
Gymnura poecilura,215611
Hemiculter leucisculus,281021
Himantura uarnak,105854
Hypopleuron caninum,281122
Jenkinsia stolifera,281201
Labrus mixtus,151501
Lepidosiren paradoxa,1019375
Liosomadoras oncinus,1022277
Lycenchelys verrillii,159258
Melanorhinus cyanellus,281545
Mogurnda aiwasoensis,1010740
Mystus vittatus,281620
Neoconger tuberculatus,275440
Indonotothenia cyanobrancha,318638
Ophthalmotilapia boops,1018931
Pachymetopon grande,218608
Lipophrys trigloides,302165
Pavoraja alleni,282180
Delminichthys adspersus,1022152
Plectropomus leopardus,218261
Potamorrhaphis eigenmanni,1017154
Pseudepapterus cucuhyensis,1014162
Aetomylaeus asperrimus,1019180
Okamejei meerdervoortii,279185
Rhinobatos lionotus,271601
Salanx ariakensis,282651
Scomberoides lysan,218434
Serranochromis angusticeps,1018233
Spaniblennius riodourensis,282835
Sternoptyx diaphana,127314
Synodontis notatus,1019438
Thryssocypris ornithostoma,1011281
Trachelyopterus cratensis,NA
Tyttocharax madeirae,1383161
Tilodon sexfasciatus,315843
Sphyraena qenie,212049
Maiopsis panamensis,442021
Panulirus guttatus,382896
Pontophilus spinosus,107564
Palaemon antennarius,932381
Grimothea monodon,1607502
Solenocera acuminata,377657
Metacrangon procax,515575
Grimothea gregaria,392883
Histioteuthis reversa,181381
Larkinia grandis,504443
Pinctada imbricata,207901
Donax obesulus,494717
Mimachlamys asperrima,393724
Ensis ensis,140733
Margaritifera margaritifera,571967
Pusia ebenus,NA
Patelloida saccharina,220948
Bufonaria crumena,476439
Purpura panama,208652
Tricornis tricornis,531848
Trichechus senegalensis,255027
Holothuria coluber,NA
Gelidium rex,373660
Paralithodes platypus,254493
Eudyptes chrysocome,212657
Lethrinus amboinensis,278631
Bathydraco scotiae,234736
Channa lucius,1016705
Heterocarpus grimaldii,107645
Maulisia microlepis,126743
Myrophis plumbeus,275495
Spicara altum,1577356
Blennius normani,273121
Leiarius marmoratus x Pseudoplatystoma reticulatum,NA
Paramonacanthus oblongus,278926
Epinephelus melanostigma,218242
Charybdis longicollis,NA
Schizothorax cryptolepis,1012026
Gymnothorax equatorialis,271832
Munida sarsi,107163
Limaria hians,140235
Pseudoplatystoma metaense,1008706
Sterna dougallii,137160
Corophium volutator,102101
Astarte sulcata,138824
Ulva linza,234474
Cypselurus angusticeps,278729
Sufflamen verres,276853
Pyropia suborbiculata,699639
Curimatopsis evelynae,1013536
Larus armenicus,343904
Hypomesus olidus,254556
Polydactylus quadrifilis,276599
Stenotomus chrysops,159811
Scorpaena scrofa,127248
Haliotis midae,207660
Isurus paucus,105840
Salvelinus malma,254570
Polyprion oxygeneios,221430
Spicara maena,126828
Arnoglossus laterna,127126
Pinctada maxima,464492
Mustelus antarcticus,271380
Anser fabalis,416685
Chaceon fenneri,394996
Smittina anecdota,174366
Ardenna gravis,NA
Acanthemblemaria spinosa,254883
Tympanopleura brevis,1466598
Amblyrhynchichthys truncatus,1021827
Antennablennius adenensis,278941
Argyripnus atlanticus,127305
Atherion africanum,310963
Barbus plebejus,1022195
Belodontichthys dinema,1021317
Brephostoma carpenteri,279989
Callechelys catostoma,217563
Catostomus macrocheilus,567524
Chalaroderma capito,219254
Chitonotus pugetensis,280162
Clidoderma asperrimum,280216
Coryphaenoides carminifer,272324
Cyclichthys spilostylus,219967
Devario aequipinnatus,1026864
Diogenichthys atlanticus,126599
Ekemblemaria myersi,280594
Hyporthodus niveatus,475101
Eurypleuron owasianum,217831
Garra tibanica,1014756
Goeldiella eques,1021879
Gymnura tentaculata,298791
Hemidoras morrisi,1016319
Himantura undulata,217413
Hypopomus artedi,1021436
Jenynsia lineata,1022231
Lachneratus phasmaticus,218368
Lepidotrigla brachyoptera,274885
Liparis callyodon,274505
Lycengraulis batesii,281445
Melanostigma atlanticum,127120
Guttigadus globosus,275876
Myxine glutinosa,101170
Neocyema erythrosoma,221437
Notropis atherinoides,567536
Pholidapus dybowskii,282240
Pachypanchax omalonotus,1020911
Paralonchurus brasiliensis,282063
Brochiraja asperula,279994
Chrosomus cumberlandensis,1012646
Plectropomus pessuliferus,218265
Potamothrissa acutirostris,1019116
Tachysurus aurantiacus,1804088
Aetomylaeus bovinus,871951
Leucoraja melitensis,105875
Glaucostegus obtusus,1022265
Salaria basilisca,126780
Scomberoides tala,277037
Serranocirrhitus latus,282763
Sparisoma aurofrenatum,273772
Sternoptyx pseudobscura,127315
Synodontis pleurops,1019218
Thymallus brevirostris,1020060
Trachelyopterus striatulus,1020245
Uaru amphiacanthoides,1020068
Virididentex acromegalus,283157
Sphyraena putnamae,212050
Amphithrax armatus,1258710
Panulirus laevicauda,382899
Sclerocrangon salebrosa,423741
Chlorotocus crassicornis,107642
Protrachypene precipua,377569
Cryptopenaeus catherinae,246274
Hymenocera picta,210554
Argonauta argo,138803
Histioteuthis corona,140112
Anadara mazatlanica,504320
Pinctada mazatlanica,464493
Donax punctatostriatus,494720
Chlamys hastata,367964
Ensis macha,413610
Margaritifera falcata,857186
Bolinus brandaris,140389
Patelloida striata,456641
Bufonaria rana,216963
Purpura persica,208648
Chicoreus virgineus,558788
Ursus maritimus,137085
Holothuria leucospilota,1672774
Gelidium lingulatum,373659
Paralithodes brevipes,254494
Crassostrea tulipa,506706
Lethrinus erythracanthus,212066
Careproctus continentalis,274417
Clarias nieuhofii,1018433
Megabalanus tintinnabulum,106225
Sagamichthys schnakenbecki,126748
Phaenomonas foresti,NA
Monodactylus sebae,278304
Blenniella periophthalmus,219249
Megaleporinus macrocephalus,1524119
Paramugil parmatus,398552
Epinephelus spilotoceps,218244
Charybdis bimaculata,NA
Schizothorax prenanti,1015896
Gymnothorax phalarus,271868
Notoscopelus kroyeri,272728
Macoma balthica,141579
Pseudoplatystoma orinocoense,1384409
Stercorarius longicaudus,137171
Parajassa pelagica,102440
Varicorbula gibba,378492
Ulva compressa,234462
Cypselurus opisthopus,278734
Mesopodopsis orientalis,226780
Pyropia vietnamensis,626079
Curimatopsis macrolepis,1015810
Microcarbo pygmaeus,1494896
